,abstract,keyword0,keyword1,keyword2,keyword3,keyword4,keyword5,keyword6,keyword7,keyword8,keyword9,keyword10,keyword11,keyword12,keyword13,introduction,conclusion,text,word freq. in sentence
0,0.4805781391147246,0.0,0.0,0.0,0.0,0.0,0.0,0.0,0.0,0.0,0.0,0.0,0.0,0.0,0.0,0.20722375267829815,0.2183342972816657,0.05114911571954394,0.08281829419035851
1,1.0,0.0,0.0,0.0,0.0,0.0,0.0,0.0,0.0,0.0,0.0,0.0,0.0,0.0,0.0,0.407585791691752,0.3655190962883271,0.10206256543186386,0.13535228677379488
2,0.3663911845730028,0.0,0.0,0.0,0.0,0.0,0.0,0.0,0.0,0.0,0.0,0.0,0.0,0.0,0.0,0.07797143734643736,0.1330005871990605,0.02192765330088083,0.027812113720642778
3,0.5911111111111111,0.0,0.0,0.0,0.0,0.0,0.0,0.0,0.0,0.0,0.0,0.0,0.0,0.0,0.0,0.23234441732763883,0.3441595441595442,0.05842806344874244,0.11464771322620522
4,0.6981627296587927,0.0,0.0,0.0,0.0,0.0,0.0,0.0,0.0,0.0,0.0,0.0,0.0,0.0,0.0,0.2315673456977805,0.29674340258281867,0.06570043579607174,0.11217552533992586
5,1.0,0.0,0.0,0.0,0.0,0.0,0.0,0.0,0.0,0.0,0.0,0.0,0.0,0.0,0.0,0.38211167971101745,0.6091984938138785,0.10935475338599826,0.18881334981458597
6,0.7504340277777778,0.0,0.0,0.0,0.0,0.0,0.0,0.0,0.0,0.0,0.0,0.0,0.0,0.0,0.0,0.33392775838518746,0.42084726867335565,0.0875852096674241,0.20673671199011132
7,0.7504340277777778,0.0,0.0,0.0,0.0,0.0,0.0,0.0,0.0,0.0,0.0,0.0,0.0,0.0,0.0,0.23118075580512978,0.2525083612040134,0.06568394884875266,0.10877626699629177
8,0.9515993265993267,0.0,0.0,0.0,0.0,0.0,0.0,0.0,0.0,0.0,0.0,0.0,0.0,0.0,0.0,0.3061962912709182,0.3680931744312026,0.1093810730357312,0.08189122373300374
9,0.22911283376399658,0.0,0.0,0.0,0.0,0.0,0.0,0.0,0.0,0.0,0.0,0.0,0.0,0.0,0.0,0.35901515151515156,0.25069175428887663,0.07296624166724092,0.11711990111248456
10,0.3333333333333333,0.0,0.0,0.0,0.0,0.0,0.0,0.0,0.0,0.0,0.0,0.0,0.0,0.0,0.0,0.458534015653221,0.32490586336740185,0.11664694134013266,0.17768850432632885
11,0.0,0.0,0.0,0.0,0.0,0.0,0.0,0.0,0.0,0.0,0.0,0.0,0.0,0.0,0.0,0.2581604636973765,0.1720797720797721,0.05842806344874244,0.09023485784919656
12,0.18169398907103826,0.0,0.0,0.0,0.0,0.0,0.0,0.0,0.0,0.0,0.0,0.0,0.0,0.0,0.0,0.18162655219990803,0.131993006993007,0.043852011487341316,0.10568603213844255
13,0.06007226738934057,0.0,0.0,0.0,0.0,0.0,0.0,0.0,0.0,0.0,0.0,0.0,0.0,0.0,0.0,0.20722375267829815,0.08733371891266628,0.021914430919695912,0.05346106304079112
14,0.28201865988125535,0.0,0.0,0.0,0.0,0.0,0.0,0.0,0.0,0.0,0.0,0.0,0.0,0.0,0.0,0.4089398973119904,0.24713584288052373,0.10211192590989275,0.16841779975278126
15,0.0,0.0,0.0,0.0,0.0,0.0,0.0,0.0,0.0,0.0,0.0,0.0,0.0,0.0,0.0,0.20722375267829815,0.13100057836899942,0.036531773319619924,0.06025957972805935
16,0.17051282051282055,0.0,0.0,0.0,0.0,0.0,0.0,0.0,0.0,0.0,0.0,0.0,0.0,0.0,0.0,0.38401905914385115,0.16593406593406593,0.08024524751086189,0.1433868974042028
17,0.22911283376399658,0.0,0.0,0.0,0.0,0.0,0.0,0.0,0.0,0.0,0.0,0.0,0.0,0.0,0.0,0.35901515151515156,0.2089097952407305,0.08756378631222146,0.1251545117428925
18,0.2979390681003584,0.0,0.0,0.0,0.0,0.0,0.0,0.0,0.0,0.0,0.0,0.0,0.0,0.0,0.0,0.23273491214667688,0.21670493685419057,0.05844292182553993,0.08096415327564899
19,0.28201865988125535,0.0,0.0,0.0,0.0,0.0,0.0,0.0,0.0,0.0,0.0,0.0,0.0,0.0,0.0,0.4089398973119904,0.2059465357337698,0.10211192590989275,0.14493201483312737
20,0.059111111111111114,0.0,0.0,0.0,0.0,0.0,0.0,0.0,0.0,0.0,0.0,0.0,0.0,0.0,0.0,0.2581604636973765,0.08603988603988605,0.06573343204084182,0.07725587144622995
21,0.28418803418803423,0.0,0.0,0.0,0.0,0.0,0.0,0.0,0.0,0.0,0.0,0.0,0.0,0.0,0.0,0.38401905914385115,0.16593406593406593,0.08754237262677973,0.08467243510506801
22,0.059111111111111114,0.0,0.0,0.0,0.0,0.0,0.0,0.0,0.0,0.0,0.0,0.0,0.0,0.0,0.0,0.2581604636973765,0.08603988603988605,0.05842806344874244,0.06922126081582203
23,0.39939939939939945,0.0,0.0,0.0,0.0,0.0,0.0,0.0,0.0,0.0,0.0,0.0,0.0,0.0,0.0,0.8202746365105008,0.22054527750730285,0.10896137844578872,0.1653275648949321
24,0.7183641975308642,0.0,0.0,0.0,0.0,0.0,0.0,0.0,0.0,0.0,0.0,0.0,0.0,0.0,0.0,0.7255358462675537,0.3771228771228771,0.11634016087952004,0.21755253399258354
25,0.3308457711442786,0.0,0.0,0.0,0.0,0.0,0.0,0.0,0.0,0.0,0.0,0.0,0.0,0.0,0.0,0.4832081141998498,0.2419871794871795,0.07287572701611646,0.10692212608158226
26,0.5167055167055168,0.0,0.0,0.0,0.0,0.0,0.0,0.0,0.0,0.0,0.0,0.0,0.0,0.0,0.0,0.7016582765768434,0.30367018602312723,0.10181642947481612,0.12113720642768853
27,0.4683098591549296,0.0,0.0,0.0,0.0,0.0,0.0,0.0,0.0,0.0,0.0,0.0,0.0,0.0,0.0,0.6777028029067181,0.3438765182186235,0.12367324263017303,0.11681087762669969
28,0.40211640211640215,0.0,0.0,0.0,0.0,0.0,0.0,0.0,0.0,0.0,0.0,0.0,0.0,0.0,0.0,0.7967049132097677,0.2219500244977952,0.11625675682280263,0.12268232385661312
29,0.4728888888888889,0.0,0.0,0.0,0.0,0.0,0.0,0.0,0.0,0.0,0.0,0.0,0.0,0.0,0.0,0.2581604636973765,0.30113960113960114,0.05842806344874244,0.09023485784919658
30,0.5236220472440946,0.0,0.0,0.0,0.0,0.0,0.0,0.0,0.0,0.0,0.0,0.0,0.0,0.0,0.0,0.308756460930374,0.2543514879281303,0.08030457373131651,0.15080346106304085
31,0.46544181977252846,0.0,0.0,0.0,0.0,0.0,0.0,0.0,0.0,0.0,0.0,0.0,0.0,0.0,0.0,0.308756460930374,0.2119595732734419,0.08030457373131651,0.12762669962917184
32,0.11728395061728394,0.0,0.0,0.0,0.0,0.0,0.0,0.0,0.0,0.0,0.0,0.0,0.0,0.0,0.0,0.2835008375209381,0.08540723981900453,0.07302064859894233,0.10135970333745366
33,0.45822566752799315,0.0,0.0,0.0,0.0,0.0,0.0,0.0,0.0,0.0,0.0,0.0,0.0,0.0,0.0,0.35901515151515156,0.2924737133370227,0.09486255863471175,0.15451174289245986
34,0.11280746395250212,0.0,0.0,0.0,0.0,0.0,0.0,0.0,0.0,0.0,0.0,0.0,0.0,0.0,0.0,0.4089398973119904,0.12356792144026187,0.04374809668853548,0.027503090234857867
35,0.2189300411522634,0.0,0.0,0.0,0.0,0.0,0.0,0.0,0.0,0.0,0.0,0.0,0.0,0.0,0.0,0.5078007800780078,0.12015915119363396,0.09472434923996667,0.04480840543881336
36,0.054330065359477125,0.0,0.0,0.0,0.0,0.0,0.0,0.0,0.0,0.0,0.0,0.0,0.0,0.0,0.0,0.5323124157555789,0.03977871443624868,0.05097780586946595,0.030593325092707062
37,0.5683760683760685,0.0,0.0,0.0,0.0,0.0,0.0,0.0,0.0,0.0,0.0,0.0,0.0,0.0,0.0,0.38401905914385115,0.33186813186813185,0.08754237262677973,0.15173053152039562
38,0.061065197428833796,0.0,0.0,0.0,0.0,0.0,0.0,0.0,0.0,0.0,0.0,0.0,0.0,0.0,0.0,0.1559428746928747,0.044333529066353496,0.0365516068913973,0.032447466007416575
39,0.25655864197530864,0.0,0.0,0.0,0.0,0.0,0.0,0.0,0.0,0.0,0.0,0.0,0.0,0.0,0.0,0.7255358462675537,0.263986013986014,0.06542116656671386,0.07756489493201482
40,0.42050587172538395,0.0,0.0,0.0,0.0,0.0,0.0,0.0,0.0,0.0,0.0,0.0,0.0,0.0,0.0,0.20722375267829815,0.26200115673799884,0.05114911571954394,0.06427688504326332
41,0.4137777777777778,0.0,0.0,0.0,0.0,0.0,0.0,0.0,0.0,0.0,0.0,0.0,0.0,0.0,0.0,0.2581604636973765,0.30113960113960114,0.05842806344874244,0.06489493201483316
42,0.3358585858585859,0.0,0.0,0.0,0.0,0.0,0.0,0.0,0.0,0.0,0.0,0.0,0.0,0.0,0.0,0.4337780793004674,0.24539544962080173,0.09479340717124579,0.11341161928306553
43,0.2979390681003584,0.0,0.0,0.0,0.0,0.0,0.0,0.0,0.0,0.0,0.0,0.0,0.0,0.0,0.0,0.23273491214667688,0.21670493685419057,0.05844292182553993,0.07385661310259584
44,0.3633879781420765,0.0,0.0,0.0,0.0,0.0,0.0,0.0,0.0,0.0,0.0,0.0,0.0,0.0,0.0,0.18162655219990803,0.175990675990676,0.043852011487341316,0.03770086526576021
45,0.3384223918575064,0.0,0.0,0.0,0.0,0.0,0.0,0.0,0.0,0.0,0.0,0.0,0.0,0.0,0.0,0.4089398973119904,0.24713584288052373,0.10940740456256241,0.08158220024721884
46,0.5683760683760685,0.0,0.0,0.0,0.0,0.0,0.0,0.0,0.0,0.0,0.0,0.0,0.0,0.0,0.0,0.38401905914385115,0.41483516483516486,0.08754237262677973,0.11557478368356001
47,0.1618004866180049,0.41891891891891897,0.8372093023255814,0.5,0.8,0.48913043478260865,0.0,0.4230769230769231,0.49074074074074076,0.48863636363636365,0.4861111111111111,0.0,0.0,0.0,0.0,0.12653259569377992,0.19754055468341186,0.1529632861265857,0.14338689740420277
48,0.17592592592592593,0.5961538461538463,0.0,0.0,0.0,0.0,0.0,0.5892857142857142,0.0,0.0,0.0,0.0,0.0,0.0,0.0,0.12886401705497183,0.1281108597285068,0.07302064859894233,0.041718170580964165
49,0.3259803921568628,0.861111111111111,0.0,0.0,0.0,1.0,0.0,0.8684210526315789,1.0,1.0,1.0,1.0,1.0,1.0,1.0,0.22813389246667667,0.27845100105374077,0.14571215296259535,0.15420271940667496
50,0.16666666666666666,0.4696969696969697,0.0,0.0,0.0,0.5357142857142857,0.0,0.4714285714285714,0.53,0.5375000000000001,0.546875,0.5394736842105262,0.5272727272727272,0.5416666666666666,0.5428571428571428,0.1783187838651415,0.16245293168370092,0.12393912929426705,0.1266996291718171
51,0.22911283376399658,0.0,0.0,0.0,0.0,0.0,0.0,0.0,0.0,0.0,0.0,0.0,0.0,0.0,0.0,0.2051515151515152,0.2089097952407305,0.09486255863471175,0.18819530284301614
52,0.5060882800608828,0.0,0.0,0.0,0.0,0.0,0.0,0.0,0.0,0.0,0.0,0.0,0.0,0.0,0.0,0.44887284514513043,0.5584319526627219,0.21807673353779025,0.35599505562422756
53,0.16792929292929296,0.0,0.0,0.0,0.0,0.0,0.0,0.0,0.0,0.0,0.0,0.0,0.0,0.0,0.0,0.2551635760590985,0.20449620801733479,0.11667490596797392,0.07231149567367123
54,0.7276936026936027,0.0,0.0,0.0,0.0,0.0,0.0,0.0,0.0,0.0,0.0,0.0,0.0,0.0,0.0,0.331712648876828,0.4498916576381365,0.11667490596797392,0.20024721878862797
55,0.22561492790500423,1.0,0.972972972972973,0.603448275862069,0.9655172413793104,0.5625,0.9565217391304347,1.0,0.5520833333333334,0.5657894736842105,0.5833333333333334,0.5694444444444444,0.5471698113207547,0.0,0.0,0.2300286922379946,0.2059465357337698,0.10940740456256241,0.11217552533992585
56,0.1618004866180049,0.0,0.0,0.0,0.0,0.0,0.0,0.0,0.0,0.0,0.0,0.0,0.0,0.0,0.0,0.20245215311004786,0.2370486656200942,0.1529632861265857,0.19468479604449954
57,0.3333333333333333,0.0,0.0,0.0,0.0,0.0,0.0,0.0,0.0,0.0,0.0,0.0,0.0,0.0,0.0,0.25474111980734504,0.20306616460462618,0.12393912929426705,0.20364647713226217
58,0.5115384615384616,0.0,0.0,0.0,0.0,0.0,0.0,0.0,0.0,0.0,0.0,0.0,0.0,0.0,0.0,0.30721524731508093,0.41483516483516486,0.1021366228586154,0.17459826946847964
59,0.0,0.0,0.0,0.0,0.0,0.0,0.0,0.0,0.0,0.0,0.0,0.0,0.0,0.0,0.0,0.05198095823095824,0.0,0.0365516068913973,0.02719406674907294
60,0.12314814814814816,0.0,0.0,0.0,0.0,0.0,0.0,0.0,0.0,0.0,0.0,0.0,0.0,0.0,0.0,0.07810336871250577,0.0893491124260355,0.029247899692152704,0.05902348578491968
61,0.06157407407407408,0.0,0.0,0.0,0.0,0.0,0.0,0.0,0.0,0.0,0.0,0.0,0.0,0.0,0.0,0.05206891247500385,0.0893491124260355,0.029247899692152704,0.019777503090234863
62,0.0,0.0,0.0,0.0,0.0,0.0,0.0,0.0,0.0,0.0,0.0,0.0,0.0,0.0,0.0,0.02590296908478727,0.0,0.05114911571954394,0.023176761433868986
63,0.2345679012345679,0.0,0.0,0.0,0.0,0.0,0.0,0.0,0.0,0.0,0.0,0.0,0.0,0.0,0.0,0.12886401705497183,0.21351809954751133,0.07302064859894233,0.1597651421508035
64,0.059111111111111114,0.0,0.0,0.0,0.0,0.0,0.0,0.0,0.0,0.0,0.0,0.0,0.0,0.0,0.0,0.05163209273947529,0.043019943019943024,0.06573343204084182,0.04604449938195304
65,0.17733333333333334,0.0,0.0,0.0,0.0,0.0,0.0,0.0,0.0,0.0,0.0,0.0,0.0,0.0,0.0,0.1548962782184259,0.043019943019943024,0.06573343204084182,0.08096415327564899
66,0.0,0.0,0.0,0.0,0.0,0.0,0.0,0.0,0.0,0.0,0.0,0.0,0.0,0.0,0.0,0.026211863094316248,0.0,0.0,0.0012360939431396792
67,0.1802168021680217,0.0,0.0,0.0,0.0,0.0,0.0,0.0,0.0,0.0,0.0,0.0,0.0,0.0,0.0,0.15541781450872363,0.2183342972816657,0.05114911571954394,0.0954882571075402
68,0.3410256410256411,0.0,0.0,0.0,0.0,0.0,0.0,0.0,0.0,0.0,0.0,0.0,0.0,0.0,0.0,0.17920889426713055,0.2489010989010989,0.1021366228586154,0.1736711990111249
69,0.3028233151183971,0.0,0.0,0.0,0.0,0.0,0.0,0.0,0.0,0.0,0.0,0.0,0.0,0.0,0.0,0.18162655219990803,0.263986013986014,0.043852011487341316,0.09610630407911004
70,0.0,0.0,0.0,0.0,0.0,0.0,0.0,0.0,0.0,0.0,0.0,0.0,0.0,0.0,0.0,0.026167285095856526,0.0,0.007316940048608369,0.01236093943139679
71,0.5095785440613027,0.0,0.0,0.0,0.0,0.0,0.0,0.0,0.0,0.0,0.0,0.0,0.0,0.0,0.0,0.374667945690673,0.5620347394540943,0.21085492418079207,0.26143386897404214
72,0.35185185185185186,0.0,0.0,0.0,0.0,0.0,0.0,0.0,0.0,0.0,0.0,0.0,0.0,0.0,0.0,0.15463682046596622,0.21351809954751133,0.07302064859894233,0.11526576019777503
73,0.4992492492492493,0.0,0.0,0.0,0.0,0.0,0.0,0.0,0.0,0.0,0.0,0.0,0.0,0.0,0.0,0.397708914671758,0.36757546251217144,0.23251061279210086,0.2676143386897405
74,0.23835125448028674,0.0,0.0,0.0,0.0,0.0,0.0,0.0,0.0,0.0,0.0,0.0,0.0,0.0,0.0,0.18101604278074868,0.30338691159586684,0.05844292182553993,0.11526576019777507
75,0.3978632478632479,0.0,0.0,0.0,0.0,0.0,0.0,0.0,0.0,0.0,0.0,0.0,0.0,0.0,0.0,0.2304114354863107,0.2903846153846154,0.1021366228586154,0.1214462299134735
76,0.17876344086021506,0.0,0.0,0.0,0.0,0.0,0.0,0.0,0.0,0.0,0.0,0.0,0.0,0.0,0.0,0.18101604278074868,0.21670493685419057,0.05844292182553993,0.07911001236093945
77,0.5433006535947713,0.0,0.0,0.0,0.0,0.0,0.0,0.0,0.0,0.0,0.0,0.0,0.0,0.0,0.0,0.40557136438520297,0.3977871443624868,0.14571215296259535,0.19468479604449945
78,0.289760348583878,0.0,0.0,0.0,0.0,0.0,0.0,0.0,0.0,0.0,0.0,0.0,0.0,0.0,0.0,0.4191797785547786,0.46319018404907975,0.26853859945797387,0.23609394313967874
79,0.05640373197625106,0.0,0.0,0.0,0.0,0.0,0.0,0.0,0.0,0.0,0.0,0.0,0.0,0.0,0.0,0.1789112050739958,0.08237861429350792,0.10940740456256241,0.06922126081582203
80,0.1154513888888889,0.0,0.0,0.0,0.0,0.0,0.0,0.0,0.0,0.0,0.0,0.0,0.0,0.0,0.0,0.15412050387008652,0.16833890746934227,0.0875852096674241,0.06613102595797285
81,0.1094650205761317,0.0,0.0,0.0,0.0,0.0,0.0,0.0,0.0,0.0,0.0,0.0,0.0,0.0,0.0,0.10156015601560157,0.08010610079575597,0.13845775057716045,0.09332509270704577
82,0.23835125448028674,0.0,0.0,0.0,0.0,0.0,0.0,0.0,0.0,0.0,0.0,0.0,0.0,0.0,0.0,0.1551566080977846,0.1733639494833525,0.05844292182553993,0.08621755253399262
83,0.22735042735042738,0.0,0.0,0.0,0.0,0.0,0.0,0.0,0.0,0.0,0.0,0.0,0.0,0.0,0.0,0.20481016487672063,0.20741758241758243,0.1021366228586154,0.09888751545117433
84,0.12213039485766759,0.0,0.0,0.0,0.0,0.0,0.0,0.0,0.0,0.0,0.0,0.0,0.0,0.0,0.0,0.05198095823095824,0.1330005871990605,0.0365516068913973,0.027194066749072942
85,0.11280746395250212,0.0,0.0,0.0,0.0,0.0,0.0,0.0,0.0,0.0,0.0,0.0,0.0,0.0,0.0,0.1022349743279976,0.08237861429350792,0.10940740456256241,0.04635352286773797
86,0.05277777777777778,0.0,0.0,0.0,0.0,0.0,0.0,0.0,0.0,0.0,0.0,0.0,0.0,0.0,0.0,0.15109358726380004,0.07743589743589745,0.17469709237424963,0.05686032138442526
87,0.0,0.0,0.0,0.0,0.0,0.0,0.0,0.0,0.0,0.0,0.0,0.0,0.0,0.0,0.0,0.05215716486902928,0.0,0.02194088764802157,0.012051915945611872
88,0.0,0.0,0.0,0.0,0.0,0.0,0.0,0.0,0.0,0.0,0.0,0.0,0.0,0.0,0.0,0.0,0.0,0.007316940048608369,0.002163164400494438
89,0.0,0.0,0.0,0.0,0.0,0.0,0.0,0.0,0.0,0.0,0.0,0.0,0.0,0.0,0.0,0.025772803410994367,0.08540723981900453,0.07302064859894233,0.052843016069221274
90,0.061065197428833796,0.0,0.0,0.0,0.0,0.0,0.0,0.0,0.0,0.0,0.0,0.0,0.0,0.0,0.0,0.02599047911547912,0.044333529066353496,0.0365516068913973,0.014833127317676146
91,0.0,0.0,0.0,0.0,0.0,0.0,0.0,0.0,0.0,0.0,0.0,0.0,0.0,0.0,0.0,0.05180593816957454,0.0,0.05114911571954394,0.012978986402966632
92,0.05277777777777778,0.0,0.0,0.0,0.0,0.0,0.0,0.0,0.0,0.0,0.0,0.0,0.0,0.0,0.0,0.07554679363190002,0.07743589743589745,0.17469709237424963,0.07540173053152044
93,0.2979390681003584,0.0,0.0,0.0,0.0,0.0,0.0,0.0,0.0,0.0,0.0,0.0,0.0,0.0,0.0,0.18101604278074868,0.1733639494833525,0.05844292182553993,0.037391841779975295
94,0.23644444444444446,0.0,0.0,0.0,0.0,0.0,0.0,0.0,0.0,0.0,0.0,0.0,0.0,0.0,0.0,0.1548962782184259,0.2150997150997151,0.06573343204084182,0.04635352286773798
95,0.06157407407407408,0.0,0.0,0.0,0.0,0.0,0.0,0.0,0.0,0.0,0.0,0.0,0.0,0.0,0.0,0.026034456237501925,0.0,0.029247899692152704,0.022249690976514223
96,0.2402890695573623,0.0,0.0,0.0,0.0,0.0,0.0,0.0,0.0,0.0,0.0,0.0,0.0,0.0,0.0,0.12951484542393635,0.17466743782533256,0.05114911571954394,0.05098887515451176
97,0.40726159230096237,0.0,0.0,0.0,0.0,0.0,0.0,0.0,0.0,0.0,0.0,0.0,0.0,0.0,0.0,0.2315673456977805,0.2543514879281303,0.08030457373131651,0.09456118665018544
98,0.4589371980676329,0.0,0.0,0.0,0.0,0.0,0.0,0.0,0.0,0.0,0.0,0.0,0.0,0.0,0.0,0.8277474108170312,0.4415204678362573,0.32601543053873366,0.4298516687268234
99,0.17317708333333334,0.0,0.0,0.0,0.0,0.0,0.0,0.0,0.0,0.0,0.0,0.0,0.0,0.0,0.0,0.23118075580512978,0.2525083612040134,0.0875852096674241,0.13040791100123614
100,0.2422586520947177,0.0,0.0,0.0,0.0,0.0,0.0,0.0,0.0,0.0,0.0,0.0,0.0,0.0,0.0,0.15567990188563546,0.175990675990676,0.043852011487341316,0.04728059332509273
101,0.2736625514403292,0.0,0.0,0.0,0.0,0.0,0.0,0.0,0.0,0.0,0.0,0.0,0.0,0.0,0.0,0.43163066306630665,0.24031830238726792,0.13845775057716045,0.22744128553770096
102,0.059587813620071685,0.0,0.0,0.0,0.0,0.0,0.0,0.0,0.0,0.0,0.0,0.0,0.0,0.0,0.0,0.12929717341482047,0.08668197474167624,0.05844292182553993,0.07416563658838074
103,0.23644444444444446,0.0,0.0,0.0,0.0,0.0,0.0,0.0,0.0,0.0,0.0,0.0,0.0,0.0,0.0,0.23234441732763883,0.08603988603988605,0.06573343204084182,0.07200247218788632
104,0.2402890695573623,0.0,0.0,0.0,0.0,0.0,0.0,0.0,0.0,0.0,0.0,0.0,0.0,0.0,0.0,0.10361187633914908,0.17466743782533256,0.05114911571954394,0.05778739184178001
105,0.2909011373578303,0.0,0.0,0.0,0.0,0.0,0.0,0.0,0.0,0.0,0.0,0.0,0.0,0.0,0.0,0.20583764062024934,0.1695676586187535,0.08030457373131651,0.09147095179233623
106,0.23835125448028674,0.0,0.0,0.0,0.0,0.0,0.0,0.0,0.0,0.0,0.0,0.0,0.0,0.0,0.0,0.1551566080977846,0.13002296211251435,0.05844292182553993,0.06891223733003711
107,0.2979390681003584,0.0,0.0,0.0,0.0,0.0,0.0,0.0,0.0,0.0,0.0,0.0,0.0,0.0,0.0,0.1551566080977846,0.21670493685419057,0.05844292182553993,0.13597033374536469
108,0.2309027777777778,0.0,0.0,0.0,0.0,0.0,0.0,0.0,0.0,0.0,0.0,0.0,0.0,0.0,0.0,0.23118075580512978,0.21042363433667782,0.0875852096674241,0.062113720642768884
109,0.6567901234567902,0.0,0.0,0.0,0.0,0.0,0.0,0.0,0.0,0.0,0.0,0.0,0.0,0.0,0.0,0.4062406240624063,0.48063660477453585,0.13845775057716045,0.17861557478368364
110,0.060564663023679424,0.0,0.0,0.0,0.0,0.0,0.0,0.0,0.0,0.0,0.0,0.0,0.0,0.0,0.0,0.07783995094281773,0.043997668997669,0.043852011487341316,0.0219406674907293
111,0.23644444444444446,0.0,0.0,0.0,0.0,0.0,0.0,0.0,0.0,0.0,0.0,0.0,0.0,0.0,0.0,0.23234441732763883,0.2150997150997151,0.06573343204084182,0.08992583436341164
112,0.17454068241469817,0.0,0.0,0.0,0.0,0.0,0.0,0.0,0.0,0.0,0.0,0.0,0.0,0.0,0.0,0.2572970507753117,0.12717574396406514,0.08030457373131651,0.08683559950556245
113,0.05597643097643098,0.0,0.0,0.0,0.0,0.0,0.0,0.0,0.0,0.0,0.0,0.0,0.0,0.0,0.0,0.2806799336650083,0.20449620801733479,0.11667490596797392,0.11093943139678619
114,0.05555555555555555,0.0,0.0,0.0,0.0,0.0,0.0,0.0,0.0,0.0,0.0,0.0,0.0,0.0,0.0,0.3311634557495485,0.20306616460462618,0.12393912929426705,0.13133498145859088
115,0.2345679012345679,0.0,0.0,0.0,0.0,0.0,0.0,0.0,0.0,0.0,0.0,0.0,0.0,0.0,0.0,0.25772803410994366,0.21351809954751133,0.07302064859894233,0.11372064276885048
116,0.22561492790500423,0.0,0.0,0.0,0.0,0.0,0.0,0.0,0.0,0.0,0.0,0.0,0.0,0.0,0.0,0.33226366656599216,0.2059465357337698,0.10940740456256241,0.18695920889987647
117,0.0,0.0,0.0,0.0,0.0,0.0,0.0,0.0,0.0,0.0,0.0,0.0,0.0,0.0,0.0,0.23118075580512978,0.08416945373467113,0.0875852096674241,0.09826946847960448
118,0.060564663023679424,0.0,0.0,0.0,0.0,0.0,0.0,0.0,0.0,0.0,0.0,0.0,0.0,0.0,0.0,0.12973325157136287,0.087995337995338,0.043852011487341316,0.05809641532756492
119,0.12014453477868114,0.0,0.0,0.0,0.0,0.0,0.0,0.0,0.0,0.0,0.0,0.0,0.0,0.0,0.0,0.12951484542393635,0.13100057836899942,0.05114911571954394,0.10105067985166877
120,0.12112932604735885,0.0,0.0,0.0,0.0,0.0,0.0,0.0,0.0,0.0,0.0,0.0,0.0,0.0,0.0,0.15567990188563546,0.0,0.043852011487341316,0.026885043263288017
121,0.28418803418803423,0.0,0.0,0.0,0.0,0.0,0.0,0.0,0.0,0.0,0.0,0.0,0.0,0.0,0.0,0.25601270609590077,0.20741758241758243,0.1021366228586154,0.123300370828183
122,0.22911283376399658,0.0,0.0,0.0,0.0,0.0,0.0,0.0,0.0,0.0,0.0,0.0,0.0,0.0,0.0,0.25643939393939397,0.16712783619258442,0.09486255863471175,0.09456118665018545
123,0.1692111959287532,0.0,0.0,0.0,0.0,0.0,0.0,0.0,0.0,0.0,0.0,0.0,0.0,0.0,0.0,0.255587435819994,0.16475722858701583,0.10940740456256241,0.1032138442521632
124,0.11455641688199829,0.0,0.0,0.0,0.0,0.0,0.0,0.0,0.0,0.0,0.0,0.0,0.0,0.0,0.0,0.17950757575757578,0.12534587714443832,0.09486255863471175,0.09950556242274416
125,0.11822222222222223,0.0,0.0,0.0,0.0,0.0,0.0,0.0,0.0,0.0,0.0,0.0,0.0,0.0,0.0,0.12908023184868825,0.043019943019943024,0.06573343204084182,0.04635352286773798
126,0.11028192371475953,0.0,0.0,0.0,0.0,0.0,0.0,0.0,0.0,0.0,0.0,0.0,0.0,0.0,0.0,0.27975206611570247,0.16132478632478633,0.13120007675885728,0.06273176761433871
127,0.059587813620071685,0.0,0.0,0.0,0.0,0.0,0.0,0.0,0.0,0.0,0.0,0.0,0.0,0.0,0.0,0.0258594346829641,0.08668197474167624,0.05844292182553993,0.039555006180469726
128,0.0,0.0,0.0,0.0,0.0,0.0,0.0,0.0,0.0,0.0,0.0,0.0,0.0,0.0,0.0,0.0,0.0,0.007316940048608369,0.014833127317676147
129,0.06209150326797386,0.0,0.0,0.0,0.0,0.0,0.0,0.0,0.0,0.0,0.0,0.0,0.0,0.0,0.0,0.05215716486902928,0.04502087060226595,0.02194088764802157,0.017923362175525346
130,0.17733333333333334,0.0,0.0,0.0,0.0,0.0,0.0,0.0,0.0,0.0,0.0,0.0,0.0,0.0,0.0,0.12908023184868825,0.1720797720797721,0.06573343204084182,0.1325710754017306
131,0.0,0.0,0.0,0.0,0.0,0.0,0.0,0.0,0.0,0.0,0.0,0.0,0.0,0.0,0.0,0.12821969696969698,0.08356391809629221,0.09486255863471175,0.07694684796044503
132,0.3911764705882353,0.0,0.0,0.0,0.0,0.0,0.0,0.0,0.0,0.0,0.0,0.0,0.0,0.0,0.0,0.6721032477662744,0.5807692307692308,0.3904310045351366,0.4712608158220026
133,0.2345679012345679,0.0,0.0,0.0,0.0,0.0,0.0,0.0,0.0,0.0,0.0,0.0,0.0,0.0,0.0,0.18040962387696058,0.1281108597285068,0.07302064859894233,0.07818294190358471
134,0.52465483234714,0.0,0.0,0.0,0.0,0.0,0.0,0.0,0.0,0.0,0.0,0.0,0.0,0.0,0.0,0.6731534090909091,0.3568972926514826,0.3832865279959382,0.3816440049443759
135,0.39183501683501687,0.0,0.0,0.0,0.0,0.0,0.0,0.0,0.0,0.0,0.0,0.0,0.0,0.0,0.0,0.3061962912709182,0.20449620801733479,0.11667490596797392,0.13751545117428926
136,0.1802168021680217,0.0,0.0,0.0,0.0,0.0,0.0,0.0,0.0,0.0,0.0,0.0,0.0,0.0,0.0,0.15541781450872363,0.04366685945633314,0.05114911571954394,0.08250927070457359
137,0.17876344086021506,0.0,0.0,0.0,0.0,0.0,0.0,0.0,0.0,0.0,0.0,0.0,0.0,0.0,0.0,0.18101604278074868,0.1733639494833525,0.05844292182553993,0.07231149567367122
138,0.12112932604735885,0.0,0.0,0.0,0.0,0.0,0.0,0.0,0.0,0.0,0.0,0.0,0.0,0.0,0.0,0.1037866012570903,0.087995337995338,0.043852011487341316,0.041409147095179254
139,0.12213039485766759,0.0,0.0,0.0,0.0,0.0,0.0,0.0,0.0,0.0,0.0,0.0,0.0,0.0,0.0,0.10396191646191648,0.08866705813270699,0.0365516068913973,0.02626699629171818
140,0.3283950617283951,0.0,0.0,0.0,0.0,0.0,0.0,0.0,0.0,0.0,0.0,0.0,0.0,0.0,0.0,0.27929042904290435,0.24031830238726792,0.13845775057716045,0.1467861557478369
141,0.3604336043360434,0.0,0.0,0.0,0.0,0.0,0.0,0.0,0.0,0.0,0.0,0.0,0.0,0.0,0.0,0.7026843235504653,0.3337754199823165,0.3475161420981153,0.3062422744128555
142,0.0,0.0,0.0,0.0,0.0,0.0,0.0,0.0,0.0,0.0,0.0,0.0,0.0,0.0,0.0,0.12821969696969698,0.041781959048146106,0.09486255863471175,0.040791100123609404
143,0.11367521367521369,0.0,0.0,0.0,0.0,0.0,0.0,0.0,0.0,0.0,0.0,0.0,0.0,0.0,0.0,0.12800635304795038,0.12445054945054945,0.1021366228586154,0.07447466007416566
144,0.23644444444444446,0.0,0.0,0.0,0.0,0.0,0.0,0.0,0.0,0.0,0.0,0.0,0.0,0.0,0.0,0.10326418547895058,0.043019943019943024,0.06573343204084182,0.02843016069221262
145,0.2111111111111111,0.0,0.0,0.0,0.0,0.0,0.0,0.0,0.0,0.0,0.0,0.0,0.0,0.0,0.0,0.3525517036155334,0.3097435897435898,0.17469709237424963,0.16965389369592093
146,0.0,0.0,0.0,0.0,0.0,0.0,0.0,0.0,0.0,0.0,0.0,0.0,0.0,0.0,0.0,0.0,0.0,0.007316940048608369,0.002781211372064278
147,0.11455641688199829,0.0,0.0,0.0,0.0,0.0,0.0,0.0,0.0,0.0,0.0,0.0,0.0,0.0,0.0,0.12821969696969698,0.12534587714443832,0.09486255863471175,0.07200247218788632
148,0.2932098765432099,0.0,0.0,0.0,0.0,0.0,0.0,0.0,0.0,0.0,0.0,0.0,0.0,0.0,0.0,0.15463682046596622,0.04270361990950226,0.07302064859894233,0.03831891223733004
149,0.06261770244821092,0.0,0.0,0.0,0.0,0.0,0.0,0.0,0.0,0.0,0.0,0.0,0.0,0.0,0.0,0.026122858465812627,0.0,0.0146305685153889,0.009270704573547594
150,0.11455641688199829,0.0,0.0,0.0,0.0,0.0,0.0,0.0,0.0,0.0,0.0,0.0,0.0,0.0,0.0,0.17950757575757578,0.12534587714443832,0.09486255863471175,0.09456118665018544
151,0.15287356321839082,0.0,0.0,0.0,0.0,0.0,0.0,0.0,0.0,0.0,0.0,0.0,0.0,0.0,0.0,0.2997343565525384,0.22481389578163774,0.21085492418079207,0.1702719406674908
152,0.11822222222222223,0.0,0.0,0.0,0.0,0.0,0.0,0.0,0.0,0.0,0.0,0.0,0.0,0.0,0.0,0.07744813910921294,0.08603988603988605,0.06573343204084182,0.03306551297898642
153,0.059587813620071685,0.0,0.0,0.0,0.0,0.0,0.0,0.0,0.0,0.0,0.0,0.0,0.0,0.0,0.0,0.12929717341482047,0.0,0.05844292182553993,0.036464771322620534
154,0.43146796431467965,0.0,0.0,0.0,0.0,0.0,0.0,0.0,0.0,0.0,0.0,0.0,0.0,0.0,0.0,0.3036782296650718,0.2765567765567766,0.1529632861265857,0.1937577255871447
155,0.061065197428833796,0.0,0.0,0.0,0.0,0.0,0.0,0.0,0.0,0.0,0.0,0.0,0.0,0.0,0.0,0.10396191646191648,0.08866705813270699,0.0365516068913973,0.03615574783683561
156,0.3721023181454836,0.0,0.0,0.0,0.0,0.0,0.0,0.0,0.0,0.0,0.0,0.0,0.0,0.0,0.0,0.4288002980625932,0.3118224057821373,0.16745575362596643,0.2005562422744129
157,0.0,0.0,0.0,0.0,0.0,0.0,0.0,0.0,0.0,0.0,0.0,0.0,0.0,0.0,0.0,0.15541781450872363,0.04366685945633314,0.05114911571954394,0.07014833127317678
158,0.11728395061728394,0.0,0.0,0.0,0.0,0.0,0.0,0.0,0.0,0.0,0.0,0.0,0.0,0.0,0.0,0.2835008375209381,0.21351809954751133,0.07302064859894233,0.16594561186650192
159,0.34908136482939633,0.0,0.0,0.0,0.0,0.0,0.0,0.0,0.0,0.0,0.0,0.0,0.0,0.0,0.0,0.2572970507753117,0.1695676586187535,0.08030457373131651,0.13473423980222504
160,0.24629629629629632,0.0,0.0,0.0,0.0,0.0,0.0,0.0,0.0,0.0,0.0,0.0,0.0,0.0,0.0,0.13017228118750962,0.178698224852071,0.029247899692152704,0.08096415327564899
161,0.23644444444444446,0.0,0.0,0.0,0.0,0.0,0.0,0.0,0.0,0.0,0.0,0.0,0.0,0.0,0.0,0.18071232458816353,0.12905982905982907,0.06573343204084182,0.08034610630407914
162,0.1802168021680217,0.0,0.0,0.0,0.0,0.0,0.0,0.0,0.0,0.0,0.0,0.0,0.0,0.0,0.0,0.12951484542393635,0.17466743782533256,0.05114911571954394,0.0859085290482077
163,0.2345679012345679,0.0,0.0,0.0,0.0,0.0,0.0,0.0,0.0,0.0,0.0,0.0,0.0,0.0,0.0,0.20618242728795494,0.21351809954751133,0.07302064859894233,0.13442521631644008
164,0.2979390681003584,0.0,0.0,0.0,0.0,0.0,0.0,0.0,0.0,0.0,0.0,0.0,0.0,0.0,0.0,0.18101604278074868,0.21670493685419057,0.05844292182553993,0.16625463535228685
165,0.06261770244821092,0.0,0.0,0.0,0.0,0.0,0.0,0.0,0.0,0.0,0.0,0.0,0.0,0.0,0.0,0.052245716931625254,0.04537259615384616,0.0146305685153889,0.04140914709517925
166,0.40407986111111116,0.0,0.0,0.0,0.0,0.0,0.0,0.0,0.0,0.0,0.0,0.0,0.0,0.0,0.0,0.20549400516011537,0.08416945373467113,0.0875852096674241,0.14184177997527816
167,0.06261770244821092,0.0,0.0,0.0,0.0,0.0,0.0,0.0,0.0,0.0,0.0,0.0,0.0,0.0,0.0,0.026122858465812627,0.04537259615384616,0.0146305685153889,0.013597033374536471
168,0.17876344086021506,0.0,0.0,0.0,0.0,0.0,0.0,0.0,0.0,0.0,0.0,0.0,0.0,0.0,0.0,0.12929717341482047,0.13002296211251435,0.05844292182553993,0.09672435105067989
169,0.35185185185185186,0.0,0.0,0.0,0.0,0.0,0.0,0.0,0.0,0.0,0.0,0.0,0.0,0.0,0.0,0.15463682046596622,0.17081447963800905,0.07302064859894233,0.13936959208899882
170,0.11728395061728394,0.0,0.0,0.0,0.0,0.0,0.0,0.0,0.0,0.0,0.0,0.0,0.0,0.0,0.0,0.15463682046596622,0.08540723981900453,0.07302064859894233,0.08838071693448704
171,0.17183462532299743,0.0,0.0,0.0,0.0,0.0,0.0,0.0,0.0,0.0,0.0,0.0,0.0,0.0,0.0,0.15386363636363637,0.08356391809629221,0.09486255863471175,0.12639060568603216
172,0.17592592592592593,0.0,0.0,0.0,0.0,0.0,0.0,0.0,0.0,0.0,0.0,0.0,0.0,0.0,0.0,0.15463682046596622,0.08540723981900453,0.07302064859894233,0.1112484548825711
173,0.2239057239057239,0.0,0.0,0.0,0.0,0.0,0.0,0.0,0.0,0.0,0.0,0.0,0.0,0.0,0.0,0.20413086084727877,0.16359696641386784,0.11667490596797392,0.20488257107540178
174,0.16419753086419756,0.0,0.0,0.0,0.0,0.0,0.0,0.0,0.0,0.0,0.0,0.0,0.0,0.0,0.0,0.17773027302730274,0.16021220159151195,0.13845775057716045,0.13936959208899882
175,0.11636045494313212,0.0,0.0,0.0,0.0,0.0,0.0,0.0,0.0,0.0,0.0,0.0,0.0,0.0,0.0,0.18010793554271814,0.08478382930937675,0.08030457373131651,0.06891223733003711
176,0.3410256410256411,0.0,0.0,0.0,0.0,0.0,0.0,0.0,0.0,0.0,0.0,0.0,0.0,0.0,0.0,0.2816139767054909,0.16593406593406593,0.1021366228586154,0.19901112484548833
177,0.2979390681003584,0.0,0.0,0.0,0.0,0.0,0.0,0.0,0.0,0.0,0.0,0.0,0.0,0.0,0.0,0.1551566080977846,0.13002296211251435,0.05844292182553993,0.10228677379480844
178,0.0,0.0,0.0,0.0,0.0,0.0,0.0,0.0,0.0,0.0,0.0,0.0,0.0,0.0,0.0,0.05180593816957454,0.04366685945633314,0.05114911571954394,0.016996291718170586
179,0.056837606837606844,0.0,0.0,0.0,0.0,0.0,0.0,0.0,0.0,0.0,0.0,0.0,0.0,0.0,0.0,0.17920889426713055,0.04148351648351648,0.1021366228586154,0.11186650185414095
180,0.06157407407407408,0.0,0.0,0.0,0.0,0.0,0.0,0.0,0.0,0.0,0.0,0.0,0.0,0.0,0.0,0.07810336871250577,0.13402366863905327,0.029247899692152704,0.050370828182941925
181,0.05772569444444445,0.0,0.0,0.0,0.0,0.0,0.0,0.0,0.0,0.0,0.0,0.0,0.0,0.0,0.0,0.05137350129002884,0.08416945373467113,0.0875852096674241,0.0639678615574784
182,0.22561492790500423,0.0,0.0,0.0,0.0,0.0,0.0,0.0,0.0,0.0,0.0,0.0,0.0,0.0,0.0,0.1789112050739958,0.16475722858701583,0.10940740456256241,0.13720642768850438
183,0.11195286195286196,0.0,0.0,0.0,0.0,0.0,0.0,0.0,0.0,0.0,0.0,0.0,0.0,0.0,0.0,0.10206543042363939,0.08179848320693392,0.11667490596797392,0.08621755253399262
184,0.2345679012345679,0.0,0.0,0.0,0.0,0.0,0.0,0.0,0.0,0.0,0.0,0.0,0.0,0.0,0.0,0.18040962387696058,0.21351809954751133,0.07302064859894233,0.052224969097651446
185,0.5640373197625107,0.0,0.0,0.0,0.0,0.0,0.0,0.0,0.0,0.0,0.0,0.0,0.0,0.0,0.0,0.33226366656599216,0.32951445717403166,0.10940740456256241,0.16625463535228685
186,0.0,0.0,0.0,0.0,0.0,0.0,0.0,0.0,0.0,0.0,0.0,0.0,0.0,0.0,0.0,0.026211863094316248,0.0,0.0,0.002163164400494438
187,0.3410256410256411,0.0,0.0,0.0,0.0,0.0,0.0,0.0,0.0,0.0,0.0,0.0,0.0,0.0,0.0,0.17920889426713055,0.12445054945054945,0.1021366228586154,0.11063040791100126
188,0.5976307189542485,0.0,0.0,0.0,0.0,0.0,0.0,0.0,0.0,0.0,0.0,0.0,0.0,0.0,0.0,0.45626778493335335,0.35800842992623816,0.14571215296259535,0.17212608158220027
189,0.0,0.0,0.0,0.0,0.0,0.0,0.0,0.0,0.0,0.0,0.0,0.0,0.0,0.0,0.0,0.07810336871250577,0.0,0.029247899692152704,0.01174289245982695
190,0.0,0.0,0.0,0.0,0.0,0.0,0.0,0.0,0.0,0.0,0.0,0.0,0.0,0.0,0.0,0.07810336871250577,0.0,0.029247899692152704,0.007725587144622995
191,0.11367521367521369,0.0,0.0,0.0,0.0,0.0,0.0,0.0,0.0,0.0,0.0,0.0,0.0,0.0,0.0,0.12800635304795038,0.08296703296703296,0.1021366228586154,0.0658220024721879
192,0.17592592592592593,0.0,0.0,0.0,0.0,0.0,0.0,0.0,0.0,0.0,0.0,0.0,0.0,0.0,0.0,0.12886401705497183,0.08540723981900453,0.07302064859894233,0.03152039555006182
193,0.28418803418803423,0.0,0.0,0.0,0.0,0.0,0.0,0.0,0.0,0.0,0.0,0.0,0.0,0.0,0.0,0.20481016487672063,0.20741758241758243,0.1021366228586154,0.17428924598269477
194,0.2189300411522634,0.0,0.0,0.0,0.0,0.0,0.0,0.0,0.0,0.0,0.0,0.0,0.0,0.0,0.0,0.10156015601560157,0.16021220159151195,0.13845775057716045,0.14987639060568606
195,0.11028192371475953,0.0,0.0,0.0,0.0,0.0,0.0,0.0,0.0,0.0,0.0,0.0,0.0,0.0,0.0,0.15259203606311048,0.08066239316239317,0.13120007675885728,0.08590852904820769
196,0.05864197530864197,0.0,0.0,0.0,0.0,0.0,0.0,0.0,0.0,0.0,0.0,0.0,0.0,0.0,0.0,0.07731841023298311,0.04270361990950226,0.07302064859894233,0.06489493201483315
197,0.17454068241469817,0.0,0.0,0.0,0.0,0.0,0.0,0.0,0.0,0.0,0.0,0.0,0.0,0.0,0.0,0.20583764062024934,0.12717574396406514,0.08030457373131651,0.08714462299134738
198,0.11917562724014337,0.0,0.0,0.0,0.0,0.0,0.0,0.0,0.0,0.0,0.0,0.0,0.0,0.0,0.0,0.0775783040488923,0.08668197474167624,0.05844292182553993,0.06149567367119904
199,0.11822222222222223,0.0,0.0,0.0,0.0,0.0,0.0,0.0,0.0,0.0,0.0,0.0,0.0,0.0,0.0,0.10326418547895058,0.08603988603988605,0.06573343204084182,0.11557478368355997
200,0.22735042735042738,0.0,0.0,0.0,0.0,0.0,0.0,0.0,0.0,0.0,0.0,0.0,0.0,0.0,0.0,0.17920889426713055,0.20741758241758243,0.1021366228586154,0.10352286773794811
201,0.06007226738934057,0.0,0.0,0.0,0.0,0.0,0.0,0.0,0.0,0.0,0.0,0.0,0.0,0.0,0.0,0.02590296908478727,0.04366685945633314,0.05114911571954394,0.033683559950556254
202,0.0,0.0,0.0,0.0,0.0,0.0,0.0,0.0,0.0,0.0,0.0,0.0,0.0,0.0,0.0,0.0,0.0,0.007316940048608369,0.014524103831891228
203,0.060564663023679424,0.0,0.0,0.0,0.0,0.0,0.0,0.0,0.0,0.0,0.0,0.0,0.0,0.0,0.0,0.07783995094281773,0.043997668997669,0.043852011487341316,0.07478368355995059
204,0.0,0.0,0.0,0.0,0.0,0.0,0.0,0.0,0.0,0.0,0.0,0.0,0.0,0.0,0.0,0.0,0.0,0.11667490596797392,0.03708281829419038
205,0.12014453477868114,0.0,0.0,0.0,0.0,0.0,0.0,0.0,0.0,0.0,0.0,0.0,0.0,0.0,0.0,0.12951484542393635,0.08733371891266628,0.05114911571954394,0.061804697156983966
206,0.2422586520947177,0.0,0.0,0.0,0.0,0.0,0.0,0.0,0.0,0.0,0.0,0.0,0.0,0.0,0.0,0.12973325157136287,0.131993006993007,0.043852011487341316,0.06520395550061808
207,0.1802168021680217,0.0,0.0,0.0,0.0,0.0,0.0,0.0,0.0,0.0,0.0,0.0,0.0,0.0,0.0,0.10361187633914908,0.13100057836899942,0.05114911571954394,0.09919653893695922
208,0.11728395061728394,0.0,0.0,0.0,0.0,0.0,0.0,0.0,0.0,0.0,0.0,0.0,0.0,0.0,0.0,0.10309121364397747,0.1281108597285068,0.07302064859894233,0.05809641532756491
209,0.12112932604735885,0.0,0.0,0.0,0.0,0.0,0.0,0.0,0.0,0.0,0.0,0.0,0.0,0.0,0.0,0.07783995094281773,0.087995337995338,0.043852011487341316,0.060568603213844274
210,0.4683098591549296,0.0,0.0,0.0,0.0,0.0,0.0,0.0,0.0,0.0,0.0,0.0,0.0,0.0,0.0,0.35140145335903905,0.38208502024291496,0.18916999088533562,0.3331273176761435
211,0.12213039485766759,0.0,0.0,0.0,0.0,0.0,0.0,0.0,0.0,0.0,0.0,0.0,0.0,0.0,0.0,0.1299523955773956,0.08866705813270699,0.0365516068913973,0.06674907292954267
212,0.12112932604735885,0.0,0.0,0.0,0.0,0.0,0.0,0.0,0.0,0.0,0.0,0.0,0.0,0.0,0.0,0.05189330062854515,0.087995337995338,0.043852011487341316,0.08498145859085293
213,0.06157407407407408,0.0,0.0,0.0,0.0,0.0,0.0,0.0,0.0,0.0,0.0,0.0,0.0,0.0,0.0,0.05206891247500385,0.04467455621301775,0.029247899692152704,0.059950556242274446
214,0.12112932604735885,0.0,0.0,0.0,0.0,0.0,0.0,0.0,0.0,0.0,0.0,0.0,0.0,0.0,0.0,0.1037866012570903,0.131993006993007,0.043852011487341316,0.05871446229913476
215,0.11280746395250212,0.0,0.0,0.0,0.0,0.0,0.0,0.0,0.0,0.0,0.0,0.0,0.0,0.0,0.0,0.2044699486559952,0.08237861429350792,0.10940740456256241,0.07509270704573551
216,0.17454068241469817,0.0,0.0,0.0,0.0,0.0,0.0,0.0,0.0,0.0,0.0,0.0,0.0,0.0,0.0,0.12864852538765584,0.12717574396406514,0.08030457373131651,0.09085290482076638
217,0.11728395061728394,0.0,0.0,0.0,0.0,0.0,0.0,0.0,0.0,0.0,0.0,0.0,0.0,0.0,0.0,0.10309121364397747,0.08540723981900453,0.07302064859894233,0.08590852904820769
218,0.0,0.0,0.0,0.0,0.0,0.0,0.0,0.0,0.0,0.0,0.0,0.0,0.0,0.0,0.0,0.0,0.0,0.007316940048608369,0.01297898640296663
219,0.12112932604735885,0.0,0.0,0.0,0.0,0.0,0.0,0.0,0.0,0.0,0.0,0.0,0.0,0.0,0.0,0.07783995094281773,0.087995337995338,0.043852011487341316,0.06767614338689744
220,0.23272090988626423,0.0,0.0,0.0,0.0,0.0,0.0,0.0,0.0,0.0,0.0,0.0,0.0,0.0,0.0,0.18010793554271814,0.2119595732734419,0.08030457373131651,0.13102595797280597
221,0.12112932604735885,0.0,0.0,0.0,0.0,0.0,0.0,0.0,0.0,0.0,0.0,0.0,0.0,0.0,0.0,0.12973325157136287,0.087995337995338,0.043852011487341316,0.0673671199011125
222,0.3721023181454836,0.0,0.0,0.0,0.0,0.0,0.0,0.0,0.0,0.0,0.0,0.0,0.0,0.0,0.0,0.2017883755588674,0.2728446050593702,0.16745575362596643,0.24381953028430164
223,0.0,0.0,0.0,0.0,0.0,0.0,0.0,0.0,0.0,0.0,0.0,0.0,0.0,0.0,0.0,0.0,0.0,0.0,0.0
224,0.15833333333333335,0.0,0.0,0.0,0.0,0.0,0.0,0.0,0.0,0.0,0.0,0.0,0.0,0.0,0.0,0.3021871745276001,0.07743589743589745,0.17469709237424963,0.11588380716934489
225,0.0,0.0,0.0,0.0,0.0,0.0,0.0,0.0,0.0,0.0,0.0,0.0,0.0,0.0,0.0,0.07810336871250577,0.0,0.029247899692152704,0.010506798516687272
226,0.2309027777777778,0.0,0.0,0.0,0.0,0.0,0.0,0.0,0.0,0.0,0.0,0.0,0.0,0.0,0.0,0.15412050387008652,0.16833890746934227,0.0875852096674241,0.14029666254635356
227,0.11822222222222223,0.0,0.0,0.0,0.0,0.0,0.0,0.0,0.0,0.0,0.0,0.0,0.0,0.0,0.0,0.07744813910921294,0.08603988603988605,0.06573343204084182,0.06953028430160696
228,0.31220657276995306,0.0,0.0,0.0,0.0,0.8823529411764706,0.0,0.0,0.0,0.8775510204081632,0.0,0.0,0.0,0.0,0.0,0.2761011419249592,0.19104251012145748,0.18916999088533562,0.24969097651421518
229,0.11728395061728394,0.0,0.0,0.0,0.0,0.6428571428571428,0.0,0.0,0.0,0.6515151515151515,0.0,0.0,0.0,0.0,0.0,0.07731841023298311,0.08540723981900453,0.07302064859894233,0.07231149567367122
230,0.0,0.0,0.0,0.0,0.0,0.0,0.0,0.0,0.0,0.0,0.0,0.0,0.0,0.0,0.0,0.0,0.0,0.007316940048608369,0.010815822002472192
231,0.18169398907103826,0.0,0.0,0.0,0.0,0.0,0.0,0.0,0.0,0.0,0.0,0.0,0.0,0.0,0.0,0.07783995094281773,0.131993006993007,0.043852011487341316,0.08003708281829422
232,0.054330065359477125,0.0,0.0,0.0,0.0,0.0,0.0,0.0,0.0,0.0,0.0,0.0,0.0,0.0,0.0,0.10139284109630074,0.03977871443624868,0.14571215296259535,0.10568603213844255
233,0.0,0.0,0.0,0.0,0.0,0.0,0.0,0.0,0.0,0.0,0.0,0.0,0.0,0.0,0.0,0.05180593816957454,0.0,0.05114911571954394,0.025957972805933253
234,0.056837606837606844,0.0,0.0,0.0,0.0,0.0,0.0,0.0,0.0,0.0,0.0,0.0,0.0,0.0,0.0,0.15360762365754047,0.08296703296703296,0.1021366228586154,0.09919653893695923
235,0.0,0.0,0.0,0.0,0.0,0.0,0.0,0.0,0.0,0.0,0.0,0.0,0.0,0.0,0.0,0.026211863094316248,0.0,0.0,0.002163164400494438
236,0.0,0.0,0.0,0.0,0.0,0.0,0.0,0.0,0.0,0.0,0.0,0.0,0.0,0.0,0.0,0.05189330062854515,0.0,0.043852011487341316,0.017614338689740425
237,0.0,0.0,0.0,0.0,0.0,0.0,0.0,0.0,0.0,0.0,0.0,0.0,0.0,0.0,0.0,0.07731841023298311,0.04270361990950226,0.07302064859894233,0.043572311495673685
238,0.0,0.0,0.0,0.0,0.0,0.0,0.0,0.0,0.0,0.0,0.0,0.0,0.0,0.0,0.0,0.026167285095856526,0.0,0.007316940048608369,0.01236093943139679
239,0.0,0.0,0.0,0.0,0.0,0.0,0.0,0.0,0.0,0.0,0.0,0.0,0.0,0.0,0.0,0.02599047911547912,0.044333529066353496,0.0365516068913973,0.02441285537700866
240,0.3497698882314267,0.0,0.0,0.0,0.0,0.0,0.0,0.0,0.0,0.0,0.0,0.0,0.0,0.0,0.0,0.2884943181818182,0.2271164589600344,0.3832865279959382,0.41100123609394346
241,0.05473251028806585,0.0,0.0,0.0,0.0,0.0,0.0,0.0,0.0,0.0,0.0,0.0,0.0,0.0,0.0,0.17773027302730274,0.12015915119363396,0.13845775057716045,0.12206427688504333
242,0.535426731078905,0.0,0.0,0.0,0.0,0.0,0.0,0.0,0.0,0.0,0.0,0.0,0.0,0.0,0.0,0.40423943872219736,0.23544698544698547,0.16021115227856253,0.19901112484548836
243,0.1154513888888889,0.0,0.0,0.0,0.0,0.0,0.0,0.0,0.0,0.0,0.0,0.0,0.0,0.0,0.0,0.15412050387008652,0.08416945373467113,0.0875852096674241,0.0546971569839308
244,0.26966747769667476,0.0,0.0,0.0,0.0,0.0,0.0,0.0,0.0,0.0,0.0,0.0,0.0,0.0,0.0,0.2783717105263158,0.2370486656200942,0.1529632861265857,0.23423980222496926
245,0.16666666666666666,0.0,0.0,0.0,0.0,0.0,0.0,0.0,0.0,0.0,0.0,0.0,0.0,0.0,0.0,0.203792895845876,0.1218396987627757,0.12393912929426705,0.15976514215080345
246,0.29555555555555557,0.0,0.0,0.0,0.0,0.0,0.0,0.0,0.0,0.0,0.0,0.0,0.0,0.0,0.0,0.20652837095790116,0.2150997150997151,0.06573343204084182,0.10754017305315208
247,0.23272090988626423,0.0,0.0,0.0,0.0,0.0,0.0,0.0,0.0,0.0,0.0,0.0,0.0,0.0,0.0,0.28302675585284287,0.2119595732734419,0.08030457373131651,0.1517305315203956
248,0.11917562724014337,0.0,0.0,0.0,0.0,0.0,0.0,0.0,0.0,0.0,0.0,0.0,0.0,0.0,0.0,0.0775783040488923,0.08668197474167624,0.05844292182553993,0.04882571075401732
249,0.0,0.0,0.0,0.0,0.0,0.0,0.0,0.0,0.0,0.0,0.0,0.0,0.0,0.0,0.0,0.0,0.0,0.007316940048608369,0.013288009888751548
250,0.12213039485766759,0.0,0.0,0.0,0.0,0.0,0.0,0.0,0.0,0.0,0.0,0.0,0.0,0.0,0.0,0.07797143734643736,0.044333529066353496,0.0365516068913973,0.02873918417799754
251,0.10262345679012345,0.3522727272727273,0.7200000000000001,0.8333333333333333,0.6666666666666666,0.4245283018867924,0.611111111111111,0.358695652173913,0.43442622950819676,0.4215686274509804,0.4069767441860465,0.4183673469387755,0.4393939393939394,0.4148936170212766,0.41304347826086957,0.1000739098300074,0.07542457542457544,0.20362986541575923,0.0951792336217553
252,0.11636045494313212,0.0,0.0,0.0,0.0,0.0,0.0,0.0,0.0,0.0,0.0,0.0,0.0,0.0,0.0,0.12864852538765584,0.08478382930937675,0.08030457373131651,0.05562422744128557
253,0.9325782092772384,0.0,0.0,0.0,0.0,0.0,0.0,0.0,0.0,0.0,0.0,0.0,0.0,0.0,0.0,1.0,0.6990740740740741,0.645520679415944,1.0
254,0.18169398907103826,0.0,0.0,0.0,0.0,0.0,0.0,0.0,0.0,0.0,0.0,0.0,0.0,0.0,0.0,0.1037866012570903,0.131993006993007,0.043852011487341316,0.11928306551297901
255,0.2398989898989899,0.0,0.0,0.0,0.0,0.0,0.0,0.0,0.0,0.0,0.0,0.0,0.0,0.0,0.0,0.41850909090909094,0.2124765478424015,0.2757344922829556,0.258034610630408
256,0.3948261238337574,0.0,0.0,0.0,0.0,0.0,0.0,0.0,0.0,0.0,0.0,0.0,0.0,0.0,0.0,0.2300286922379946,0.24713584288052373,0.10940740456256241,0.11310259579728063
257,0.2239057239057239,0.0,0.0,0.0,0.0,0.0,0.0,0.0,0.0,0.0,0.0,0.0,0.0,0.0,0.0,0.20413086084727877,0.24539544962080173,0.11667490596797392,0.08807169344870214
258,0.17876344086021506,0.0,0.0,0.0,0.0,0.0,0.0,0.0,0.0,0.0,0.0,0.0,0.0,0.0,0.0,0.12929717341482047,0.1733639494833525,0.05844292182553993,0.08065512978986407
259,0.22735042735042738,0.0,0.0,0.0,0.0,0.0,0.0,0.0,0.0,0.0,0.0,0.0,0.0,0.0,0.0,0.15360762365754047,0.16593406593406593,0.1021366228586154,0.13380716934487025
260,0.12014453477868114,0.0,0.0,0.0,0.0,0.0,0.0,0.0,0.0,0.0,0.0,0.0,0.0,0.0,0.0,0.07770890725436182,0.08733371891266628,0.05114911571954394,0.09765142150803463
261,0.425259792166267,0.0,0.0,0.0,0.0,0.0,0.0,0.0,0.0,0.0,0.0,0.0,0.0,0.0,0.0,0.3026825633383011,0.23386680433660298,0.16745575362596643,0.23702101359703345
262,0.16666666666666666,0.0,0.0,0.0,0.0,0.0,0.0,0.0,0.0,0.0,0.0,0.0,0.0,0.0,0.0,0.152844671884407,0.1218396987627757,0.12393912929426705,0.09888751545117432
263,0.2777777777777778,0.0,0.0,0.0,0.0,0.0,0.0,0.0,0.0,0.0,0.0,0.0,0.0,0.0,0.0,0.203792895845876,0.20306616460462618,0.12393912929426705,0.16254635352286778
264,0.11195286195286196,0.0,0.0,0.0,0.0,0.0,0.0,0.0,0.0,0.0,0.0,0.0,0.0,0.0,0.0,0.1786145032413689,0.16359696641386784,0.11667490596797392,0.08961681087762673
265,0.1802168021680217,0.0,0.0,0.0,0.0,0.0,0.0,0.0,0.0,0.0,0.0,0.0,0.0,0.0,0.0,0.07770890725436182,0.08733371891266628,0.05114911571954394,0.07416563658838074
266,0.11917562724014337,0.0,0.0,0.0,0.0,0.0,0.0,0.0,0.0,0.0,0.0,0.0,0.0,0.0,0.0,0.1034377387318564,0.08668197474167624,0.05844292182553993,0.027812113720642778
267,0.17317708333333334,0.0,0.0,0.0,0.0,0.0,0.0,0.0,0.0,0.0,0.0,0.0,0.0,0.0,0.0,0.15412050387008652,0.08416945373467113,0.0875852096674241,0.05655129789864032
268,0.2309027777777778,0.0,0.0,0.0,0.0,0.0,0.0,0.0,0.0,0.0,0.0,0.0,0.0,0.0,0.0,0.23118075580512978,0.16833890746934227,0.0875852096674241,0.09796044499381953
269,0.3721023181454836,0.0,0.0,0.0,0.0,0.0,0.0,0.0,0.0,0.0,0.0,0.0,0.0,0.0,0.0,0.3783532041728763,0.2728446050593702,0.16745575362596643,0.12978986402966625
270,0.1497747747747748,0.0,0.0,0.3804347826086957,0.0,0.0,0.0,0.0,0.0,0.0,0.0,0.38679245283018865,0.41428571428571426,0.0,0.0,0.12428403583492438,0.25730282375852,0.23251061279210086,0.12731767614338693
271,0.1802168021680217,0.0,0.0,0.0,0.0,0.0,0.0,0.0,0.0,0.0,0.0,0.0,0.0,0.0,0.0,0.10361187633914908,0.13100057836899942,0.05114911571954394,0.0358467243510507
272,0.06007226738934057,0.0,0.0,0.0,0.0,0.0,0.0,0.0,0.0,0.0,0.0,0.0,0.0,0.0,0.0,0.10361187633914908,0.0,0.05114911571954394,0.044190358467243535
273,0.4818840579710145,0.0,0.0,0.0,0.0,0.0,0.0,0.0,0.0,0.0,0.0,0.0,0.0,0.0,0.0,0.30317957904164805,0.19620582120582122,0.16021115227856253,0.10537700865265763
274,0.05864197530864197,0.0,0.0,0.0,0.0,0.0,0.0,0.0,0.0,0.0,0.0,0.0,0.0,0.0,0.0,0.15463682046596622,0.0,0.07302064859894233,0.036464771322620534
275,0.0,0.0,0.0,0.0,0.0,0.0,0.0,0.0,0.0,0.0,0.0,0.0,0.0,0.0,0.0,0.026211863094316248,0.0,0.0,0.002163164400494438
276,0.10866013071895425,0.0,0.0,0.0,0.0,0.0,0.0,0.0,0.0,0.0,0.0,0.0,0.0,0.0,0.0,0.1520892616444511,0.03977871443624868,0.14571215296259535,0.07014833127317678
277,0.11367521367521369,0.0,0.0,0.0,0.0,0.0,0.0,0.0,0.0,0.0,0.0,0.0,0.0,0.0,0.0,0.17920889426713055,0.16593406593406593,0.1021366228586154,0.06365883807169348
278,0.22735042735042738,0.0,0.0,0.0,0.0,0.0,0.0,0.0,0.0,0.0,0.0,0.0,0.0,0.0,0.0,0.17920889426713055,0.16593406593406593,0.1021366228586154,0.08003708281829422
279,0.11195286195286196,0.0,0.0,0.0,0.0,0.0,0.0,0.0,0.0,0.0,0.0,0.0,0.0,0.0,0.0,0.2551635760590985,0.20449620801733479,0.11667490596797392,0.08189122373300374
280,0.11728395061728394,0.0,0.0,0.0,0.0,0.0,0.0,0.0,0.0,0.0,0.0,0.0,0.0,0.0,0.0,0.12886401705497183,0.04270361990950226,0.07302064859894233,0.04604449938195304
281,0.11367521367521369,0.5166666666666667,1.0,0.625,1.0,0.5769230769230769,1.0,0.515625,0.5638297872340425,0.5810810810810811,0.603448275862069,0.0,0.0,0.5909090909090909,0.59375,0.17920889426713055,0.08296703296703296,0.1021366228586154,0.06520395550061807
282,0.23272090988626423,0.0,0.0,0.0,0.0,0.0,0.0,0.0,0.0,0.0,0.0,0.0,0.0,0.0,0.0,0.18010793554271814,0.2119595732734419,0.08030457373131651,0.050988875154511774
283,0.059587813620071685,0.0,0.0,0.0,0.0,0.0,0.0,0.0,0.0,0.0,0.0,0.0,0.0,0.0,0.0,0.0517188693659282,0.04334098737083812,0.05844292182553993,0.042336217552534014
284,0.0,0.0,0.0,0.0,0.0,0.0,0.0,0.0,0.0,0.0,0.0,0.0,0.0,0.0,0.0,0.0,0.0,0.007316940048608369,0.01174289245982695
285,0.18169398907103826,0.0,0.0,0.0,0.0,0.0,0.0,0.0,0.0,0.0,0.0,0.0,0.0,0.0,0.0,0.1037866012570903,0.087995337995338,0.043852011487341316,0.03986402966625465
286,0.1618004866180049,0.41891891891891897,0.8372093023255814,1.0,0.8,0.48913043478260865,0.7586206896551724,0.4230769230769231,0.49074074074074076,0.48863636363636365,0.4861111111111111,0.488095238095238,0.4915254237288136,0.48750000000000004,0.48717948717948717,0.20245215311004786,0.1185243328100471,0.1529632861265857,0.10846724351050686
287,0.0,0.0,0.0,0.0,0.0,0.0,0.0,0.0,0.0,0.0,0.0,0.0,0.0,0.0,0.0,0.026034456237501925,0.0,0.029247899692152704,0.03090234857849198
288,0.0,0.0,0.0,0.0,0.0,0.0,0.0,0.0,0.0,0.0,0.0,0.0,0.0,0.0,0.0,0.0,0.0,0.007316940048608369,0.01174289245982695
289,0.40407986111111116,0.0,0.0,0.0,0.0,0.0,0.0,0.0,0.0,0.0,0.0,0.0,0.0,0.0,0.0,0.23118075580512978,0.3787625418060201,0.0875852096674241,0.1409147095179234
290,0.1094650205761317,0.0,0.0,0.0,0.0,0.0,0.0,0.0,0.0,0.0,0.0,0.0,0.0,0.0,0.0,0.07617011701170118,0.08010610079575597,0.13845775057716045,0.09950556242274414
291,0.23272090988626423,0.0,0.0,0.0,0.0,0.0,0.0,0.0,0.0,0.0,0.0,0.0,0.0,0.0,0.0,0.2315673456977805,0.12717574396406514,0.08030457373131651,0.0639678615574784
292,0.5473251028806584,0.0,0.0,0.0,0.0,0.0,0.0,0.0,0.0,0.0,0.0,0.0,0.0,0.0,0.0,0.27929042904290435,0.3604774535809019,0.13845775057716045,0.12051915945611869
293,0.6244131455399061,0.0,0.0,0.0,0.0,0.0,0.0,0.0,0.0,0.0,0.0,0.0,0.0,0.0,0.0,0.42670176479311883,0.534919028340081,0.18916999088533562,0.3111866501854143
294,0.17183462532299743,0.0,0.0,0.0,0.0,0.0,0.0,0.0,0.0,0.0,0.0,0.0,0.0,0.0,0.0,0.15386363636363637,0.12534587714443832,0.09486255863471175,0.07818294190358471
295,0.16666666666666666,0.0,0.0,0.0,0.0,0.0,0.0,0.0,0.0,0.0,0.0,0.0,0.0,0.0,0.0,0.25474111980734504,0.20306616460462618,0.12393912929426705,0.15234857849196545
296,0.22735042735042738,0.0,0.0,0.0,0.0,0.0,0.0,0.0,0.0,0.0,0.0,0.0,0.0,0.0,0.0,0.25601270609590077,0.16593406593406593,0.1021366228586154,0.12237330037082823
297,0.0,0.0,0.0,0.0,0.0,0.0,0.0,0.0,0.0,0.0,0.0,0.0,0.0,0.0,0.0,0.0,0.0,0.007316940048608369,0.010506798516687272
298,0.2909011373578303,0.0,0.0,0.0,0.0,0.0,0.0,0.0,0.0,0.0,0.0,0.0,0.0,0.0,0.0,0.2572970507753117,0.2119595732734419,0.08030457373131651,0.13349814585908534
299,0.11636045494313212,0.0,0.0,0.0,0.0,0.0,0.0,0.0,0.0,0.0,0.0,0.0,0.0,0.0,0.0,0.20583764062024934,0.12717574396406514,0.08030457373131651,0.027503090234857867
300,0.17592592592592593,0.0,0.0,0.0,0.0,0.0,0.0,0.0,0.0,0.0,0.0,0.0,0.0,0.0,0.0,0.18040962387696058,0.1281108597285068,0.07302064859894233,0.07540173053152043
301,0.11917562724014337,0.0,0.0,0.0,0.0,0.0,0.0,0.0,0.0,0.0,0.0,0.0,0.0,0.0,0.0,0.0775783040488923,0.13002296211251435,0.05844292182553993,0.08034610630407914
302,0.2932098765432099,0.0,0.0,0.0,0.0,0.0,0.0,0.0,0.0,0.0,0.0,0.0,0.0,0.0,0.0,0.12886401705497183,0.17081447963800905,0.07302064859894233,0.0939431396786156
303,0.2932098765432099,0.0,0.0,0.0,0.0,0.0,0.0,0.0,0.0,0.0,0.0,0.0,0.0,0.0,0.0,0.15463682046596622,0.17081447963800905,0.07302064859894233,0.1300988875154512
304,0.0,0.0,0.0,0.0,0.0,0.0,0.0,0.0,0.0,0.0,0.0,0.0,0.0,0.0,0.0,0.0,0.0,0.007316940048608369,0.01174289245982695
305,0.3463541666666667,0.0,0.0,0.0,0.0,0.0,0.0,0.0,0.0,0.0,0.0,0.0,0.0,0.0,0.0,0.20549400516011537,0.33667781493868454,0.0875852096674241,0.1341161928306552
306,0.11028192371475953,0.0,0.0,0.0,0.0,0.0,0.0,0.0,0.0,0.0,0.0,0.0,0.0,0.0,0.0,0.07629601803155524,0.08066239316239317,0.13120007675885728,0.09703337453646478
307,0.0,0.0,0.0,0.0,0.0,0.0,0.0,0.0,0.0,0.0,0.0,0.0,0.0,0.0,0.0,0.0,0.0,0.007316940048608369,0.008961681087762675
308,0.23272090988626423,0.0,0.0,0.0,0.0,0.0,0.0,0.0,0.0,0.0,0.0,0.0,0.0,0.0,0.0,0.2315673456977805,0.1695676586187535,0.08030457373131651,0.1266996291718171
309,0.6252136752136753,0.0,0.0,0.0,0.0,0.0,0.0,0.0,0.0,0.0,0.0,0.0,0.0,0.0,0.0,0.33281651792467104,0.5392857142857144,0.1021366228586154,0.22651421508034617
310,0.17051282051282055,0.0,0.0,0.0,0.0,0.0,0.0,0.0,0.0,0.0,0.0,0.0,0.0,0.0,0.0,0.2304114354863107,0.12445054945054945,0.1021366228586154,0.0939431396786156
311,0.16666666666666666,0.0,0.0,0.0,0.0,0.0,0.0,0.0,0.0,0.0,0.0,0.0,0.0,0.0,0.0,0.203792895845876,0.16245293168370092,0.12393912929426705,0.15358467243510512
312,0.3333333333333333,0.0,0.0,0.0,0.0,0.0,0.0,0.0,0.0,0.0,0.0,0.0,0.0,0.0,0.0,0.2802152317880795,0.2842926304464766,0.12393912929426705,0.12299134734239807
313,0.0,0.0,0.0,0.0,0.0,0.0,0.0,0.0,0.0,0.0,0.0,0.0,0.0,0.0,0.0,0.0,0.0,0.007316940048608369,0.012051915945611872
314,0.48540145985401467,0.0,0.0,0.0,0.0,0.0,0.0,0.0,0.0,0.0,0.0,0.0,0.0,0.0,0.0,0.37959778708133973,0.4740973312401884,0.1529632861265857,0.2320766378244747
315,0.05750108084738435,0.0,0.0,0.0,0.0,0.0,0.0,0.0,0.0,0.0,0.0,0.0,0.0,0.0,0.0,0.3170267232767233,0.15226159608182083,1.0,0.3300370828182949
316,0.0,0.0,0.0,0.0,0.0,0.0,0.0,0.0,0.0,0.0,0.0,0.0,0.0,0.0,0.0,0.02590296908478727,0.0,0.05114911571954394,0.019777503090234863
317,0.34366925064599485,0.0,0.0,0.0,0.0,0.0,0.0,0.0,0.0,0.0,0.0,0.0,0.0,0.0,0.0,0.28208333333333335,0.25069175428887663,0.09486255863471175,0.150185414091471
318,0.3384223918575064,0.0,0.0,0.0,0.0,0.0,0.0,0.0,0.0,0.0,0.0,0.0,0.0,0.0,0.0,0.255587435819994,0.2059465357337698,0.10940740456256241,0.13844252163164403
319,0.2777777777777778,0.0,0.0,0.0,0.0,0.0,0.0,0.0,0.0,0.0,0.0,0.0,0.0,0.0,0.0,0.1783187838651415,0.1218396987627757,0.12393912929426705,0.13751545117428932
320,0.2932098765432099,0.0,0.0,0.0,0.0,0.0,0.0,0.0,0.0,0.0,0.0,0.0,0.0,0.0,0.0,0.15463682046596622,0.21351809954751133,0.07302064859894233,0.05686032138442525
321,0.0,0.0,0.0,0.0,0.0,0.0,0.0,0.0,0.0,0.0,0.0,0.0,0.0,0.0,0.0,0.0,0.0,0.007316940048608369,0.010815822002472192
322,0.17592592592592593,0.0,0.0,0.0,0.0,0.0,0.0,0.0,0.0,0.0,0.0,0.0,0.0,0.0,0.0,0.2319552306989493,0.17081447963800905,0.07302064859894233,0.08559950556242278
323,0.18169398907103826,0.0,0.0,0.0,0.0,0.0,0.0,0.0,0.0,0.0,0.0,0.0,0.0,0.0,0.0,0.12973325157136287,0.175990675990676,0.043852011487341316,0.09672435105067988
324,0.0,0.0,0.0,0.0,0.0,0.0,0.0,0.0,0.0,0.0,0.0,0.0,0.0,0.0,0.0,0.06798098808408087,0.05328158080451659,0.6595728951867739,0.21755253399258362
325,0.6567901234567902,0.0,0.0,0.0,0.0,0.0,0.0,0.0,0.0,0.0,0.0,0.0,0.0,0.0,0.0,0.3808505850585059,0.44058355437665786,0.13845775057716045,0.22651421508034614
326,0.17592592592592593,0.0,0.0,0.0,0.0,0.0,0.0,0.0,0.0,0.0,0.0,0.0,0.0,0.0,0.0,0.15463682046596622,0.21351809954751133,0.07302064859894233,0.0877626699629172
327,0.12213039485766759,0.0,0.0,0.0,0.0,0.0,0.0,0.0,0.0,0.0,0.0,0.0,0.0,0.0,0.0,0.10396191646191648,0.044333529066353496,0.0365516068913973,0.031211372064276897
328,0.2345679012345679,0.0,0.0,0.0,0.0,0.0,0.0,0.0,0.0,0.0,0.0,0.0,0.0,0.0,0.0,0.25772803410994366,0.17081447963800905,0.07302064859894233,0.11063040791100126
329,0.3308457711442786,0.0,0.0,0.0,0.0,0.0,0.0,0.0,0.0,0.0,0.0,0.0,0.0,0.0,0.0,0.3306160781367393,0.16132478632478633,0.13120007675885728,0.07818294190358473
330,0.05818022747156606,0.0,0.0,0.0,0.0,0.0,0.0,0.0,0.0,0.0,0.0,0.0,0.0,0.0,0.0,0.051459410155062335,0.042391914654688376,0.08030457373131651,0.03739184177997529
331,0.0,0.0,0.0,0.0,0.0,0.0,0.0,0.0,0.0,0.0,0.0,0.0,0.0,0.0,0.0,0.0,0.0,0.007316940048608369,0.009270704573547594
332,0.17733333333333334,0.0,0.0,0.0,0.0,0.0,0.0,0.0,0.0,0.0,0.0,0.0,0.0,0.0,0.0,0.18071232458816353,0.2150997150997151,0.06573343204084182,0.06891223733003711
333,0.0,0.0,0.0,0.0,0.0,0.0,0.0,0.0,0.0,0.0,0.0,0.0,0.0,0.0,0.0,0.0,0.0,0.007316940048608369,0.007725587144622995
334,0.2345679012345679,0.0,0.0,0.0,0.0,0.0,0.0,0.0,0.0,0.0,0.0,0.0,0.0,0.0,0.0,0.2319552306989493,0.17081447963800905,0.07302064859894233,0.1282447466007417
335,0.0,0.0,0.0,0.0,0.0,0.0,0.0,0.0,0.0,0.0,0.0,0.0,0.0,0.0,0.0,0.0,0.0,0.007316940048608369,0.007725587144622995
336,0.17592592592592593,0.0,0.0,0.0,0.0,0.0,0.0,0.0,0.0,0.0,0.0,0.0,0.0,0.0,0.0,0.20618242728795494,0.1281108597285068,0.07302064859894233,0.12299134734239807
337,0.0,0.0,0.0,0.0,0.0,0.0,0.0,0.0,0.0,0.0,0.0,0.0,0.0,0.0,0.0,0.0,0.0,0.007316940048608369,0.007725587144622995
338,0.23272090988626423,0.0,0.0,0.0,0.0,0.0,0.0,0.0,0.0,0.0,0.0,0.0,0.0,0.0,0.0,0.2315673456977805,0.1695676586187535,0.08030457373131651,0.13380716934487025
339,0.0,0.0,0.0,0.0,0.0,0.0,0.0,0.0,0.0,0.0,0.0,0.0,0.0,0.0,0.0,0.0,0.0,0.007316940048608369,0.010197775030902353
340,0.34908136482939633,0.0,0.0,0.0,0.0,0.0,0.0,0.0,0.0,0.0,0.0,0.0,0.0,0.0,0.0,0.20583764062024934,0.339135317237507,0.08030457373131651,0.13566131025957978
341,0.11028192371475953,0.0,0.0,0.0,0.0,0.0,0.0,0.0,0.0,0.0,0.0,0.0,0.0,0.0,0.0,0.07629601803155524,0.08066239316239317,0.13120007675885728,0.09796044499381953
342,0.0,0.0,0.0,0.0,0.0,0.0,0.0,0.0,0.0,0.0,0.0,0.0,0.0,0.0,0.0,0.0,0.0,0.007316940048608369,0.010197775030902353
343,0.2909011373578303,0.0,0.0,0.0,0.0,0.0,0.0,0.0,0.0,0.0,0.0,0.0,0.0,0.0,0.0,0.18010793554271814,0.29674340258281867,0.08030457373131651,0.13040791100123614
344,0.11028192371475953,0.0,0.0,0.0,0.0,0.0,0.0,0.0,0.0,0.0,0.0,0.0,0.0,0.0,0.0,0.07629601803155524,0.08066239316239317,0.13120007675885728,0.09857849196538937
345,0.0,0.0,0.0,0.0,0.0,0.0,0.0,0.0,0.0,0.0,0.0,0.0,0.0,0.0,0.0,0.0,0.0,0.007316940048608369,0.010506798516687272
346,0.400947459086994,0.0,0.0,0.0,0.0,0.0,0.0,0.0,0.0,0.0,0.0,0.0,0.0,0.0,0.0,0.23079545454545455,0.3760376314333149,0.09486255863471175,0.14802224969097655
347,0.11028192371475953,0.0,0.0,0.0,0.0,0.0,0.0,0.0,0.0,0.0,0.0,0.0,0.0,0.0,0.0,0.07629601803155524,0.08066239316239317,0.13120007675885728,0.09796044499381953
348,0.28862847222222227,0.0,0.0,0.0,0.0,0.0,0.0,0.0,0.0,0.0,0.0,0.0,0.0,0.0,0.0,0.28255425709515863,0.2525083612040134,0.0875852096674241,0.14122373300370836
349,0.5683760683760685,0.0,0.0,0.0,0.0,0.0,0.0,0.0,0.0,0.0,0.0,0.0,0.0,0.0,0.0,0.30721524731508093,0.2903846153846154,0.1021366228586154,0.22002472187886293
350,0.18169398907103826,0.0,0.0,0.0,0.0,0.0,0.0,0.0,0.0,0.0,0.0,0.0,0.0,0.0,0.0,0.07783995094281773,0.131993006993007,0.043852011487341316,0.0466625463535229
351,0.17183462532299743,0.0,0.0,0.0,0.0,0.0,0.0,0.0,0.0,0.0,0.0,0.0,0.0,0.0,0.0,0.12821969696969698,0.12534587714443832,0.09486255863471175,0.09796044499381955
352,0.12014453477868114,0.0,0.0,0.0,0.0,0.0,0.0,0.0,0.0,0.0,0.0,0.0,0.0,0.0,0.0,0.10361187633914908,0.13100057836899942,0.05114911571954394,0.049443757725587165
353,0.1111111111111111,0.0,0.0,0.0,0.0,0.0,0.0,0.0,0.0,0.0,0.0,0.0,0.0,0.0,0.0,0.1783187838651415,0.08122646584185046,0.12393912929426705,0.14400494437577263
354,0.2909011373578303,0.0,0.0,0.0,0.0,0.0,0.0,0.0,0.0,0.0,0.0,0.0,0.0,0.0,0.0,0.154378230465187,0.2119595732734419,0.08030457373131651,0.12082818294190364
355,0.0,0.0,0.0,0.0,0.0,0.0,0.0,0.0,0.0,0.0,0.0,0.0,0.0,0.0,0.0,0.0,0.0,0.007316940048608369,0.008034610630407914
356,0.34908136482939633,0.0,0.0,0.0,0.0,0.0,0.0,0.0,0.0,0.0,0.0,0.0,0.0,0.0,0.0,0.2572970507753117,0.2119595732734419,0.08030457373131651,0.09517923362175529
357,0.34908136482939633,0.0,0.0,0.0,0.0,0.0,0.0,0.0,0.0,0.0,0.0,0.0,0.0,0.0,0.0,0.20583764062024934,0.1695676586187535,0.08030457373131651,0.05778739184178001
358,0.17733333333333334,0.0,0.0,0.0,0.0,0.0,0.0,0.0,0.0,0.0,0.0,0.0,0.0,0.0,0.0,0.07744813910921294,0.08603988603988605,0.06573343204084182,0.06829419035846727
359,0.0,0.0,0.0,0.0,0.0,0.0,0.0,0.0,0.0,0.0,0.0,0.0,0.0,0.0,0.0,0.05206891247500385,0.0,0.029247899692152704,0.017614338689740425
360,0.34366925064599485,0.0,0.0,0.0,0.0,0.0,0.0,0.0,0.0,0.0,0.0,0.0,0.0,0.0,0.0,0.2051515151515152,0.16712783619258442,0.09486255863471175,0.08498145859085295
361,0.0,0.0,0.0,0.0,0.0,0.0,0.0,0.0,0.0,0.0,0.0,0.0,0.0,0.0,0.0,0.0,0.0,0.007316940048608369,0.010506798516687272
362,0.4137777777777778,0.0,0.0,0.0,0.0,0.0,0.0,0.0,0.0,0.0,0.0,0.0,0.0,0.0,0.0,0.23234441732763883,0.2150997150997151,0.06573343204084182,0.0658220024721879
363,0.4478114478114478,0.0,0.0,0.0,0.0,0.0,0.0,0.0,0.0,0.0,0.0,0.0,0.0,0.0,0.0,0.43698192689224086,0.3629807692307693,0.5891868799843623,0.2957354758961684
364,0.7896522476675149,0.0,0.0,0.0,0.0,0.0,0.0,0.0,0.0,0.0,0.0,0.0,0.0,0.0,0.0,0.383381153729991,0.6590289143480633,0.10211192590989275,0.17707045735475901
365,0.3546666666666667,0.0,0.0,0.0,0.0,0.0,0.0,0.0,0.0,0.0,0.0,0.0,0.0,0.0,0.0,0.23234441732763883,0.4301994301994302,0.04381732626454365,0.11557478368355999
366,0.6204410517387617,0.0,0.0,0.0,0.0,0.0,0.0,0.0,0.0,0.0,0.0,0.0,0.0,0.0,0.0,0.3578224101479916,0.6590289143480633,0.10940740456256241,0.13875154511742896
367,0.28418803418803423,0.0,0.0,0.0,0.0,0.0,0.0,0.0,0.0,0.0,0.0,0.0,0.0,0.0,0.0,0.2304114354863107,0.6222527472527473,0.08024524751086189,0.04851668726823241
368,0.5236220472440946,0.0,0.0,0.0,0.0,0.0,0.0,0.0,0.0,0.0,0.0,0.0,0.0,0.0,0.0,0.28302675585284287,0.5087029758562606,0.07300250476369412,0.14925834363411625
369,0.6288416075650118,0.0,0.0,0.0,0.0,0.0,0.0,0.0,0.0,0.0,0.0,0.0,0.0,0.0,0.0,0.35197563874034465,1.0,0.145539896763988,0.1554388133498146
370,0.2309027777777778,0.0,0.0,0.0,0.0,0.0,0.0,0.0,0.0,0.0,0.0,0.0,0.0,0.0,0.0,0.20549400516011537,0.5471014492753623,0.07298436912164312,0.09363411619283067
371,0.3358585858585859,0.0,0.0,0.0,0.0,0.0,0.0,0.0,0.0,0.0,0.0,0.0,0.0,0.0,0.0,0.3061962912709182,0.6952871072589383,0.08020574130676038,0.08529048207663786
