,abstract,keyword0,keyword1,keyword2,keyword3,keyword4,keyword5,keyword6,introduction,conclusion,text,word freq. in sentence
0,0.2981672932330827,0.0,0.0,0.0,0.0,0.0,0.0,0.0,0.20160440531629217,0.13136094674556212,0.026978893129758357,0.04049434656849854
1,0.3580332409972299,0.0,0.0,0.0,0.0,0.0,0.0,0.0,0.17831895822763402,0.2596491228070175,0.03370659379696127,0.0628451222718906
2,0.47167707404103476,0.0,0.0,0.0,0.0,0.0,0.0,0.0,0.3090062631878621,0.4228571428571428,0.04377441870193253,0.08808835130160397
3,0.32836516068933397,0.0,0.0,0.0,0.0,0.0,0.0,0.0,0.11172521361725214,0.17411764705882352,0.030343561918428814,0.03970549566132
4,0.23612440191387557,0.0,0.0,0.0,0.0,0.0,0.0,0.0,0.0,0.04431137724550898,0.01687012224054775,0.018143570865106488
5,1.0,0.0,0.0,0.0,0.0,0.0,0.0,0.0,0.4388318112633181,0.7474747474747474,0.12054480137589543,0.18643176439652903
6,0.4158348457350272,0.0,0.0,0.0,0.0,0.0,0.0,0.0,0.19962303523947358,0.29942196531791904,0.033688561422369284,0.04943465684985537
7,0.06746411483253588,0.0,0.0,0.0,0.0,0.0,0.0,0.0,0.1575854883339596,0.04431137724550898,0.010121086643217928,0.022350775703392053
8,0.06808305166586191,0.0,0.0,0.0,0.0,0.0,0.0,0.0,0.1354109589041096,0.0,0.006749034395794128,0.006047856955035497
9,0.06397459165154265,0.0,0.0,0.0,0.0,0.0,0.0,0.0,0.2883443842347952,0.1283236994219653,0.033688561422369284,0.018932421772285032
10,0.2413350449293967,0.0,0.0,0.0,0.0,0.0,0.0,0.0,0.43610614783932233,0.20555555555555552,0.06053654636681531,0.058112016828819335
11,0.12165660051768767,0.0,0.0,0.0,0.0,0.0,0.0,0.0,0.4153039901820956,0.1653631284916201,0.047093316246507255,0.07073363134367604
12,0.16274238227146814,0.0,0.0,0.0,0.0,0.0,0.0,0.0,0.24518856756299678,0.21637426900584794,0.026964125006342543,0.042072048382855616
13,0.12472357363998231,0.0,0.0,0.0,0.0,0.0,0.0,0.0,0.3522886735716672,0.08409090909090909,0.0403958239491701,0.04470155140678411
14,0.23011015911872704,0.0,0.0,0.0,0.0,0.0,0.0,0.0,0.5588388780169602,0.15913978494623657,0.06380258209478604,0.09834341309492504
15,0.24736842105263157,0.0,0.0,0.0,0.0,0.0,0.0,0.0,0.6781143481895942,0.3083333333333333,0.0871837376596312,0.09808046279253219
16,0.08905263157894737,0.0,0.0,0.0,0.0,0.0,0.0,0.0,0.4774104320337197,0.16263736263736264,0.063867773328795,0.05548251380489086
17,0.031180893409995577,0.0,0.0,0.0,0.0,0.0,0.0,0.0,0.3522886735716672,0.042045454545454546,0.03366154571830674,0.027872732053641852
18,0.0,0.0,0.0,0.0,0.0,0.0,0.0,0.0,0.1796496967218701,0.2202380952380952,0.020238889887170142,0.023665527215356287
19,0.29552864462040057,0.0,0.0,0.0,0.0,0.0,0.0,0.0,0.22345042723450428,0.34823529411764703,0.030343561918428814,0.08177754404417563
20,0.5006265664160401,0.0,0.0,0.0,0.0,0.0,0.0,0.0,0.497913997569068,0.5256830601092896,0.06385146366159145,0.12332369182224558
21,0.02968421052631579,0.0,0.0,0.0,0.0,0.0,0.0,0.0,0.4774104320337197,0.24395604395604395,0.036969870176700316,0.03944254535892714
22,0.19701909641360038,0.0,0.0,0.0,0.0,0.0,0.0,0.0,0.22345042723450428,0.2611764705882353,0.030343561918428814,0.038653694451748606
23,0.030921052631578946,0.0,0.0,0.0,0.0,0.0,0.0,0.0,0.37339599373395993,0.12542372881355932,0.03365254923293639,0.03970549566132
24,0.0,0.0,0.0,0.0,0.0,0.0,0.0,0.0,0.1354109589041096,0.04457831325301205,0.016875053343029967,0.00920326058374967
25,0.062361786819991154,0.0,0.0,0.0,0.0,0.0,0.0,0.0,0.3522886735716672,0.12613636363636363,0.03029440660287507,0.02077307388903497
26,0.0919965202261853,0.0,0.0,0.0,0.0,0.0,0.0,0.0,0.39440085117701823,0.1247191011235955,0.05383657984510646,0.03339468840389164
27,0.48898408812729505,0.0,0.0,0.0,0.0,0.0,0.0,0.0,0.5588388780169602,0.875268817204301,0.0738795170917202,0.2311333158033131
28,0.0,0.0,0.0,0.0,0.0,0.0,0.0,0.0,0.09072761065601982,0.0,0.0,0.0034183539311070208
29,0.1279491833030853,0.0,0.0,0.0,0.0,0.0,0.0,0.0,0.2883443842347952,0.17109826589595373,0.026949371245312742,0.04286089929003417
30,0.06397459165154265,0.0,0.0,0.0,0.0,0.0,0.0,0.0,0.2883443842347952,0.1283236994219653,0.030318966333841017,0.045753352616355505
31,0.19359267734553776,0.0,0.0,0.0,0.0,0.0,0.0,0.0,0.26681962345637356,0.30116279069767443,0.03706798995959949,0.08361819616092557
32,0.0,0.0,0.0,0.0,0.0,0.0,0.0,0.0,0.1796496967218701,0.044047619047619044,0.0134914971904239,0.012884564817249535
33,0.12472357363998231,0.0,0.0,0.0,0.0,0.0,0.0,0.0,0.1981623788840628,0.12613636363636363,0.05049724129546513,0.03365763870628451
34,0.08977079796264856,0.0,0.0,0.0,0.0,0.0,0.0,0.0,0.3480442317214062,0.4088397790055248,0.06724714468453317,0.0573231659216408
35,0.1279491833030853,0.0,0.0,0.0,0.0,0.0,0.0,0.0,0.19962303523947358,0.21387283236994217,0.04042775159942583,0.04207204838285564
36,0.16132723112128147,0.0,0.0,0.0,0.0,0.0,0.0,0.0,0.15564478034955126,0.12906976744186047,0.03706798995959949,0.03444648961346304
37,0.17954159592529711,0.0,0.0,0.0,0.0,0.0,0.0,0.0,0.21752764482587886,0.2453038674033149,0.06724714468453317,0.06415987378385485
38,0.09679633867276888,0.0,0.0,0.0,0.0,0.0,0.0,0.0,0.06670490586409339,0.21511627906976744,0.03706798995959949,0.04996055745464106
39,0.3180451127819549,0.0,0.0,0.0,0.0,0.0,0.0,0.0,0.4607952197819661,0.6385786802030456,0.12057475588059142,0.15619247962135155
40,0.12578055307760927,0.0,0.0,0.0,0.0,0.0,0.0,0.0,0.19864688347791137,0.16914285714285712,0.047142376077173545,0.03234288719432027
41,0.20946519524617996,0.0,0.0,0.0,0.0,0.0,0.0,0.0,0.2827859382736425,0.2453038674033149,0.06724714468453317,0.056271364712069415
42,0.06509695290858726,0.0,0.0,0.0,0.0,0.0,0.0,0.0,0.11144934889227126,0.12982456140350876,0.03370659379696127,0.02787273205364185
43,0.12472357363998231,0.0,0.0,0.0,0.0,0.0,0.0,0.0,0.110090210491146,0.2102272727272727,0.05049724129546513,0.03260583749671311
44,0.1686602870813397,0.0,0.0,0.0,0.0,0.0,0.0,0.0,0.2987791055409825,0.11746031746031745,0.09396261180951417,0.07520378648435447
45,0.10028449502133713,0.0,0.0,0.0,0.0,0.0,0.0,0.0,0.11228106045116881,0.13214285714285712,0.023612586235543267,0.02629503023928477
46,0.1508344030808729,0.0,0.0,0.0,0.0,0.0,0.0,0.0,0.28346899609555953,0.28777777777777774,0.06390041641514463,0.07099658164606888
47,0.06685633001422475,0.0,0.0,0.0,0.0,0.0,0.0,0.0,0.11228106045116881,0.13214285714285712,0.023612586235543267,0.017354719957927946
48,0.1559044670499779,0.0,0.0,0.0,0.0,0.0,0.0,0.0,0.1761443367858336,0.16818181818181818,0.05049724129546513,0.055482513804890866
49,0.14724310776942354,0.0,0.0,0.0,0.0,0.0,0.0,0.0,0.173187477415328,0.20218579234972675,0.07393573089354642,0.0341835393110702
50,0.19192377495462795,0.0,0.0,0.0,0.0,0.0,0.0,0.0,0.11090168624415199,0.1283236994219653,0.04042775159942583,0.05811201682881935
51,0.19701909641360038,0.0,0.0,0.0,0.0,0.0,0.0,0.0,0.11172521361725214,0.30470588235294116,0.030343561918428814,0.06337102287667629
52,0.13492822966507176,0.0,0.0,0.0,0.0,0.0,0.0,0.0,0.09004885047654836,0.04431137724550898,0.02024464003921266,0.01945832237707073
53,0.16132723112128147,0.0,0.0,0.0,0.0,0.0,0.0,0.0,0.1778797489709157,0.30116279069767443,0.03706798995959949,0.07704443860110437
54,0.0656730321378668,0.0,0.0,0.0,0.0,0.0,0.0,0.0,0.11172521361725214,0.13058823529411764,0.030343561918428814,0.02550617933210622
55,0.09764542936288088,0.0,0.0,0.0,0.0,0.0,0.0,0.0,0.08915947911381701,0.17309941520467834,0.03370659379696127,0.027872732053641852
56,0.28542510121457493,0.0,0.0,0.0,0.0,0.0,0.0,0.0,0.22125973677142088,0.467816091954023,0.04378587990836262,0.0844070470681041
57,0.12368421052631579,0.0,0.0,0.0,0.0,0.0,0.0,0.0,0.2416091724160917,0.376271186440678,0.05385047675168808,0.08361819616092556
58,0.10119617224880383,0.0,0.0,0.0,0.0,0.0,0.0,0.0,0.11256106309568545,0.08862275449101796,0.02024464003921266,0.017091769655535098
59,0.15993647912885664,0.0,0.0,0.0,0.0,0.0,0.0,0.0,0.1552623607418128,0.17109826589595373,0.04042775159942583,0.04917170654746251
60,0.0,0.0,0.0,0.0,0.0,0.0,0.0,0.0,0.06557431423927826,0.08268156424581005,0.060552063125960315,0.017354719957927943
61,0.09850954820680019,0.0,0.0,0.0,0.0,0.0,0.0,0.0,0.08938017089380171,0.13058823529411764,0.030343561918428814,0.02918748356560609
62,0.06453089244851258,0.0,0.0,0.0,0.0,0.0,0.0,0.0,0.06670490586409339,0.17209302325581394,0.03706798995959949,0.02550617933210622
63,0.15460526315789472,0.0,0.0,0.0,0.0,0.0,0.0,0.0,0.1317868213178682,0.25084745762711863,0.05385047675168808,0.06652642650539048
64,0.09850954820680019,0.0,0.0,0.0,0.0,0.0,0.0,0.0,0.11172521361725214,0.08705882352941176,0.030343561918428814,0.02235077570339205
65,0.12266202696824707,0.0,0.0,0.0,0.0,0.0,0.0,0.0,0.10955579199361618,0.3325842696629213,0.0572020836331387,0.07651853799631869
66,0.10452186805040771,0.0,0.2641509433962264,0.0,0.0,0.0,0.0,0.0,0.16678794014362996,0.26030150753768844,0.12721171788043908,0.11753878516960294
67,0.028324628364805142,0.0,1.0,0.0,0.0,0.0,0.0,0.0,0.10695968317860156,0.07872340425531914,0.0906288412177613,0.05916381803839072
68,0.0,0.0,0.0,0.0,0.0,0.0,0.0,0.0,0.0,0.0,0.006756438260488671,0.00341835393110702
69,0.0,0.0,0.0,0.0,0.0,0.0,0.0,0.0,0.04480097895917604,0.0,0.026978893129758357,0.015514067841178014
70,0.0,0.0,0.0,0.0,0.0,0.0,0.0,0.0,0.08850389470856836,0.1275862068965517,0.04378587990836262,0.0341835393110702
71,0.03373205741626794,0.0,0.0,0.0,0.0,0.0,0.0,0.0,0.04502442523827418,0.04431137724550898,0.02024464003921266,0.0165658690507494
72,0.03144513826940232,0.5909090909090909,0.0,0.588235294117647,0.4933333333333333,0.0,0.0,0.603448275862069,0.13243125565194092,0.16914285714285712,0.047142376077173545,0.055745464107283725
73,0.03254847645429363,0.0,0.0,0.0,0.0,0.0,0.0,0.0,0.06686960933536276,0.043274853801169584,0.03370659379696127,0.01630291874835655
74,0.06289027653880463,0.0,0.4827586206896552,0.0,0.0,0.0,0.0,0.0,0.13243125565194092,0.2114285714285714,0.047142376077173545,0.06915592952931894
75,0.030166880616174587,0.0,0.0,0.0,0.0,0.0,0.0,0.0,0.1308318443517967,0.16444444444444445,0.06390041641514463,0.06784117801735472
76,0.09850954820680019,0.0,0.0,0.0,0.0,0.0,0.0,0.0,0.11172521361725214,0.2176470588235294,0.030343561918428814,0.05942676834078358
77,0.03041415012942192,0.0,0.0,0.0,0.0,0.0,0.0,0.0,0.06557431423927826,0.08268156424581005,0.060552063125960315,0.06415987378385483
78,0.0,0.0,0.0,0.0,0.0,0.0,0.0,0.0,0.04446993724272893,0.043023255813953484,0.03706798995959949,0.0226137260057849
79,0.02992359932088285,0.9285714285714285,0.0,1.0,0.7956989247311828,0.0,0.0,1.0,0.021752764482587887,0.12265193370165745,0.06724714468453317,0.08414409676571125
80,0.0,0.0,0.0,0.0,0.0,0.0,0.0,0.0,0.0,0.043786982248520706,0.026978893129758357,0.030765185379963176
81,0.033428165007112376,0.0,0.0,0.0,0.0,0.0,0.0,0.0,0.06736863627070129,0.13214285714285712,0.023612586235543267,0.03996844596371285
82,0.0,0.0,0.0,0.0,0.0,0.0,0.0,0.0,0.0,0.04457831325301205,0.016875053343029967,0.028398632658427552
83,0.0,0.0,0.0,0.0,0.0,0.0,0.0,0.0,0.04502442523827418,0.0,0.02024464003921266,0.014199316329213773
84,0.06808305166586191,0.0,0.0,0.0,0.0,0.0,0.0,0.0,0.022568493150684932,0.0891566265060241,0.016875053343029967,0.017354719957927946
85,0.03373205741626794,0.0,0.0,0.0,0.0,0.0,0.0,0.0,0.04502442523827418,0.04431137724550898,0.02024464003921266,0.025243229029713373
86,0.3144513826940232,0.0,0.0,0.0,0.0,0.0,0.0,0.0,0.26486251130388183,0.4228571428571428,0.047142376077173545,0.1114909282145674
87,0.21826625386996903,0.0,0.0,0.0,0.0,0.0,0.0,0.0,0.2421984630805212,0.2943181818181818,0.05049724129546513,0.09150670523271101
88,0.06685633001422475,0.0,0.0,0.0,0.0,0.0,0.0,0.0,0.06736863627070129,0.13214285714285712,0.023612586235543267,0.023402576912963446
89,0.06133101348412354,0.0,0.0,0.0,0.0,0.0,0.0,0.0,0.0657334751961697,0.041573033707865165,0.0572020836331387,0.029976334472784635
90,0.0,0.0,0.0,0.0,0.0,0.0,0.0,0.0,0.08982484836093504,0.13214285714285712,0.023612586235543267,0.015251117538785162
91,0.0,1.0,0.0,0.7999999999999999,0.7708333333333333,0.0,0.0,0.8750000000000001,0.022568493150684932,0.0891566265060241,0.016875053343029967,0.023665527215356287
92,0.06184210526315789,0.0,0.0,0.0,0.0,0.0,0.0,0.0,0.3294670532946705,0.12542372881355932,0.05385047675168808,0.03050223507757032
93,0.15207075064710956,0.0,0.0,0.0,0.0,0.0,0.0,0.0,0.17486483797140867,0.12402234636871508,0.060552063125960315,0.05837496713121219
94,0.0,0.0,0.0,0.0,0.0,0.0,0.0,0.0,0.02262505579016033,0.044848484848484846,0.013503824948091523,0.02734683144885616
95,0.0,0.0,0.0,0.0,0.0,0.0,0.0,0.0,0.04536380532800991,0.045121951219512194,0.010130953654325136,0.02892453326321325
96,0.0,0.0,0.0,0.0,0.0,0.0,0.0,0.0,0.04559291545592916,0.045679012345679004,0.0033802775641686177,0.01603996844596371
97,0.05843348528802321,0.0,0.0,0.0,0.0,0.0,0.0,0.0,0.23756308579668348,0.12065217391304346,0.07727759119511572,0.05890086773599789
98,0.2239110707803993,0.0,0.0,0.0,0.0,0.0,0.0,0.0,0.22180337248830398,0.29942196531791904,0.04042775159942583,0.11911648698395999
99,0.0656730321378668,0.0,0.0,0.0,0.0,0.0,0.0,0.0,0.11172521361725214,0.2176470588235294,0.030343561918428814,0.0644228240862477
100,0.06685633001422475,0.8666666666666666,0.0,0.7407407407407407,0.6851851851851851,0.0,0.0,0.7954545454545455,0.08982484836093504,0.17619047619047618,0.023612586235543267,0.05416776229292664
101,0.06746411483253588,0.0,0.0,0.0,0.0,0.0,0.0,0.0,0.11256106309568545,0.13293413173652693,0.02024464003921266,0.07283723376281881
102,0.0331296992481203,0.0,0.0,0.0,0.0,0.0,0.0,0.0,0.11200244739794012,0.043786982248520706,0.026978893129758357,0.03444648961346304
103,0.0,0.0,0.0,0.0,0.0,0.0,0.0,0.0,0.02273903592008557,0.0,0.006756438260488671,0.003155403628714173
104,0.034677816035415636,0.0,0.0,0.0,0.0,0.0,0.0,0.0,0.04536380532800991,0.09024390243902439,0.010130953654325136,0.03628714173021298
105,0.09850954820680019,0.0,0.0,0.0,0.0,0.0,0.0,0.0,0.11172521361725214,0.2611764705882353,0.030343561918428814,0.07809623981067576
106,0.03500496524329692,0.0,0.0,0.0,0.0,0.0,0.0,0.0,0.04547807184017114,0.04539877300613497,0.006756438260488671,0.019721272679463574
107,0.0656730321378668,0.7647058823529411,0.0,0.689655172413793,0.6166666666666667,0.0,0.0,0.7291666666666666,0.08938017089380171,0.17411764705882352,0.030343561918428814,0.05653431501446226
108,0.06746411483253588,0.0,0.0,0.0,0.0,0.0,0.0,0.0,0.09004885047654836,0.13293413173652693,0.02024464003921266,0.03944254535892715
109,0.0,0.0,0.0,0.0,0.0,0.0,0.0,0.0,0.02273903592008557,0.0,0.006756438260488671,0.009729161188535364
110,0.0,0.0,0.0,0.0,0.0,0.0,0.0,0.0,0.02262505579016033,0.0,0.013503824948091523,0.008677359978963973
111,0.03373205741626794,0.0,0.0,0.0,0.0,0.0,0.0,0.0,0.02251221261913709,0.08862275449101796,0.02024464003921266,0.028924533263213245
112,0.0,0.0,0.0,0.0,0.0,0.0,0.0,0.0,0.04536380532800991,0.13536585365853657,0.010130953654325136,0.031291085984748876
113,0.06685633001422475,0.0,0.0,0.0,0.0,0.0,0.0,0.0,0.11228106045116881,0.13214285714285712,0.023612586235543267,0.03970549566132
114,0.03435672514619883,0.0,0.0,0.0,0.0,0.0,0.0,0.0,0.067875167370481,0.044848484848484846,0.013503824948091523,0.03812779384696292
115,0.06935563207083127,0.0,0.0,0.0,0.0,0.0,0.0,0.0,0.09072761065601982,0.13536585365853657,0.010130953654325136,0.055219563502498015
116,0.2128990509059534,0.0,0.0,0.0,0.0,0.0,0.0,0.0,0.3278715711963912,0.28938547486033517,0.060552063125960315,0.0912437549303182
117,0.060333761232349174,0.0,0.0,0.0,0.0,0.0,0.0,0.0,0.19624776652769504,0.04111111111111111,0.06390041641514463,0.021561924796213508
118,0.1313460642757336,0.0,0.0,0.0,0.0,0.0,0.0,0.0,0.13407025634070255,0.04352941176470588,0.030343561918428814,0.01919537207467788
119,0.1572256913470116,0.0,0.0,0.0,0.0,0.0,0.0,0.0,0.24279063536189166,0.33828571428571425,0.047142376077173545,0.07704443860110438
120,0.03144513826940232,0.5909090909090909,0.0,0.588235294117647,0.4933333333333333,0.0,0.0,0.603448275862069,0.11035937970995077,0.2537142857142857,0.047142376077173545,0.05416776229292663
121,0.09354268022998673,0.0,0.0,0.0,0.0,0.0,0.0,0.0,0.2862345472769796,0.33636363636363636,0.05049724129546513,0.03497239021824874
122,0.034677816035415636,0.0,0.0,0.0,0.0,0.0,0.0,0.0,0.04536380532800991,0.045121951219512194,0.010130953654325136,0.0336576387062845
123,0.10403344810624693,0.0,0.0,0.0,0.0,0.0,0.0,0.0,0.09072761065601982,0.18048780487804877,0.010130953654325136,0.07336313436760451
124,0.06871345029239766,0.0,0.0,0.0,0.0,0.0,0.0,0.0,0.067875167370481,0.08969696969696969,0.013503824948091523,0.038653694451748606
125,0.03500496524329692,0.0,0.0,0.0,0.0,0.0,0.0,0.0,0.02273903592008557,0.09079754601226994,0.006756438260488671,0.022876676308177753
126,0.13616610333172383,0.0,0.0,0.0,0.0,0.0,0.0,0.0,0.045136986301369864,0.22289156626506024,0.016875053343029967,0.04391270049960557
127,0.030166880616174587,0.0,0.0,0.0,0.0,0.0,0.0,0.0,0.08722122956786446,0.20555555555555552,0.06390041641514463,0.04601630291874834
128,0.06808305166586191,0.0,0.0,0.0,0.0,0.0,0.0,0.0,0.045136986301369864,0.13373493975903614,0.016875053343029967,0.03628714173021298
129,0.034677816035415636,0.0,0.0,0.0,0.0,0.0,0.0,0.0,0.022681902664004955,0.045121951219512194,0.010130953654325136,0.026820930844070466
130,0.06397459165154265,0.0,0.0,0.0,0.0,0.0,0.0,0.0,0.1330820234929824,0.2566473988439306,0.04042775159942583,0.07572968708914014
131,0.0,0.0,0.0,0.0,0.0,0.0,0.0,0.0,0.022289869778454253,0.043274853801169584,0.03370659379696127,0.017354719957927946
132,0.0,0.0,0.0,0.0,0.0,0.0,0.0,0.0,0.04446993724272893,0.0,0.03706798995959949,0.016565869050749405
133,0.03226544622425629,0.0,0.0,0.0,0.0,0.0,0.0,0.0,0.022234968621364464,0.17209302325581394,0.03706798995959949,0.055482513804890866
134,0.0,0.0,0.0,0.0,0.0,0.0,0.0,0.0,0.10955579199361618,0.1247191011235955,0.0572020836331387,0.0468051538259269
135,0.0,0.0,0.6363636363636365,0.0,0.0,0.0,0.0,0.0,0.06736863627070129,0.08809523809523809,0.023612586235543267,0.03023928477517748
136,0.0,0.0,0.7000000000000001,0.0,0.0,0.0,0.0,0.0,0.045136986301369864,0.0891566265060241,0.016875053343029967,0.01761767026032079
137,0.0,0.0,0.0,0.0,0.0,0.0,0.0,0.0,0.02279645772796458,0.0,0.0033802775641686177,0.00683670786221404
138,0.0,0.0,0.0,0.0,0.0,0.0,0.0,0.0,0.11144934889227126,0.0,0.03370659379696127,0.0226137260057849
139,0.0331296992481203,0.0,0.0,0.0,0.0,0.0,0.0,0.0,0.11200244739794012,0.08757396449704141,0.026978893129758357,0.029713384170391786
140,0.06342780026990553,0.0,0.0,0.0,0.0,0.0,0.0,0.0,0.13275584206285254,0.08505747126436781,0.04378587990836262,0.050749408361819605
141,0.06397459165154265,0.65,0.0,0.625,0.536231884057971,0.0,0.0,0.6481481481481481,0.0665410117464912,0.08554913294797686,0.04042775159942583,0.05048645805942677
142,0.031987295825771325,0.0,0.0,0.0,0.0,0.0,0.0,0.0,0.11090168624415199,0.17109826589595373,0.04042775159942583,0.04154614777806994
143,0.0,0.0,0.0,0.0,0.0,0.0,0.0,0.0,0.02262505579016033,0.0,0.013503824948091523,0.0165658690507494
144,0.03254847645429363,0.7222222222222221,0.56,0.6666666666666666,0.5873015873015872,0.0,0.0,0.7000000000000001,0.08915947911381701,0.08654970760233917,0.03370659379696127,0.05206415987378385
145,0.0331296992481203,0.8125,0.6086956521739131,0.7142857142857142,0.6491228070175438,0.0,0.0,0.7608695652173914,0.06720146843876407,0.08757396449704141,0.026978893129758357,0.037864843544570065
146,0.0,0.0,0.0,0.0,0.0,0.0,0.0,0.0,0.022681902664004955,0.0,0.010130953654325136,0.01472521693399947
147,0.0,0.0,0.0,0.0,0.0,0.0,0.0,0.0,0.02279645772796458,0.0,0.0033802775641686177,0.0042072048382855625
148,0.06871345029239766,0.0,0.0,0.0,0.0,0.0,0.0,0.0,0.09050022316064132,0.13454545454545452,0.013503824948091523,0.060478569550354966
149,0.09764542936288088,0.0,0.0,0.0,0.0,0.0,0.0,0.0,0.13373921867072552,0.2596491228070175,0.03370659379696127,0.06047856955035499
150,0.0656730321378668,0.0,0.0,0.0,0.0,0.0,0.0,0.0,0.13407025634070255,0.08705882352941176,0.030343561918428814,0.04259794898764133
151,0.10119617224880383,0.0,0.0,0.0,0.0,0.0,0.0,0.0,0.11256106309568545,0.17724550898203592,0.02024464003921266,0.06915592952931894
152,0.06509695290858726,0.7222222222222221,0.0,0.6666666666666666,0.5873015873015872,0.0,0.0,0.7000000000000001,0.06686960933536276,0.21637426900584794,0.03370659379696127,0.0844070470681041
153,0.12368421052631579,0.0,0.0,0.0,0.0,0.0,0.0,0.0,0.1317868213178682,0.376271186440678,0.05385047675168808,0.07362608466999737
154,0.0,0.0,0.0,0.0,0.0,0.0,0.0,0.0,0.02279645772796458,0.0,0.0033802775641686177,0.007362608466999735
155,0.12472357363998231,0.0,0.0,0.0,0.0,0.0,0.0,0.0,0.1761443367858336,0.2943181818181818,0.05049724129546513,0.07283723376281882
156,0.0,0.0,0.0,0.0,0.0,0.0,0.0,0.0,0.022681902664004955,0.0,0.010130953654325136,0.00473310544307126
157,0.12906178489702516,0.0,0.0,0.0,0.0,0.0,0.0,0.0,0.11117484310682232,0.25813953488372093,0.03706798995959949,0.06889297922692611
158,0.06509695290858726,0.0,0.0,0.0,0.0,0.0,0.0,0.0,0.11144934889227126,0.08654970760233917,0.03370659379696127,0.05022350775703391
159,0.0,0.0,0.0,0.0,0.0,0.0,0.0,0.0,0.022681902664004955,0.13536585365853657,0.010130953654325136,0.029187483565606093
160,0.06082830025884384,0.5,0.0,0.5263157894736842,0.42528735632183906,0.0,0.0,0.5303030303030304,0.06557431423927826,0.28938547486033517,0.060552063125960315,0.0959768603733894
161,0.06871345029239766,0.0,0.0,0.0,0.0,0.0,0.0,0.0,0.09050022316064132,0.08969696969696969,0.013503824948091523,0.03523534052064159
162,0.0,0.0,0.0,0.0,0.0,0.0,0.0,0.0,0.02245621209023376,0.044047619047619044,0.023612586235543267,0.012621614514856687
163,0.029216742644011605,0.0,0.0,0.0,0.0,0.0,0.0,0.0,0.06478993249000459,0.2010869565217391,0.07727759119511572,0.09886931369971073
164,0.0,0.0,0.0,0.0,0.0,0.0,0.0,0.0,0.02191115839872323,0.20786516853932582,0.0572020836331387,0.05074940836181961
165,0.1325187969924812,0.0,0.0,0.0,0.0,0.0,0.0,0.0,0.06720146843876407,0.17514792899408282,0.026978893129758357,0.04338679989481987
166,0.03373205741626794,0.0,0.0,0.0,0.0,0.0,0.0,0.0,0.06753663785741126,0.13293413173652693,0.02024464003921266,0.03970549566132
167,0.0,0.0,0.0,0.0,0.0,0.0,0.0,0.0,0.022568493150684932,0.04457831325301205,0.016875053343029967,0.01919537207467788
168,0.062361786819991154,0.5652173913043478,0.0,0.5714285714285714,0.47435897435897434,0.0,0.0,0.5833333333333334,0.0440360841964584,0.25227272727272726,0.05049724129546513,0.10386536944517481
169,0.0,0.0,0.0,0.0,0.0,0.0,0.0,0.0,0.02262505579016033,0.0,0.013503824948091523,0.015514067841178014
170,0.0,0.0,0.0,0.0,0.0,0.0,0.0,0.0,0.022681902664004955,0.0,0.010130953654325136,0.01367341572442808
171,0.0,0.0,0.0,0.0,0.0,0.0,0.0,0.0,0.02279645772796458,0.0,0.0033802775641686177,0.003944254535892716
172,0.031180893409995577,0.5652173913043478,0.0,0.5714285714285714,0.47435897435897434,0.0,0.0,0.5833333333333334,0.06605412629468761,0.042045454545454546,0.05049724129546513,0.056797265316855104
173,0.0,0.0,0.0,0.0,0.0,0.0,0.0,0.0,0.02212597367714209,0.0,0.04378587990836262,0.028135682356034697
174,0.0328365160689334,0.0,0.0,0.0,0.0,0.0,0.0,0.0,0.0,0.08705882352941176,0.030343561918428814,0.018406521167499336
175,0.034041525832930956,0.0,0.0,0.0,0.0,0.0,0.0,0.0,0.022568493150684932,0.13373493975903614,0.016875053343029967,0.02051012358664212
176,0.08696546052631579,0.40625,0.0,0.45454545454545453,0.35238095238095235,0.0,0.0,0.44871794871794873,0.10772550429921209,0.04,0.08061783120078124,0.05811201682881936
177,0.10307017543859648,0.0,0.0,0.0,0.0,0.0,0.0,0.0,0.16602109903952134,0.18407960199004975,0.13384226890516013,0.12200894031028134
178,0.09124245038826574,0.0,0.0,0.0,0.0,0.0,0.0,0.0,0.21858104746426082,0.12402234636871508,0.060552063125960315,0.07362608466999736
179,0.03254847645429363,0.0,0.0,0.0,0.0,0.0,0.0,0.0,0.15602908844917976,0.12982456140350876,0.03370659379696127,0.036287141730212975
180,0.027485380116959064,0.0,0.0,0.0,0.0,0.0,0.0,0.0,0.16952858704739854,0.15416666666666665,0.10395424177279285,0.06521167499342623
181,0.08307148468185388,0.6842105263157894,0.0,0.7999999999999999,0.6016260162601625,0.0,0.0,0.7777777777777778,0.10620467365028202,0.19371727748691098,0.10062531091518147,0.12700499605574542
182,0.0,0.0,0.0,0.0,0.0,0.0,0.0,0.0,0.0,0.0,0.006756438260488671,0.005259006047856953
183,0.0,0.7647058823529411,0.0,0.689655172413793,0.6166666666666667,0.0,0.0,0.7291666666666666,0.06703512817035127,0.08705882352941176,0.030343561918428814,0.032605837496713114
184,0.1337126600284495,0.0,0.0,0.0,0.0,0.0,0.0,0.0,0.13473727254140258,0.2202380952380952,0.023612586235543267,0.07415198527478306
185,0.03435672514619883,0.0,0.0,0.0,0.0,0.0,0.0,0.0,0.04525011158032066,0.08969696969696969,0.013503824948091523,0.02708388114646331
186,0.0662593984962406,0.0,0.0,0.0,0.0,0.0,0.0,0.0,0.06720146843876407,0.17514792899408282,0.026978893129758357,0.04890875624506967
187,0.0,0.0,0.0,0.0,0.0,0.0,0.0,0.0,0.11144934889227126,0.12982456140350876,0.03370659379696127,0.04443860110439127
188,0.0,0.0,0.0,0.0,0.0,0.0,0.0,0.0,0.04502442523827418,0.08862275449101796,0.02024464003921266,0.02077307388903497
189,0.16132723112128147,0.0,0.0,0.0,0.0,0.0,0.0,0.0,0.11117484310682232,0.21511627906976744,0.03706798995959949,0.08177754404417563
190,0.14494243421052633,0.0,0.0,0.0,0.0,0.0,0.0,0.0,0.23699610945826657,0.16,0.08061783120078124,0.07599263739153299
191,0.0,0.0,0.0,0.0,0.0,0.0,0.0,0.0,0.0,0.0,0.006756438260488671,0.0057849066526426485
192,0.0,0.0,0.0,0.0,0.0,0.0,0.0,0.0,0.02262505579016033,0.0,0.013503824948091523,0.010518012095713906
193,0.03373205741626794,0.0,0.0,0.0,0.0,0.0,0.0,0.0,0.02251221261913709,0.08862275449101796,0.02024464003921266,0.027346831448856156
194,0.12685560053981107,0.0,0.5,0.6060606060606061,0.0,0.8928571428571428,1.0,0.0,0.13275584206285254,0.21264367816091953,0.04378587990836262,0.06784117801735472
195,0.0,0.0,0.0,0.0,0.0,0.0,0.0,0.0,0.022568493150684932,0.0,0.016875053343029967,0.00683670786221404
196,0.06935563207083127,0.0,0.0,0.0,0.0,0.0,0.0,0.0,0.06804570799201487,0.13536585365853657,0.010130953654325136,0.03655009203260583
197,0.062361786819991154,0.5652173913043478,0.0,0.5714285714285714,0.47435897435897434,0.0,0.0,0.5833333333333334,0.110090210491146,0.2102272727272727,0.05049724129546513,0.06389692348146199
198,0.2693123938879457,0.0,0.0,0.0,0.0,0.0,0.0,0.0,0.1522693513781152,0.28618784530386737,0.06724714468453317,0.07546673678674731
199,0.15856950067476383,0.0,0.0,0.0,0.0,0.0,0.0,0.0,0.02212597367714209,0.08505747126436781,0.04378587990836262,0.02603207993689192
200,0.09596188747731398,0.0,0.0,0.0,0.0,0.0,0.0,0.0,0.0221803372488304,0.04277456647398843,0.04042775159942583,0.02077307388903497
201,0.2128990509059534,0.0,0.0,0.0,0.0,0.0,0.0,0.0,0.04371620949285217,0.08268156424581005,0.060552063125960315,0.026295030239284763
202,0.031987295825771325,0.0,0.0,0.0,0.0,0.0,0.0,0.0,0.0887213489953216,0.1283236994219653,0.04042775159942583,0.02103602419142781
203,0.1313460642757336,0.0,0.0,0.0,0.0,0.0,0.0,0.0,0.13407025634070255,0.2176470588235294,0.030343561918428814,0.041283197475677096
204,0.06342780026990553,0.0,0.0,0.0,0.0,0.0,0.0,0.0,0.0,0.04252873563218391,0.04378587990836262,0.02051012358664212
205,0.0,0.0,0.0,0.0,0.0,0.0,0.0,0.0,0.045136986301369864,0.0,0.016875053343029967,0.009729161188535364
206,0.0,0.0,0.0,0.0,0.0,0.0,0.0,0.0,0.0,0.0,0.0033802775641686177,0.008940310281356821
207,0.0,0.0,0.0,0.0,0.0,0.0,0.0,0.0,0.0,0.0,0.0033802775641686177,0.004996055745464106
208,0.0,0.0,0.0,0.0,0.0,0.0,0.0,0.0,0.02279645772796458,0.0,0.0033802775641686177,0.011832763607678147
209,0.0328365160689334,0.0,0.0,0.0,0.0,0.0,0.0,0.0,0.0,0.08705882352941176,0.030343561918428814,0.01919537207467788
210,0.0,0.0,0.0,0.0,0.0,0.0,0.0,0.0,0.02279645772796458,0.0,0.0033802775641686177,0.00920326058374967
211,0.03435672514619883,0.0,0.0,0.0,0.0,0.0,0.0,0.0,0.0,0.044848484848484846,0.013503824948091523,0.01577701814357086
212,0.0,0.0,0.0,0.0,0.0,0.0,0.0,0.0,0.02279645772796458,0.0,0.0033802775641686177,0.008677359978963973
213,0.0,0.0,0.0,0.0,0.0,0.0,0.0,0.0,0.02262505579016033,0.044848484848484846,0.013503824948091523,0.006047856955035497
214,0.0,0.0,0.0,0.0,0.0,0.0,0.0,0.0,0.02279645772796458,0.0,0.0033802775641686177,0.01025506179332106
215,0.03373205741626794,0.0,0.0,0.0,0.0,0.0,0.0,0.0,0.0,0.0,0.02024464003921266,0.009992111490928213
216,0.24944714727996462,0.0,0.0,0.0,0.0,0.0,0.0,0.0,0.2421984630805212,0.46249999999999997,0.05049724129546513,0.16618459111227976
217,0.1313460642757336,0.0,0.0,0.0,0.0,0.0,0.0,0.0,0.08938017089380171,0.13058823529411764,0.030343561918428814,0.035498290823034434
218,0.09679633867276888,0.0,0.0,0.0,0.0,0.0,0.0,0.0,0.06670490586409339,0.12906976744186047,0.03706798995959949,0.03655009203260583
219,0.5830827067669173,0.0,0.0,0.0,0.0,0.0,0.0,0.0,0.37701427073069954,0.6010152284263959,0.12057475588059142,0.16513278990270835
220,0.2239110707803993,0.0,0.0,0.0,0.0,0.0,0.0,0.0,0.1552623607418128,0.2566473988439306,0.04042775159942583,0.0799368919274257
221,0.1279491833030853,0.0,0.0,0.0,0.0,0.0,0.0,0.0,0.0887213489953216,0.17109826589595373,0.04042775159942583,0.0649487246910334
222,0.0,0.0,0.0,0.0,0.0,0.0,0.0,0.0,0.0,0.0,0.030343561918428814,0.012095713910070994
223,0.033428165007112376,0.0,0.0,0.0,0.0,0.0,0.0,0.0,0.04491242418046752,0.044047619047619044,0.023612586235543267,0.024454378122534835
224,0.11595394736842106,0.0,0.0,0.0,0.0,0.0,0.0,0.0,0.08618040343936967,0.08,0.08061783120078124,0.12963449907967392
225,0.0662593984962406,0.0,0.0,0.0,0.0,0.0,0.0,0.0,0.04480097895917604,0.08757396449704141,0.026978893129758357,0.03523534052064159
226,0.09354268022998673,0.0,0.0,0.0,0.0,0.0,0.0,0.0,0.1761443367858336,0.08409090909090909,0.05049724129546513,0.05127530896660531
227,0.0656730321378668,0.0,0.0,0.0,0.0,0.0,0.0,0.0,0.06703512817035127,0.08705882352941176,0.030343561918428814,0.052327110176176694
228,0.0,0.0,0.0,0.0,0.0,0.0,0.0,0.0,0.0,0.0,0.0033802775641686177,0.00920326058374967
229,0.034677816035415636,0.0,0.0,0.0,0.0,0.0,0.0,0.0,0.022681902664004955,0.09024390243902439,0.010130953654325136,0.015251117538785167
230,0.02992359932088285,0.0,0.0,0.0,0.0,0.0,0.0,0.0,0.10876382241293943,0.08176795580110496,0.06724714468453317,0.04627925322114119
231,0.06289027653880463,0.0,0.0,0.0,0.0,0.0,0.0,0.0,0.11573586231120477,0.03162393162393162,0.24232898102945005,0.3376281882724165
232,0.043653250773993804,0.0,0.0,0.0,0.0,0.0,0.0,0.0,0.23498647966006,0.03259911894273128,0.2194602336249021,0.1533000262950302
233,0.07894736842105263,0.28888888888888886,0.5384615384615385,0.3508771929824561,0.2569444444444444,0.9615384615384616,0.5294117647058824,0.0,0.06269025875190258,0.03737373737373737,0.12389403883339102,0.05653431501446227
234,0.0,0.0,0.0,0.0,0.0,0.0,0.0,0.0,0.022854170279174614,0.0,2.4703617786702014e-06,0.0
235,0.0,0.0,0.0,0.0,0.0,0.0,0.0,0.0,0.021391936635720317,0.0,0.0906288412177613,0.03865369445174861
236,0.0,0.0,0.0,0.0,0.0,0.0,0.0,0.0,0.06494530403074801,0.0,0.07393573089354642,0.05074940836181962
237,0.0,0.0,0.0,0.0,0.0,0.0,0.0,0.0,0.12896281800391388,0.0,0.08395645208865436,0.06521167499342623
238,0.11076197957580518,0.6842105263157894,0.3111111111111111,0.39999999999999997,0.9024390243902438,0.5555555555555556,0.0,0.7777777777777778,0.19116841257050765,0.0387434554973822,0.10062531091518147,0.0920326058374967
239,0.22199730094466938,0.0,0.5,0.0,0.0,0.0,0.0,0.0,0.19913376309427883,0.04252873563218391,0.04378587990836262,0.06415987378385482
240,0.2413350449293967,0.0,0.0,0.0,0.0,0.0,0.0,0.0,0.10902653695983058,0.08222222222222222,0.06390041641514463,0.04575335261635552
241,0.08765022793203481,0.0,0.0,0.0,0.0,0.0,0.0,0.0,0.23756308579668348,0.12065217391304346,0.07727759119511572,0.08019984222981855
242,0.0,0.0,0.0,0.0,0.0,0.0,0.0,0.0,0.08701105793035155,0.0,0.06724714468453317,0.07520378648435443
243,0.0,0.0,0.0,0.0,0.0,0.0,0.0,0.0,0.11200244739794012,0.0,0.026978893129758357,0.01630291874835655
244,0.030921052631578946,0.0,0.0,0.0,0.0,0.0,0.0,0.0,0.0658934106589341,0.04180790960451977,0.05385047675168808,0.05863791743360504
245,0.10119617224880383,0.0,0.0,0.0,0.0,0.0,0.0,0.0,0.06753663785741126,0.08862275449101796,0.02024464003921266,0.03155403628714172
246,0.06871345029239766,0.0,0.0,0.0,0.0,0.0,0.0,0.0,0.02262505579016033,0.044848484848484846,0.013503824948091523,0.014988167236392316
247,0.09354268022998673,0.0,0.0,0.0,0.0,0.0,0.0,0.0,0.06605412629468761,0.16818181818181818,0.05049724129546513,0.04969760715224822
248,0.13019390581717452,0.0,0.0,0.0,0.0,0.0,0.0,0.0,0.08915947911381701,0.12982456140350876,0.03370659379696127,0.04890875624506967
249,0.03144513826940232,0.0,0.0,0.0,0.0,0.0,0.0,0.0,0.06621562782597046,0.04228571428571428,0.047142376077173545,0.03470943991585589
250,0.0,0.0,0.0,0.0,0.0,0.0,0.0,0.0,0.02245621209023376,0.0,0.023612586235543267,0.011569813305285297
251,0.0,0.0,0.0,0.0,0.0,0.0,0.0,0.0,0.022289869778454253,0.043274853801169584,0.03370659379696127,0.0281356823560347
252,0.24944714727996462,0.0,0.4666666666666667,0.0,0.0,0.0,0.0,0.0,0.1761443367858336,0.12613636363636363,0.05049724129546513,0.10149881672363922
253,0.08562753036437247,0.7647058823529411,0.34146341463414637,0.43478260869565216,1.0,0.6097560975609756,0.0,0.853658536585366,0.2144274883675528,0.03957219251336898,0.0872934550357047,0.09466210886142518
254,0.03226544622425629,0.0,0.0,0.0,0.0,0.0,0.0,0.0,0.06670490586409339,0.08604651162790697,0.03706798995959949,0.03628714173021298
255,0.0,0.0,0.0,0.0,0.0,0.0,0.0,0.0,0.02279645772796458,0.0,0.0033802775641686177,0.012095713910070994
256,0.17020762916465476,0.0,0.0,0.0,0.0,0.0,0.0,0.0,0.0677054794520548,0.0891566265060241,0.016875053343029967,0.04654220352353405
257,0.24823943661971828,0.0,0.0717948717948718,0.0,0.0,0.0,0.0,0.0,0.8163907087552115,0.19530791788856305,0.5825854476933932,0.5579805416776221
258,0.1559044670499779,0.5652173913043478,0.4666666666666667,0.0,0.47435897435897434,0.0,0.0,0.0,0.0880721683929168,0.08409090909090909,0.05049724129546513,0.04864580594267682
259,0.10028449502133713,0.0,0.0,0.0,0.0,0.0,0.0,0.0,0.04491242418046752,0.044047619047619044,0.023612586235543267,0.03707599263739152
260,0.16714082503556188,0.0,0.0,0.0,0.0,0.0,0.0,0.0,0.06736863627070129,0.08809523809523809,0.023612586235543267,0.04811990533789112
261,0.03171390013495277,0.0,0.0,0.0,0.0,0.0,0.0,0.0,0.06637792103142627,0.1275862068965517,0.04378587990836262,0.033394688403891655
262,0.16132723112128147,0.0,0.0,0.0,0.0,0.0,0.0,0.0,0.15564478034955126,0.12906976744186047,0.03706798995959949,0.04312384959242702
263,0.05936842105263158,0.0,0.0,0.0,0.0,0.0,0.0,0.0,0.043400948366701796,0.08131868131868132,0.07059224911681868,0.10281356823560345
264,0.0,0.0,0.0,0.0,0.0,0.0,0.0,0.0,0.02279645772796458,0.0,0.0033802775641686177,0.009466210886142516
265,0.06871345029239766,0.0,0.0,0.0,0.0,0.0,0.0,0.0,0.02262505579016033,0.08969696969696969,0.013503824948091523,0.0281356823560347
266,0.17543859649122806,0.0,0.0,0.0,0.0,0.0,0.0,0.0,0.39194581942365986,0.12333333333333332,1.0,0.8864054693662888
267,0.06685633001422475,0.0,0.0,0.0,0.0,0.0,0.0,0.0,0.08982484836093504,0.044047619047619044,0.023612586235543267,0.04890875624506967
268,0.0662593984962406,0.0,0.0,0.0,0.0,0.0,0.0,0.0,0.04480097895917604,0.08757396449704141,0.026978893129758357,0.027609781751249004
269,0.03373205741626794,0.0,0.0,0.0,0.0,0.0,0.0,0.0,0.04502442523827418,0.04431137724550898,0.02024464003921266,0.019721272679463574
270,0.21644736842105264,0.0,0.0,0.0,0.0,0.0,0.0,0.0,0.1317868213178682,0.20903954802259886,0.05385047675168808,0.0788850907178543
271,0.09354268022998673,0.0,0.0,0.0,0.0,0.0,0.0,0.0,0.0880721683929168,0.12613636363636363,0.05049724129546513,0.04969760715224822
272,0.1279491833030853,0.0,0.0,0.0,0.0,0.0,0.0,0.0,0.0887213489953216,0.08554913294797686,0.04042775159942583,0.04733105443071259
273,0.03373205741626794,0.0,0.0,0.0,0.0,0.0,0.0,0.0,0.06753663785741126,0.04431137724550898,0.02024464003921266,0.033394688403891655
274,0.09679633867276888,0.0,0.0,0.0,0.0,0.0,0.0,0.0,0.11117484310682232,0.17209302325581394,0.03706798995959949,0.057323165921640794
275,0.09850954820680019,0.0,0.0,0.0,0.0,0.0,0.0,0.0,0.11172521361725214,0.13058823529411764,0.030343561918428814,0.0512753089666053
276,0.034041525832930956,0.0,0.0,0.0,0.0,0.0,0.0,0.0,0.022568493150684932,0.0,0.016875053343029967,0.012884564817249533
277,0.2278393351800554,0.0,0.56,0.6666666666666666,0.0,1.0,0.0,0.7000000000000001,0.13373921867072552,0.2596491228070175,0.03370659379696127,0.09808046279253219
278,0.16418258034466698,0.0,0.0,0.0,0.0,0.0,0.0,0.0,0.13407025634070255,0.2611764705882353,0.030343561918428814,0.06573757559821193
279,0.10028449502133713,0.0,0.0,0.0,0.0,0.0,0.0,0.0,0.04491242418046752,0.13214285714285712,0.023612586235543267,0.02603207993689192
280,0.16274238227146814,0.0,0.0,0.0,0.0,0.0,0.0,0.0,0.13373921867072552,0.2596491228070175,0.03370659379696127,0.08914015251117537
281,0.16418258034466698,0.0,0.0,0.0,0.0,0.0,0.0,0.0,0.06703512817035127,0.2176470588235294,0.030343561918428814,0.04102024717328424
282,0.10028449502133713,0.0,0.0,0.0,0.0,0.0,0.0,0.0,0.08982484836093504,0.17619047619047618,0.023612586235543267,0.034183539311070196
283,0.22985561248253378,0.0,0.0,0.0,0.0,0.0,0.0,0.0,0.156415299064153,0.30470588235294116,0.030343561918428814,0.08966605311596106
284,0.25108824693312226,0.0,0.0,0.0,0.0,0.0,0.0,0.0,0.2767834065650039,0.46736842105263154,0.09729476798451557,0.1401525111753878
285,0.39354066985645936,0.0,0.0,0.0,0.0,0.0,0.0,0.0,0.42682729362997507,0.7047619047619047,0.09396261180951417,0.2755719169077043
286,0.0,0.0,0.0,0.0,0.0,0.0,0.0,0.0,0.02279645772796458,0.0,0.0033802775641686177,0.008940310281356821
287,0.06935563207083127,0.0,0.0,0.0,0.0,0.0,0.0,0.0,0.04536380532800991,0.13536585365853657,0.010130953654325136,0.03891664475414146
288,0.11244019138755981,0.7536231884057971,0.0,0.9876543209876543,0.6851851851851851,0.0,0.0,0.9210526315789473,0.2969538572458543,0.36666666666666664,0.20307831702117737,0.290034183539311
289,0.03373205741626794,0.0,0.0,0.0,0.0,0.0,0.0,0.0,0.04502442523827418,0.08862275449101796,0.02024464003921266,0.027609781751249004
290,0.0,0.0,0.0,0.0,0.0,0.0,0.0,0.0,0.02279645772796458,0.0,0.0033802775641686177,0.010518012095713906
291,0.07067669172932331,0.0,0.0,0.0,0.0,0.0,0.0,0.0,0.0,0.045679012345679004,0.0033802775641686177,0.0026295030239284773
292,0.035678137651821866,0.0,0.0,0.0,0.0,0.0,0.0,0.0,0.0,0.0,2.4703617786702014e-06,0.0023665527215356295
293,0.2722397025171625,0.0,0.0,0.0,0.0,0.0,0.0,0.0,1.0,0.7138823529411764,0.8380143828634377,1.0
294,0.31713900134952766,0.0,0.0,0.0,0.0,0.0,0.0,0.0,0.2655116841257051,0.38275862068965516,0.04378587990836262,0.1317381014988167
295,0.1313460642757336,0.0,0.0,0.0,0.0,0.0,0.0,0.0,0.156415299064153,0.34823529411764703,0.030343561918428814,0.043649750197212726
296,0.13019390581717452,0.0,0.0,0.0,0.0,0.0,0.0,0.0,0.17831895822763402,0.4327485380116959,0.03370659379696127,0.07941099132264001
297,0.03435672514619883,0.0,0.0,0.0,0.0,0.0,0.0,0.0,0.02262505579016033,0.08969696969696969,0.013503824948091523,0.028398632658427552
298,0.03500496524329692,0.0,0.0,0.0,0.0,0.0,0.0,0.0,0.02273903592008557,0.09079754601226994,0.006756438260488671,0.018669471469892188
299,0.22585812356979407,0.0,0.0,0.0,0.0,0.0,0.0,0.0,0.08893987448545786,0.3441860465116279,0.03706798995959949,0.06863002892453325
300,0.28062804068996017,0.0,0.0,0.0,0.0,0.0,0.0,0.0,0.1761443367858336,0.5465909090909091,0.05049724129546513,0.11385748093610305
301,0.2339971550497866,0.0,0.0,0.0,0.0,0.0,0.0,0.0,0.15719348463163635,0.26428571428571423,0.023612586235543267,0.05469366289771232
302,0.25371120107962214,0.0,0.0,0.0,0.0,0.0,0.0,0.0,0.243385710448563,0.5528735632183908,0.04378587990836262,0.1646068892979227
303,0.27150192554557123,0.0,0.0,0.0,0.0,0.0,0.0,0.0,0.17444245913572892,0.4933333333333333,0.06390041641514463,0.0930844070470681
304,0.03435672514619883,0.0,0.0,0.0,0.0,0.0,0.0,0.0,0.0,0.08969696969696969,0.013503824948091523,0.02471732842492768
305,0.03500496524329692,0.0,0.0,0.0,0.0,0.0,0.0,0.0,0.0,0.09079754601226994,0.006756438260488671,0.014462266631606623
306,0.19701909641360038,0.0,0.0,0.0,0.0,0.0,0.0,0.0,0.17876034178760342,0.4352941176470588,0.026971507271441764,0.05942676834078357
307,0.15856950067476383,0.0,0.0,0.0,0.0,0.0,0.0,0.0,0.22125973677142088,0.5954022988505747,0.04378587990836262,0.08966605311596106
308,0.27372735116479724,0.0,0.0,0.0,0.0,0.0,0.0,0.0,0.21858104746426082,0.7854748603351955,0.05045800296637052,0.05574546410728372
309,0.2239110707803993,0.0,0.0,0.0,0.0,0.0,0.0,0.0,0.1330820234929824,0.5560693641618497,0.04042775159942583,0.08072574283460422
310,0.20778947368421052,0.0,0.0,0.0,0.0,0.0,0.0,0.0,0.3255071127502634,0.8945054945054944,0.06723001122280683,0.12016828819353141
311,0.16714082503556188,0.0,0.0,0.0,0.0,0.0,0.0,0.0,0.11228106045116881,0.35238095238095235,0.023612586235543267,0.04364975019721271
312,0.27150192554557123,0.0,0.0,0.0,0.0,0.0,0.0,0.0,0.2616636887035934,0.8222222222222221,0.05044493622182736,0.12358664212463841
313,0.15856950067476383,0.0,0.0,0.0,0.0,0.0,0.0,0.0,0.19913376309427883,0.5954022988505747,0.04378587990836262,0.059163818038390735
314,0.20291940789473684,0.0,0.0,0.0,0.0,0.0,0.0,0.0,0.2800863111779514,1.0,0.07053845331051448,0.08388114646331842
315,0.2830062444246209,0.0,0.0,0.0,0.0,0.0,0.0,0.0,0.22071875941990154,0.6342857142857142,0.047142376077173545,0.06363397317906914
