,abstract,keyword0,keyword1,keyword2,keyword3,keyword4,keyword5,keyword6,keyword7,keyword8,introduction,conclusion,text,word freq. in sentence
0,0.2781954887218045,0.0,0.0,0.0,0.0,0.0,0.0,0.0,0.0,0.0,0.0941967595043948,0.1276923076923077,0.06970386072386806,0.09154639175257735
1,0.3560325684678016,0.0,0.0,0.0,0.0,0.0,0.0,0.0,0.0,0.0,0.1092799789390549,0.20864756158873807,0.09579166508208263,0.11298969072164952
2,0.3814432989690721,0.0,0.0,0.0,0.0,0.0,0.0,0.0,0.0,0.0,0.21815219676266553,0.3316683316683317,0.1131898223101677,0.23587628865979388
3,0.3814432989690721,0.0,0.0,0.0,0.0,0.0,0.0,0.0,0.0,0.0,0.1246583981500946,0.16583416583416585,0.1044813426745682,0.17443298969072168
4,0.3560325684678016,0.0,0.0,0.0,0.0,0.0,0.0,0.0,0.0,0.0,0.18733710675266552,0.3755656108597285,0.09579166508208263,0.28701030927835053
5,0.4805194805194805,0.0,0.0,0.0,0.0,0.0,0.0,0.0,0.0,0.0,0.20106937923839333,0.6061343719571568,0.12180437622616701,0.18804123711340212
6,0.3560325684678016,0.0,0.0,0.0,0.0,0.0,0.0,0.0,0.0,0.0,0.12489140450177703,0.20864756158873807,0.10450171155460829,0.2663917525773196
7,0.5988740323715693,0.0,0.0,0.0,0.0,0.0,0.0,0.0,0.0,0.0,0.29117457035792743,0.50920245398773,0.1825479828561978,0.32371134020618564
8,0.5285714285714286,0.0,0.0,0.0,0.0,0.0,0.0,0.0,0.0,0.0,0.16950782183878177,0.5985576923076923,0.16525291619631244,0.3785567010309279
9,1.0,0.0,0.0,0.0,0.0,0.0,0.0,0.0,0.0,0.0,0.25174807711517333,0.6665257819103974,0.2512161850614845,0.32000000000000006
10,0.21356421356421357,0.0,0.0,0.0,0.0,0.0,0.0,0.0,0.0,0.0,0.2784037558685446,0.2828627069133398,0.09569772246328853,0.1698969072164949
11,0.10898379970544918,0.0,0.0,0.0,0.0,0.0,0.0,0.0,0.0,0.0,0.21815219676266553,0.12437562437562437,0.06964742413217019,0.022268041237113404
12,0.08216136195410806,0.0,0.0,0.0,0.0,0.0,0.0,0.0,0.0,0.0,0.20294853231538765,0.16691804927099044,0.05224143271945431,0.03752577319587629
13,0.0275297619047619,0.0,0.0,0.0,0.0,0.0,0.0,0.0,0.0,0.0,0.18768792530463682,0.042004048582995945,0.05225240452534017,0.019793814432989696
14,0.056531703590527116,0.0,0.0,0.0,0.0,0.0,0.0,0.0,0.0,0.0,0.11051944939961128,0.043432757718472,0.0348684041465528,0.03505154639175258
15,0.056531703590527116,0.0,0.0,0.0,0.0,0.0,0.0,0.0,0.0,0.0,0.11051944939961128,0.043432757718472,0.0348684041465528,0.026391752577319592
16,0.16959511077158138,0.0,0.0,0.0,0.0,0.0,0.0,0.0,0.0,0.0,0.11051944939961128,0.043432757718472,0.052307322840464056,0.05030927835051547
17,0.21684981684981683,0.0,0.0,0.0,0.0,0.0,0.0,0.0,0.0,0.0,0.23329923676135023,0.32952853598014886,0.11316789448374712,0.23381443298969073
18,0.10954848260547742,0.0,0.0,0.0,0.0,0.0,0.0,0.0,0.0,0.0,0.20294853231538765,0.12518853695324283,0.043531386246928656,0.08206185567010309
19,0.10787172011661807,0.0,0.0,0.0,0.0,0.0,0.0,0.0,0.0,0.0,0.24838996806115504,0.2864891518737673,0.08702993158679247,0.1175257731958763
20,0.1618075801749271,0.0,0.0,0.0,0.0,0.0,0.0,0.0,0.0,0.0,0.24838996806115504,0.08185404339250492,0.09573527923906683,0.06556701030927835
21,0.4145658263305322,0.0,0.0,0.0,0.0,0.0,0.0,0.0,0.0,0.0,0.3671258319145643,0.4671669793621013,0.1825136361376766,0.3769072164948454
22,0.11246200607902734,0.0,0.0,0.0,0.0,0.0,0.0,0.0,0.0,0.0,0.1260696252989636,0.17255717255717257,0.06101422038753212,0.05938144329896908
23,0.13983371126228267,0.0,0.0,0.0,0.0,0.0,0.0,0.0,0.0,0.0,0.14156123179756505,0.25709860609189467,0.05228534364873604,0.13773195876288666
24,0.18962203715566944,0.0,0.0,0.0,0.0,0.0,0.0,0.0,0.0,0.0,0.635647513398978,0.31399747793190413,0.2684962372287976,0.35793814432989685
25,0.16017316017316016,0.0,0.0,0.0,0.0,0.0,0.0,0.0,0.0,0.0,0.2784037558685446,0.32327166504381694,0.1131021583052075,0.13773195876288663
26,0.16959511077158138,0.0,0.0,0.0,0.0,0.0,0.0,0.0,0.0,0.0,0.11051944939961128,0.21716378859236005,0.052307322840464056,0.1612371134020619
27,0.028265851795263558,0.0,0.0,0.0,0.0,0.0,0.0,0.0,0.0,0.0,0.11051944939961128,0.130298273155416,0.052307322840464056,0.021855670103092785
28,0.10529311326124074,0.0,0.0,0.0,0.0,0.0,0.0,0.0,0.0,0.0,1.0,0.09077652205614291,0.5515771061883675,0.4721649484536084
29,0.24271137026239067,0.0,0.0,0.0,0.0,0.0,0.0,0.0,0.0,0.0,0.24838996806115504,0.2046351084812623,0.12185132219588986,0.21113402061855677
30,0.13553113553113552,0.0,0.0,0.0,0.0,0.0,0.0,0.0,0.0,0.0,0.23329923676135023,0.20595533498759305,0.12187480784603089,0.11876288659793813
31,0.27529761904761907,0.0,0.0,0.0,0.0,0.0,0.0,0.0,0.0,0.0,0.18768792530463682,0.25202429149797567,0.09581047389217266,0.2037113402061856
32,0.2974644403215832,0.0,0.0,0.0,0.0,0.0,0.0,0.0,0.0,0.0,0.7433817565076322,0.4011276681433749,0.4324670246757452,0.5785567010309282
33,0.28641801548205487,0.0,0.0,0.0,0.0,0.0,0.0,0.0,0.0,0.0,0.35247447990696473,0.3525247758376593,0.19124238628548976,0.177319587628866
34,0.0,0.0,0.0,0.0,0.0,0.0,0.0,0.0,0.0,0.0,0.0159696227075647,0.0,0.0,0.004948453608247424
35,0.4166080225193525,0.0,0.0,0.0,0.0,0.0,0.0,0.0,0.0,0.0,0.35247447990696473,0.6267107126002831,0.19124238628548976,0.37731958762886597
36,0.08302169035153327,0.0,0.0,0.0,0.0,0.0,0.0,0.0,0.0,0.0,0.17237005522817958,0.08456444218033622,0.07840292579603968,0.03298969072164949
37,0.2202380952380952,0.0,0.0,0.0,0.0,0.0,0.0,0.0,0.0,0.0,0.18768792530463682,0.25202429149797567,0.09581047389217266,0.23835051546391756
38,0.13983371126228267,0.0,0.0,0.0,0.0,0.0,0.0,0.0,0.0,0.0,0.14156123179756505,0.21424883840991224,0.06971798257358215,0.13690721649484536
39,0.24521354933726067,0.0,0.0,0.0,0.0,0.0,0.0,0.0,0.0,0.0,0.21815219676266553,0.2902097902097902,0.1131898223101677,0.2849484536082474
40,0.0556390977443609,0.0,0.0,0.0,0.0,0.0,0.0,0.0,0.0,0.0,0.1569945991739913,0.08512820512820513,0.06098911035585767,0.02721649484536083
41,0.3290717065036131,0.0,0.0,0.0,0.0,0.0,0.0,0.0,0.0,0.0,0.9760398786710246,0.2942219071251329,0.6543098389416425,0.6037113402061857
42,0.0550595238095238,0.0,0.0,0.0,0.0,0.0,0.0,0.0,0.0,0.0,0.07820330221026535,0.08400809716599189,0.09581047389217266,0.07546391752577321
43,0.0,0.0,0.0,0.0,0.0,0.0,0.0,0.0,0.0,0.0,0.03181757209926224,0.0,0.017448345133997623,0.028041237113402066
44,0.21464829586656994,0.0,0.0,0.0,0.0,0.0,0.0,0.0,0.0,0.0,0.2479291332410045,0.28466438020578144,0.13923541000132156,0.26020618556701036
45,0.22139117427075541,0.0,0.0,0.0,0.0,0.0,0.0,0.0,0.0,0.0,0.1253600401659488,0.2536933265410087,0.08711610763446617,0.1307216494845361
46,0.1413292589763178,0.0,0.0,0.0,0.0,0.0,0.0,0.0,0.0,0.0,0.06315397108549216,0.130298273155416,0.052307322840464056,0.09649484536082475
47,0.18781725888324874,0.0,0.0,0.0,0.0,0.0,0.0,0.0,0.0,0.0,0.20144242075831614,0.3659970602645762,0.13923541000132156,0.18969072164948458
48,0.21574344023323613,0.0,0.0,0.0,0.0,0.0,0.0,0.0,0.0,0.0,0.23286559505733284,0.2046351084812623,0.1305566698481642,0.21731958762886605
49,0.1348396501457726,0.0,0.0,0.0,0.0,0.0,0.0,0.0,0.0,0.0,0.23286559505733284,0.2455621301775148,0.1305566698481642,0.12123711340206184
50,0.3269513991163476,0.0,0.0,0.0,0.0,0.0,0.0,0.0,0.0,0.0,0.21815219676266553,0.3316683316683317,0.1131898223101677,0.22474226804123715
51,0.31665569453587883,0.0,0.0,0.0,0.0,0.0,0.0,0.0,0.0,0.0,0.43329385975963114,0.3246414602346806,0.3121572086100929,0.26721649484536086
52,0.13983371126228267,0.0,0.0,0.0,0.0,0.0,0.0,0.0,0.0,0.0,0.09437415453171004,0.0856995353639649,0.06971798257358215,0.08164948453608249
53,0.11246200607902734,0.0,0.0,0.0,0.0,0.0,0.0,0.0,0.0,0.0,0.1260696252989636,0.17255717255717257,0.06101422038753212,0.05938144329896908
54,0.13553113553113552,0.0,0.0,0.0,0.0,0.0,0.0,0.0,0.0,0.0,0.23329923676135023,0.12357320099255584,0.12187480784603089,0.1835051546391753
55,0.08258928571428571,0.0,0.0,0.0,0.0,0.0,0.0,0.0,0.0,0.0,0.06256264176821227,0.12601214574898784,0.09581047389217266,0.1043298969072165
56,0.16432272390821612,0.0,0.0,0.0,0.0,0.0,0.0,0.0,0.0,0.0,0.1092799789390549,0.25037707390648567,0.10450171155460829,0.22061855670103098
57,0.21684981684981683,0.0,0.0,0.0,0.0,0.0,0.0,0.0,0.0,0.0,0.1710861069583235,0.24714640198511167,0.12187480784603089,0.20907216494845357
58,0.15936826992103373,0.0,0.0,0.0,0.0,0.0,0.0,0.0,0.0,0.0,0.13894457316914424,0.20077406869859699,0.1565835314936681,0.24453608247422687
59,0.027966742252456534,0.0,0.0,0.0,0.0,0.0,0.0,0.0,0.0,0.0,0.0,0.0,0.06971798257358215,0.09896907216494846
60,0.027387120651369355,0.0,0.0,0.0,0.0,0.0,0.3273809523809524,0.3055555555555555,0.0,0.2222222222222222,0.03122285112544426,0.04172951231774761,0.10450171155460829,0.07216494845360827
61,0.028115501519756836,0.0,0.0,0.0,0.0,0.0,0.0,0.0,0.0,0.0,0.01575870316237045,0.0,0.06101422038753212,0.03752577319587629
62,0.0,0.0,0.0,0.0,0.0,0.0,0.0,0.0,0.0,0.0,0.0,0.0,0.06101422038753212,0.04000000000000001
63,0.08008658008658008,0.5656565656565657,0.9230769230769231,0.6428571428571429,0.0,0.0,0.0,0.0,0.6262626262626263,0.38746438746438744,0.07733437663015127,0.12122687439143136,0.14791102998904546,0.20041237113402066
64,0.0839002267573696,0.0,0.0,0.0,0.0,0.0,0.0,0.0,0.0,0.0,0.07864512877642503,0.12854930304594733,0.06971798257358215,0.08453608247422681
65,0.027245949926362294,0.0,0.0,0.0,0.0,0.0,0.0,0.0,0.0,0.0,0.015582299768761824,0.08291708291708293,0.1131898223101677,0.0709278350515464
66,0.1634756995581738,0.0,0.0,0.0,0.0,0.0,0.0,0.0,0.0,0.0,0.1246583981500946,0.20729270729270727,0.1131898223101677,0.21030927835051552
67,0.10732414793328497,0.0,0.0,0.0,0.0,0.0,0.0,0.0,0.0,0.0,0.10846899579293946,0.12199902008819205,0.13923541000132156,0.17896907216494853
68,0.13764880952380953,0.0,0.0,0.0,0.0,0.0,0.0,0.0,0.0,0.0,0.10948462309437149,0.12601214574898784,0.09581047389217266,0.21814432989690724
69,0.10954848260547742,0.0,0.0,0.0,0.0,0.0,0.0,0.0,0.0,0.0,0.04683427668816638,0.12518853695324283,0.10450171155460829,0.18969072164948456
70,0.0,0.0,0.0,0.0,0.0,0.0,0.0,0.0,0.0,0.0,0.01575870316237045,0.0,0.06101422038753212,0.0531958762886598
71,0.05593348450491307,0.0,0.0,0.0,0.0,0.0,0.0,0.0,0.0,0.0,0.06291610302114002,0.12854930304594733,0.06971798257358215,0.16164948453608252
72,0.08479755538579069,0.0,0.0,0.0,0.0,0.0,0.0,0.0,0.0,0.0,0.06315397108549216,0.130298273155416,0.052307322840464056,0.11670103092783508
73,0.0,0.0,0.0,0.0,0.0,0.0,0.0,0.0,0.0,0.0,0.01569945991739913,0.0,0.07841861109187842,0.04123711340206186
74,0.19852448021462105,0.0,0.0,0.0,0.0,0.0,0.0,0.0,0.0,0.0,0.2257327750285497,0.2214317474433081,0.27767205106753334,0.1967010309278351
75,0.0839002267573696,0.0,0.0,0.0,0.0,0.0,0.0,0.0,0.0,0.0,0.06291610302114002,0.12854930304594733,0.06971798257358215,0.15216494845360828
76,0.05683563748079877,0.0,0.0,0.0,0.0,0.0,0.0,0.0,0.0,0.0,0.03163679043960734,0.08746048472075868,0.043597288237893536,0.12948453608247423
77,0.05745341614906832,0.0,0.0,0.0,0.0,0.0,0.0,0.0,0.0,0.0,0.031757082418465164,0.08867521367521367,0.026167801082200078,0.09402061855670105
78,0.12407780013413815,0.3888888888888889,0.0,0.23684210526315788,0.39867109634551495,1.0,0.1676829268292683,0.14473684210526314,0.4305555555555555,0.5596707818930041,0.1504885166856998,0.18452645620275676,0.27767205106753334,0.31711340206185556
79,0.05339105339105339,0.8484848484848485,0.46153846153846156,0.9642857142857143,0.40816326530612246,0.9791666666666667,0.5288461538461539,0.23913043478260868,0.6262626262626263,0.38746438746438744,0.04640062597809077,0.08081791626095423,0.14791102998904546,0.21855670103092786
80,0.0,0.345679012345679,0.0,0.0,0.25974025974025977,0.0,0.0,0.0,0.38271604938271603,0.22895622895622897,0.046921981326159205,0.08400809716599189,0.09581047389217266,0.06268041237113403
81,0.0,0.0,0.0,0.0,0.0,0.0,0.0,0.0,0.0,0.0,0.01578849277137304,0.043432757718472,0.052307322840464056,0.04329896907216495
82,0.1101190476190476,0.0,0.0,0.0,0.0,0.0,0.0,0.0,0.0,0.0,0.07820330221026535,0.16801619433198378,0.09581047389217266,0.2569072164948454
83,0.05233380480905233,0.0,0.0,0.0,0.17857142857142858,0.4351851851851852,0.0,0.0,0.0,0.17571059431524547,0.030706296603148303,0.11823361823361822,0.18258234191411846,0.2395876288659795
84,0.08302169035153327,0.0,0.0,0.0,0.0,0.0,0.0,0.0,0.0,0.0,0.078350025103718,0.08456444218033622,0.08711610763446617,0.1282474226804124
85,0.05477424130273871,0.0,0.0,0.0,0.0,0.0,0.0,0.0,0.0,0.0,0.06244570225088852,0.04172951231774761,0.10450171155460829,0.1134020618556701
86,0.05421245421245421,0.0,0.0,0.0,0.0,0.0,0.0,0.0,0.0,0.0,0.07776641225378342,0.04119106699751861,0.12187480784603089,0.051958762886597946
87,0.0550595238095238,0.0,0.0,0.0,0.0,0.0,0.0,0.0,0.0,0.0,0.06256264176821227,0.12601214574898784,0.09581047389217266,0.15216494845360828
88,0.028115501519756836,0.0,0.0,0.0,0.0,0.0,0.0,0.0,0.0,0.0,0.01575870316237045,0.04313929313929314,0.06101422038753212,0.10268041237113404
89,0.026561378320172288,0.0,0.0,0.0,0.0,0.0,0.0,0.0,0.0,0.0,0.015438285907682696,0.0401548137397194,0.1565835314936681,0.047010309278350516
90,0.2287087912087912,0.0,0.0,0.0,0.0,0.0,0.0,0.0,0.0,0.0,0.1822279129321383,0.228021978021978,0.23449599028281967,0.27711340206185586
91,0.028265851795263558,0.0,0.0,0.0,0.0,0.0,0.0,0.0,0.0,0.0,0.06315397108549216,0.043432757718472,0.052307322840464056,0.02350515463917526
92,0.055347793567688854,0.0,0.0,0.0,0.0,0.0,0.0,0.0,0.0,0.0,0.0313400100414872,0.0,0.08711610763446617,0.01278350515463918
93,0.34186211798152094,0.0,0.0,0.0,0.0,0.0,0.0,0.0,0.0,0.0,0.1845770757139522,0.515527950310559,0.17391918577689328,0.5286597938144328
94,0.1112781954887218,0.0,0.0,0.0,0.0,0.0,0.0,0.0,0.0,0.0,0.0941967595043948,0.2128205128205128,0.07841861109187842,0.2144329896907217
95,0.2961822660098522,0.417910447761194,0.0,0.35526315789473684,0.2764976958525346,0.9494949494949496,0.22916666666666669,0.19298245614035087,0.4626865671641791,0.6210045662100456,0.23281150316533347,0.43229166666666663,0.44103755216851515,0.7868041237113402
96,0.15700141442715698,0.0,0.0,0.0,0.0,0.0,0.0,0.0,0.0,0.0,0.09211888980944491,0.2758784425451092,0.18258234191411846,0.3764948453608247
97,0.10898379970544918,0.0,0.0,0.0,0.0,0.0,0.0,0.0,0.0,0.0,0.04674689930628547,0.04145854145854146,0.1131898223101677,0.13567010309278354
98,0.1539528432732316,0.0,0.0,0.0,0.0,0.0,0.0,0.0,0.0,0.0,0.10668757067955177,0.1923076923076923,0.2172038655614315,0.35175257731958764
99,0.10898379970544918,0.0,0.0,0.0,0.0,0.0,0.0,0.0,0.0,0.0,0.0623291990750473,0.12437562437562437,0.1131898223101677,0.07010309278350517
100,0.0,0.0,0.0,0.0,0.0,0.0,0.0,0.0,0.0,0.0,0.0470983797521974,0.04256410256410256,0.07841861109187842,0.05649484536082475
101,0.11069558713537771,0.0,0.0,0.0,0.0,0.0,0.0,0.0,0.0,0.0,0.1096900351452052,0.16912888436067244,0.08711610763446617,0.22020618556701033
102,0.05623100303951367,0.0,0.0,0.0,0.0,0.0,0.0,0.0,0.0,0.0,0.07879351581185225,0.08627858627858628,0.06101422038753212,0.15340206185567012
103,0.027245949926362294,0.0,0.0,0.0,0.0,0.0,0.0,0.0,0.0,0.0,0.0623291990750473,0.12437562437562437,0.1131898223101677,0.04824742268041238
104,0.2892679459843639,0.0,0.0,0.0,0.0,0.0,0.0,0.0,0.0,0.0,0.13843280678546416,0.15862398471094122,0.17391918577689328,0.13896907216494844
105,0.05623100303951367,0.0,0.0,0.0,0.0,0.0,0.0,0.0,0.0,0.0,0.0630348126494818,0.1294178794178794,0.06101422038753212,0.04288659793814433
106,0.1301900070372977,0.0,0.0,0.0,0.0,0.0,0.0,0.0,0.0,0.0,0.15324977387259336,0.1175082586125531,0.19124238628548976,0.19670103092783509
107,0.0,0.0,0.0,0.0,0.0,0.0,0.0,0.0,0.0,0.0,0.04763562362769775,0.0,0.026167801082200078,0.03257731958762887
108,0.0,0.0,0.0,0.0,0.0,0.0,0.0,0.0,0.0,0.0,0.0159696227075647,0.0,0.0,0.0
109,0.05285714285714285,0.0,0.0,0.0,0.0,0.0,0.0,0.0,0.0,0.0,0.12327841588275038,0.03990384615384616,0.16525291619631244,0.19175257731958764
110,0.14285714285714285,0.0,0.0,0.0,0.0,0.0,0.0,0.0,0.0,0.0,0.2665567875337129,0.10524091293322063,0.3551942161213684,0.3150515463917526
111,0.10787172011661807,0.0,0.0,0.0,0.0,0.0,0.0,0.0,0.0,0.0,0.07762186501911096,0.08185404339250492,0.1305566698481642,0.20659793814432997
112,0.19852448021462105,0.0,0.0,0.0,0.0,0.0,0.0,0.0,0.0,0.0,0.2859281817028296,0.29524232992441085,0.27767205106753334,0.33113402061855673
113,0.02781954887218045,0.0,0.0,0.0,0.0,0.0,0.0,0.0,0.0,0.0,0.01569945991739913,0.08512820512820513,0.07841861109187842,0.07917525773195878
114,0.13622974963181148,0.0,0.0,0.0,0.0,0.0,0.0,0.0,0.0,0.0,0.14024069791885643,0.20729270729270727,0.1131898223101677,0.1583505154639175
115,0.145478374836173,0.0,0.0,0.0,0.0,0.0,0.0,0.0,0.0,0.0,0.16405935613682093,0.10760587726879861,0.3207707769771177,0.3917525773195877
116,0.1705069124423963,0.0,0.0,0.0,0.0,0.0,0.0,0.0,0.0,0.0,0.20917634609085642,0.18035636679704475,0.3121572086100929,0.3261855670103093
117,0.08345864661654136,0.0,0.0,0.0,0.0,0.0,0.0,0.0,0.0,0.0,0.06279783966959653,0.08512820512820513,0.07841861109187842,0.08783505154639176
118,0.18226600985221675,0.0,0.0,0.0,0.0,0.0,0.0,0.0,0.0,0.0,0.16857475125985272,0.15667767815007078,0.19124238628548976,0.30804123711340214
119,0.16098622189992748,0.0,0.0,0.0,0.0,0.0,0.0,0.0,0.0,0.0,0.10846899579293946,0.08133268005879471,0.13923541000132156,0.11216494845360826
120,0.0,0.0,0.0,0.0,0.0,0.0,0.0,0.0,0.0,0.0,0.0,0.0,0.13923541000132156,0.06721649484536085
121,0.0,0.7943262411347518,0.6000000000000001,0.9642857142857143,0.0,0.0,0.0,0.0,0.4397163120567376,0.2851153039832285,0.06030406264300606,0.03711985688729875,0.26904303235664184,0.1307216494845361
122,0.05421245421245421,0.0,0.0,0.0,0.0,0.0,0.0,0.0,0.0,0.0,0.04665984735227005,0.08238213399503722,0.12187480784603089,0.04577319587628867
123,0.0,0.0,0.0,0.0,0.0,0.0,0.0,0.0,0.0,0.0,0.04727610948711135,0.0,0.06101422038753212,0.030927835051546393
124,0.24271137026239067,0.0,0.0,0.0,0.0,0.0,0.0,0.0,0.0,0.0,0.12419498403057752,0.2455621301775148,0.1305566698481642,0.40288659793814446
125,0.13836948391922213,0.0,0.0,0.0,0.0,0.0,0.0,0.0,0.0,0.0,0.1096900351452052,0.21141110545084055,0.08711610763446617,0.20494845360824743
126,0.13415518491660622,0.0,0.0,0.0,0.0,0.0,0.0,0.0,0.0,0.0,0.09297342496537668,0.16266536011758942,0.13923541000132156,0.3010309278350516
127,0.16691729323308271,0.0,0.0,0.0,0.0,0.0,0.0,0.0,0.0,0.0,0.0941967595043948,0.2128205128205128,0.07841861109187842,0.302680412371134
128,0.0550595238095238,0.0,0.0,0.0,0.0,0.0,0.0,0.0,0.0,0.0,0.06256264176821227,0.08400809716599189,0.09581047389217266,0.11793814432989692
129,0.13693560325684676,0.0,0.0,0.0,0.0,0.0,0.0,0.0,0.0,0.0,0.06244570225088852,0.20864756158873807,0.10450171155460829,0.3369072164948454
130,0.05593348450491307,0.0,0.0,0.0,0.0,0.0,0.0,0.0,0.0,0.0,0.03145805151057001,0.1713990707279298,0.06971798257358215,0.17195876288659795
131,0.07175177763413057,0.0,0.0,0.0,0.0,0.0,0.0,0.0,0.0,0.0,0.4895554499287019,0.14109647258818528,0.3465929781719255,0.4816494845360826
132,0.2850140056022409,0.0,0.0,0.0,0.0,0.0,0.0,0.0,0.0,0.0,0.2906412835990301,0.4282363977485929,0.19989932056730403,0.3620618556701032
133,0.24470899470899468,0.0,0.0,0.0,0.0,0.0,0.0,0.0,0.0,0.0,0.43407037205310717,0.3990384615384615,0.30354055349575865,0.39835051546391764
134,0.0,0.0,0.0,0.0,0.0,0.0,0.0,0.0,0.0,0.0,0.047545233450036084,0.0,0.034884114884114886,0.021443298969072166
135,0.3811813186813186,0.0,0.0,0.0,0.0,0.0,0.0,0.0,0.0,0.0,0.39482714468629965,0.49404761904761907,0.23449599028281967,0.3327835051546393
136,0.0,0.0,0.0,0.0,0.0,0.0,0.0,0.0,0.0,0.0,0.0159696227075647,0.0,0.0,0.004948453608247424
137,0.29816849816849816,0.0,0.0,0.0,0.0,0.0,0.0,0.0,0.0,0.0,0.20219267185983686,0.4531017369727047,0.12187480784603089,0.2997938144329897
138,0.13764880952380953,0.0,0.0,0.0,0.0,0.0,0.0,0.0,0.0,0.0,0.07820330221026535,0.25202429149797567,0.09581047389217266,0.15463917525773196
139,0.13693560325684676,0.0,0.0,0.0,0.0,0.0,0.0,0.0,0.0,0.0,0.1092799789390549,0.08345902463549522,0.10450171155460829,0.17113402061855676
140,0.2654924983692107,0.0,0.0,0.0,0.0,0.0,0.0,0.0,0.0,0.0,0.19354271798348022,0.42801890846583585,0.32938126025518577,0.6189690721649486
141,0.02781954887218045,0.37333333333333335,0.0,0.3970588235294118,0.5714285714285715,0.6527777777777778,0.0,0.0,0.0,0.24372759856630824,0.01569945991739913,0.04256410256410256,0.07841861109187842,0.09690721649484539
142,0.05339105339105339,0.2828282828282829,0.0,0.32142857142857145,0.40816326530612246,0.48958333333333337,0.0,0.0,0.0,0.38746438746438744,0.030933750652060513,0.08081791626095423,0.14791102998904546,0.19381443298969075
143,0.10732414793328497,0.2916666666666667,0.0,0.32926829268292684,0.42328042328042326,0.5053763440860215,0.0,0.0,0.0,0.19883040935672514,0.0774778541378139,0.16266536011758942,0.13923541000132156,0.26226804123711345
144,0.3262786596119929,0.11965811965811966,0.0,0.15517241379310345,0.07827788649706457,0.0,0.0,0.0,0.0,0.08994708994708994,0.27126519802576143,0.5346722243273967,0.5351116232000682,1.0
145,0.05034013605442177,0.8296296296296297,0.0,1.0,1.0,0.0,0.0,0.0,0.0,0.14814814814814814,0.06052255562359665,0.11266968325791854,0.2517757080985781,0.36123711340206166
146,0.11186696900982614,0.0,0.0,0.0,0.0,0.0,0.0,0.0,0.0,0.0,0.07864512877642503,0.0856995353639649,0.06971798257358215,0.17195876288659795
147,0.08090379008746355,0.0,0.0,0.0,0.0,0.0,0.0,0.0,0.0,0.0,0.09314623802293313,0.1227810650887574,0.1305566698481642,0.2742268041237113
148,0.0,0.0,0.0,0.0,0.0,0.0,0.0,0.0,0.0,0.0,0.06351416483693033,0.0,0.026167801082200078,0.03958762886597938
149,0.0,0.0,0.0,0.0,0.0,0.0,0.0,0.0,0.0,0.0,0.06351416483693033,0.0,0.026167801082200078,0.040412371134020623
150,0.0,0.0,0.0,0.0,0.0,0.0,0.0,0.0,0.0,0.0,0.06351416483693033,0.0,0.026167801082200078,0.049072164948453616
151,0.0,0.0,0.0,0.0,0.0,0.0,0.0,0.0,0.0,0.0,0.06351416483693033,0.0,0.026167801082200078,0.05237113402061856
152,0.0,0.0,0.0,0.0,0.0,0.0,0.0,0.0,0.0,0.0,0.1260696252989636,0.0,0.06101422038753212,0.08041237113402064
153,0.10415200562983813,0.0,0.0,0.0,0.0,0.0,0.0,0.0,0.0,0.0,0.13792479648533404,0.2350165172251062,0.19124238628548976,0.3550515463917526
154,0.0,0.0,0.0,0.0,0.0,0.0,0.0,0.0,0.0,0.0,0.0315174063247409,0.0,0.06101422038753212,0.029690721649484542
155,0.0,0.0,0.0,0.0,0.0,0.0,0.0,0.0,0.0,0.0,0.03116459953752365,0.04145854145854146,0.1131898223101677,0.13773195876288663
156,0.028883684621389537,0.0,0.0,0.0,0.0,0.0,0.0,0.0,0.0,0.0,0.01590878604963112,0.0,0.017448345133997623,0.018969072164948454
157,0.08525345622119815,0.0,0.0,0.0,0.0,0.0,0.0,0.0,0.0,0.0,0.047455185659411016,0.08746048472075868,0.043597288237893536,0.17608247422680418
158,0.08618012422360248,0.0,0.0,0.0,0.0,0.0,0.0,0.0,0.0,0.0,0.031757082418465164,0.08867521367521367,0.026167801082200078,0.15752577319587632
159,0.23785714285714282,0.0,0.0,0.0,0.0,0.0,0.0,0.0,0.0,0.0,0.12327841588275038,0.3591346153846154,0.16525291619631244,0.5096907216494847
160,0.3124560168895144,0.0,0.0,0.0,0.0,0.0,0.0,0.0,0.0,0.0,0.13792479648533404,0.43086361491269465,0.19124238628548976,0.4936082474226805
161,0.13347763347763347,0.0,0.0,0.0,0.0,0.0,0.0,0.0,0.0,0.0,0.07733437663015127,0.2020447906523856,0.14791102998904546,0.3595876288659794
162,0.0550595238095238,0.0,0.0,0.0,0.0,0.0,0.0,0.0,0.0,0.0,0.09384396265231841,0.16801619433198378,0.09581047389217266,0.2103092783505155
163,0.0,0.0,0.0,0.0,0.0,0.0,0.0,0.0,0.0,0.0,0.06351416483693033,0.0,0.026167801082200078,0.03958762886597938
164,0.0,0.0,0.0,0.0,0.0,0.0,0.0,0.0,0.0,0.0,0.06351416483693033,0.0,0.026167801082200078,0.040412371134020623
165,0.0,0.0,0.0,0.0,0.0,0.0,0.0,0.0,0.0,0.0,0.1569945991739913,0.0,0.07841861109187842,0.1195876288659794
166,0.0,0.0,0.0,0.0,0.0,0.0,0.0,0.0,0.0,0.0,0.06351416483693033,0.0,0.026167801082200078,0.05237113402061856
167,0.0,0.0,0.0,0.0,0.0,0.0,0.0,0.0,0.0,0.0,0.0159696227075647,0.0,0.0,0.004948453608247424
168,0.22139117427075541,0.0,0.0,0.0,0.0,0.0,0.3618421052631579,0.0,0.39743589743589747,0.0,0.1253600401659488,0.2536933265410087,0.08711610763446617,0.2317525773195877
169,0.1348396501457726,0.0,0.0,0.0,0.0,0.0,0.0,0.0,0.0,0.0,0.1707681030420441,0.2046351084812623,0.1305566698481642,0.23917525773195877
170,0.13280689160086145,0.0,0.0,0.0,0.0,0.0,0.0,0.0,0.0,0.0,0.13894457316914424,0.2409288824383164,0.1565835314936681,0.24371134020618562
171,0.11246200607902734,0.0,0.0,0.0,0.0,0.0,0.0,0.0,0.0,0.0,0.07879351581185225,0.17255717255717257,0.06101422038753212,0.1439175257731959
172,0.028265851795263558,0.0,0.0,0.0,0.0,0.0,0.0,0.0,0.0,0.0,0.03157698554274608,0.086865515436944,0.052307322840464056,0.04907216494845361
173,0.18592964824120603,0.0,0.0,0.0,0.0,0.0,0.0,0.0,0.0,0.0,0.15438285907682697,0.3212385099177552,0.1565835314936681,0.3030927835051546
174,0.0839002267573696,0.0,0.0,0.0,0.0,0.0,0.0,0.0,0.0,0.0,0.04718707726585502,0.0856995353639649,0.06971798257358215,0.14144329896907218
175,0.028115501519756836,0.0,0.0,0.0,0.0,0.0,0.0,0.0,0.0,0.0,0.04727610948711135,0.0,0.06101422038753212,0.05237113402061856
176,0.0,0.0,0.0,0.0,0.0,0.0,0.0,0.0,0.0,0.0,0.06351416483693033,0.0,0.026167801082200078,0.03958762886597938
177,0.0,0.0,0.0,0.0,0.0,0.0,0.0,0.0,0.0,0.0,0.06351416483693033,0.0,0.026167801082200078,0.040412371134020623
178,0.0,0.0,0.0,0.0,0.0,0.0,0.0,0.0,0.0,0.0,0.11051944939961128,0.0,0.052307322840464056,0.07340206185567012
179,0.08345864661654136,0.0,0.0,0.0,0.0,0.0,0.0,0.0,0.0,0.0,0.06279783966959653,0.08512820512820513,0.07841861109187842,0.06103092783505155
180,0.2565880721220527,0.0,0.0,0.0,0.0,0.0,0.20220588235294118,0.17741935483870966,0.0,0.16075650118203308,0.21337514135910354,0.3076923076923077,0.2172038655614315,0.4837113402061856
181,0.07551020408163264,0.0,0.0,0.0,0.0,0.0,0.0,0.0,0.0,0.0,0.07565319452949582,0.0751131221719457,0.2517757080985781,0.3463917525773198
182,0.10518834399431413,0.0,0.0,0.0,0.0,0.0,0.0,0.0,0.0,0.0,0.0922885378569761,0.11896798853320592,0.17391918577689328,0.1249484536082474
183,0.02872670807453416,0.0,0.0,0.0,0.0,0.0,0.0,0.0,0.0,0.0,0.015878541209232582,0.04433760683760683,0.026167801082200078,0.07463917525773198
184,0.027673896783844427,0.0,0.0,0.0,0.0,0.0,0.0,0.0,0.0,0.0,0.0470100150622308,0.04228222109016811,0.08711610763446617,0.06556701030927835
185,0.08008658008658008,0.0,0.0,0.0,0.0,0.0,0.0,0.0,0.0,0.0,0.04640062597809077,0.12122687439143136,0.14791102998904546,0.14020618556701034
186,0.19170984455958548,0.0,0.0,0.0,0.0,0.0,0.0,0.0,0.0,0.0,0.12489140450177703,0.3755656108597285,0.10450171155460829,0.3595876288659794
187,0.16591928251121074,0.3218390804597701,0.0,0.40298507462686567,0.0,0.5497076023391813,0.40441176470588236,0.34375,0.3563218390804598,0.3541666666666667,0.14782500311604138,0.31399747793190413,0.3637923756033992,0.342680412371134
188,0.10732414793328497,0.0,0.0,0.0,0.0,0.0,0.0,0.0,0.0,0.0,0.12396456662050225,0.16266536011758942,0.13923541000132156,0.145979381443299
189,0.07968413496051686,0.27450980392156865,0.0,0.313953488372093,0.0,0.0,0.25462962962962965,0.22916666666666666,0.0,0.18888888888888888,0.04631485772304809,0.1204644412191582,0.1565835314936681,0.11958762886597939
190,0.0,1.0,0.5714285714285714,0.7297297297297298,0.2484472049689441,0.0,0.3273809523809524,0.3055555555555555,0.738095238095238,0.6666666666666667,0.0,0.0,0.10450171155460829,0.07422680412371135
191,0.334841628959276,0.3333333333333333,0.0,0.4153846153846154,0.33613445378151263,0.28484848484848485,0.0,0.0,0.0,0.12186379928315412,0.26703024541565556,0.35274118147046324,0.3465929781719255,0.494020618556701
192,0.17370892018779344,0.19444444444444445,0.0,0.23684210526315788,0.132890365448505,0.0,0.1676829268292683,0.14473684210526314,0.0,0.13991769547325103,0.1354396650171298,0.29524232992441085,0.27767205106753334,0.3995876288659793
193,0.027673896783844427,0.0,0.0,0.0,0.0,0.0,0.0,0.0,0.0,0.0,0.0470100150622308,0.04228222109016811,0.08711610763446617,0.11505154639175261
194,0.13764880952380953,0.0,0.0,0.0,0.0,0.0,0.0,0.0,0.0,0.0,0.06256264176821227,0.16801619433198378,0.09581047389217266,0.2750515463917526
195,0.1618075801749271,0.0,0.0,0.0,0.0,0.0,0.0,0.0,0.0,0.0,0.10867061102675533,0.2046351084812623,0.1305566698481642,0.3352577319587628
196,0.02857142857142857,0.0,0.0,0.0,0.0,0.0,0.0,0.0,0.0,0.0,0.031696822300024054,0.0,0.034884114884114886,0.017731958762886597
197,0.13983371126228267,0.0,0.0,0.0,0.0,0.0,0.40441176470588236,0.0,0.4305555555555555,0.0,0.06291610302114002,0.0856995353639649,0.06971798257358215,0.19793814432989695
198,0.24395604395604395,0.0,0.0,0.0,0.0,0.0,0.29891304347826086,0.0,0.34444444444444444,0.0,0.12442625960605345,0.20595533498759305,0.12187480784603089,0.40082474226804127
199,0.167420814479638,0.0,0.0,0.0,0.0,0.0,0.0,0.0,0.0,0.0,0.20769019087884322,0.3174670633234169,0.3465929781719255,0.4816494845360824
200,0.10898379970544918,0.0,0.0,0.0,0.0,0.0,0.0,0.0,0.0,0.0,0.0623291990750473,0.12437562437562437,0.1131898223101677,0.21773195876288665
201,0.12706043956043955,0.0,0.0,0.0,0.0,0.0,0.1909722222222222,0.16666666666666666,0.0,0.15419501133786848,0.1822279129321383,0.228021978021978,0.23449599028281967,0.2325773195876289
202,0.05477424130273871,0.0,0.0,0.0,0.0,0.0,0.0,0.0,0.0,0.2222222222222222,0.1092799789390549,0.12518853695324283,0.10450171155460829,0.180618556701031
203,0.3124560168895144,0.24561403508771928,0.0,0.2872340425531915,0.17316017316017318,0.0,0.0,0.0,0.0,0.0,0.16857475125985272,0.19584709768758848,0.19124238628548976,0.4177319587628866
204,0.08345864661654136,0.0,0.0,0.0,0.0,0.0,0.0,0.0,0.0,0.0,0.12559567933919305,0.08512820512820513,0.07841861109187842,0.20618556701030932
205,0.0,0.0,0.0,0.0,0.0,0.0,0.0,0.0,0.0,0.0,0.07924205575006013,0.0,0.034884114884114886,0.04989690721649485
206,0.13622974963181148,0.0,0.0,0.0,0.0,0.0,0.0,0.0,0.0,0.0,0.07791149884380912,0.16583416583416585,0.1131898223101677,0.18886597938144337
207,0.08525345622119815,0.0,0.0,0.0,0.0,0.0,0.0,0.0,0.0,0.0,0.047455185659411016,0.08746048472075868,0.043597288237893536,0.18185567010309278
208,0.08618012422360248,0.0,0.0,0.0,0.0,0.0,0.0,0.0,0.0,0.0,0.031757082418465164,0.08867521367521367,0.026167801082200078,0.16288659793814433
209,0.2517006802721088,0.20740740740740743,0.0,0.25,0.14285714285714288,0.0,0.18092105263157895,0.15714285714285714,0.0,0.14814814814814814,0.1664370279648908,0.3004524886877828,0.2517757080985781,0.5995876288659792
210,0.08302169035153327,0.0,0.0,0.0,0.0,0.0,0.3618421052631579,0.34375,0.0,0.2361111111111111,0.078350025103718,0.12684666327050434,0.08711610763446617,0.19670103092783506
211,0.0,0.0,0.0,0.0,0.0,0.0,0.0,0.0,0.0,0.0,0.0,0.0,0.0,0.0016494845360824747
212,0.11069558713537771,0.0,0.0,0.0,0.0,0.0,0.0,0.0,0.0,0.0,0.0626800200829744,0.16912888436067244,0.08711610763446617,0.34103092783505157
213,0.0,0.0,0.0,0.0,0.0,0.0,0.0,0.0,0.0,0.0,0.031757082418465164,0.0,0.026167801082200078,0.007835051546391754
214,0.13836948391922213,0.0,0.0,0.0,0.0,0.0,0.0,0.0,0.0,0.0,0.0940200301244616,0.16912888436067244,0.08711610763446617,0.3558762886597939
215,0.13983371126228267,0.0,0.0,0.0,0.0,0.0,0.0,0.0,0.0,0.0,0.07864512877642503,0.1713990707279298,0.06971798257358215,0.3360824742268042
216,0.1618075801749271,0.0,0.0,0.0,0.0,0.0,0.0,0.0,0.0,0.0,0.1397193570343997,0.2046351084812623,0.1305566698481642,0.4045360824742269
217,0.2390524048815506,0.0,0.0,0.0,0.0,0.0,0.0,0.0,0.0,0.0,0.20069771679987503,0.3613933236574746,0.1565835314936681,0.4511340206185568
218,0.08258928571428571,0.0,0.0,0.0,0.0,0.0,0.34375000000000006,0.32352941176470584,0.0,0.22895622895622897,0.046921981326159205,0.12601214574898784,0.09581047389217266,0.20494845360824748
219,0.13836948391922213,0.0,0.0,0.0,0.0,0.0,0.0,0.0,0.0,0.0,0.0626800200829744,0.12684666327050434,0.08711610763446617,0.24701030927835052
220,0.0,0.0,0.0,0.0,0.0,0.0,0.0,0.0,0.0,0.0,0.047545233450036084,0.0,0.034884114884114886,0.013195876288659798
221,0.09566903684550744,0.0,0.0,0.0,0.11204481792717087,0.28484848484848485,0.14030612244897958,0.11956521739130434,0.0,0.24372759856630824,0.17802016361043707,0.14109647258818528,0.3465929781719255,0.30144329896907224
222,0.0,0.0,0.0,0.0,0.0,0.0,0.0,0.0,0.0,0.0,0.07924205575006013,0.0,0.034884114884114886,0.052783505154639185
223,0.0,0.0,0.0,0.0,0.0,0.0,0.0,0.0,0.0,0.0,0.09491037131882203,0.0,0.043597288237893536,0.0622680412371134
224,0.1577825159914712,0.0,0.0,0.0,0.0,0.0,0.0,0.0,0.0,0.0,0.1076699608331388,0.19827998088867654,0.17391918577689328,0.17195876288659798
225,0.08479755538579069,0.0,0.0,0.0,0.0,0.0,0.0,0.0,0.0,0.0,0.06315397108549216,0.043432757718472,0.052307322840464056,0.07587628865979382
226,0.028115501519756836,0.0,0.0,0.0,0.0,0.0,0.0,0.0,0.0,0.0,0.0315174063247409,0.04313929313929314,0.06101422038753212,0.0775257731958763
227,0.028115501519756836,0.0,0.0,0.0,0.0,0.0,0.0,0.0,0.0,0.0,0.0315174063247409,0.08627858627858628,0.06101422038753212,0.0531958762886598
228,0.02781954887218045,0.0,0.0,0.0,0.0,0.0,0.0,0.0,0.0,0.0,0.0470983797521974,0.1276923076923077,0.07841861109187842,0.05030927835051547
229,0.1475083056478405,0.7466666666666667,0.5581395348837209,0.9152542372881356,0.253968253968254,0.0,0.0,0.0,0.41333333333333333,0.5396825396825397,0.13495334665082054,0.2189010989010989,0.29492080997457343,0.4292783505154641
230,0.02781954887218045,0.0,0.0,0.0,0.0,0.0,0.0,0.0,0.0,0.0,0.01569945991739913,0.08512820512820513,0.07841861109187842,0.10515463917525775
231,0.33035714285714285,0.0,0.0,0.0,0.0,0.0,0.0,0.0,0.0,0.0,0.19741357234314982,0.49404761904761907,0.23449599028281967,0.7204123711340205
232,0.23785714285714282,0.26666666666666666,0.42857142857142855,0.3068181818181818,0.0,0.0,0.0,0.0,0.29523809523809524,0.1842818428184282,0.18491762382412555,0.31923076923076926,0.16525291619631244,0.4474226804123713
233,0.0,0.0,0.0,0.0,0.0,0.0,0.0,0.0,0.0,0.0,0.0,0.0,0.026167801082200078,0.02639175257731959
234,0.05623100303951367,0.0,0.0,0.0,0.0,0.0,0.0,0.0,0.0,0.0,0.07879351581185225,0.08627858627858628,0.06101422038753212,0.1261855670103093
235,0.10787172011661807,0.6021505376344086,1.0,0.675,0.0,0.0,0.2864583333333333,0.0,1.0,0.4084084084084084,0.09314623802293313,0.16370808678500984,0.1305566698481642,0.24989690721649488
236,0.18686868686868685,0.0,0.0,0.0,0.0,0.0,0.0,0.0,0.0,0.0,0.09280125195618154,0.2020447906523856,0.14791102998904546,0.3451546391752578
237,0.16432272390821612,0.0,0.0,0.0,0.0,0.0,0.0,0.0,0.0,0.0,0.07805712781361063,0.25037707390648567,0.10450171155460829,0.34762886597938153
238,0.10898379970544918,0.0,0.0,0.0,0.0,0.0,0.0,0.0,0.0,0.0,0.04674689930628547,0.16583416583416585,0.1131898223101677,0.1624742268041237
239,0.0,0.0,0.0,0.0,0.0,0.0,0.0,0.0,0.0,0.0,0.0,0.0,0.017448345133997623,0.002474226804123712
240,0.11246200607902734,0.0,0.0,0.0,0.0,0.0,0.0,0.0,0.0,0.0,0.07879351581185225,0.1294178794178794,0.06101422038753212,0.2263917525773196
241,0.028417818740399385,0.0,0.0,0.0,0.0,0.0,0.0,0.0,0.0,0.0,0.01581839521980367,0.08746048472075868,0.043597288237893536,0.07381443298969075
242,0.1101190476190476,0.0,0.0,0.0,0.0,0.0,0.0,0.0,0.0,0.0,0.07820330221026535,0.12601214574898784,0.09581047389217266,0.1175257731958763
243,0.22981366459627328,0.0,0.0,0.0,0.0,0.0,0.0,0.0,0.0,0.0,0.24341311988506634,0.30584983878397054,0.22585147962032387,0.4061855670103093
244,0.0817378497790869,0.0,0.0,0.0,0.0,0.0,0.0,0.0,0.0,0.0,0.10907609838133277,0.16583416583416585,0.1131898223101677,0.10432989690721649
245,0.24025974025974026,0.0,0.0,0.0,0.0,0.0,0.0,0.0,0.0,0.0,0.17013562858633283,0.44449853943524825,0.14791102998904546,0.41896907216494855
246,0.37755102040816324,0.0,0.0,0.0,0.0,0.0,0.0,0.0,0.0,0.0,0.21734122205351067,0.4911242603550296,0.1305566698481642,0.4614432989690722
247,0.38865546218487396,0.0,0.0,0.0,0.0,0.0,0.0,0.0,0.0,0.0,0.16826600629417532,0.4282363977485929,0.19989932056730403,0.5435051546391753
248,0.08131868131868132,0.0,0.0,0.0,0.0,0.0,0.0,0.0,0.0,0.0,0.07776641225378342,0.12357320099255584,0.12187480784603089,0.24288659793814438
249,0.10898379970544918,0.0,0.0,0.0,0.0,0.0,0.0,0.0,0.0,0.0,0.10907609838133277,0.12437562437562437,0.1131898223101677,0.1352577319587629
250,0.07968413496051686,0.5490196078431373,0.4444444444444444,0.627906976744186,0.0,0.0,0.0,0.0,0.303921568627451,0.18888888888888888,0.061753143630730783,0.0803096274794388,0.1565835314936681,0.15793814432989692
251,0.05449189985272459,0.0,0.0,0.0,0.0,0.0,0.0,0.0,0.0,0.0,0.04674689930628547,0.08291708291708293,0.1131898223101677,0.16701030927835056
252,0.19576719576719576,0.0,0.0,0.0,0.0,0.0,0.0,0.0,0.0,0.0,0.11010318028699505,0.2999483737738771,0.06971798257358215,0.2725773195876289
253,0.2225563909774436,0.0,0.0,0.0,0.0,0.0,0.0,0.0,0.0,0.0,0.10989621942179392,0.29794871794871797,0.07841861109187842,0.18762886597938147
254,0.1705069124423963,0.0,0.0,0.0,0.0,0.0,0.0,0.0,0.0,0.0,0.11952934062334652,0.18035636679704475,0.3121572086100929,0.20247422680412377
255,0.21909696521095484,0.0,0.0,0.0,0.0,0.0,0.0,0.0,0.0,0.0,0.1092799789390549,0.25037707390648567,0.10450171155460829,0.16536082474226807
256,0.18407960199004975,0.0,0.0,0.0,0.0,0.0,0.0,0.0,0.0,0.0,0.1076699608331388,0.07931199235547061,0.17391918577689328,0.1105154639175258
257,0.028417818740399385,0.0,0.0,0.0,0.0,0.0,0.0,0.0,0.0,0.0,0.01581839521980367,0.0,0.043597288237893536,0.021030927835051547
258,0.2032967032967033,0.0,0.0,0.0,0.0,0.0,0.0,0.0,0.0,0.0,0.13667093469910374,0.190018315018315,0.23449599028281967,0.2367010309278351
259,0.027387120651369355,0.0,0.0,0.0,0.0,0.0,0.0,0.0,0.0,0.0,0.06244570225088852,0.12518853695324283,0.10450171155460829,0.05938144329896907
260,0.2013605442176871,0.20740740740740743,0.3157894736842105,0.25,0.0,0.0,0.0,0.0,0.22962962962962966,0.14814814814814814,0.1664370279648908,0.22533936651583708,0.2517757080985781,0.26680412371134027
261,0.027673896783844427,0.0,0.0,0.0,0.0,0.0,0.0,0.0,0.0,0.0,0.0313400100414872,0.0,0.08711610763446617,0.06927835051546394
262,0.0,0.0,0.0,0.0,0.0,0.0,0.0,0.0,0.0,0.0,0.03157698554274608,0.043432757718472,0.052307322840464056,0.03876288659793815
263,0.028265851795263558,0.42424242424242425,0.8,0.43548387096774194,0.0,0.0,0.0,0.0,0.4696969696969697,0.2698412698412698,0.04736547831411912,0.086865515436944,0.052307322840464056,0.05979381443298969
264,0.0,0.0,0.0,0.0,0.0,0.0,0.0,0.0,0.0,0.0,0.01590878604963112,0.0,0.017448345133997623,0.003711340206185568
265,0.21796759941089835,0.0,0.0,0.0,0.0,0.0,0.0,0.0,0.0,0.0,0.07791149884380912,0.3316683316683317,0.1131898223101677,0.17278350515463925
266,0.05477424130273871,0.0,0.0,0.0,0.0,0.0,0.0,0.0,0.0,0.0,0.07805712781361063,0.12518853695324283,0.10450171155460829,0.11092783505154641
267,0.05593348450491307,0.0,0.0,0.0,0.0,0.0,0.40441176470588236,0.39285714285714285,0.0,0.2518518518518518,0.03145805151057001,0.0856995353639649,0.06971798257358215,0.13814432989690725
268,0.0,0.0,0.0,0.0,0.0,0.0,0.3618421052631579,0.34375,0.0,0.2361111111111111,0.0,0.0,0.08711610763446617,0.06721649484536082
269,0.0275297619047619,0.0,0.0,0.0,0.0,0.0,0.34375000000000006,0.32352941176470584,0.0,0.22895622895622897,0.0,0.0,0.09581047389217266,0.05360824742268042
270,0.02857142857142857,0.0,0.0,0.0,0.0,0.0,0.0,0.0,0.0,0.0,0.015848411150012027,0.04403183023872679,0.034884114884114886,0.07257731958762888
271,0.02781954887218045,0.0,0.0,0.0,0.0,0.0,0.3819444444444444,0.36666666666666664,0.0,0.24372759856630824,0.0470983797521974,0.04256410256410256,0.07841861109187842,0.1265979381443299
272,0.026967930029154517,0.0,0.0,0.0,0.0,0.0,0.2864583333333333,0.26190476190476186,0.0,0.2042042042042042,0.03104874600764438,0.04092702169625246,0.1305566698481642,0.16494845360824748
273,0.08131868131868132,0.0,0.0,0.0,0.0,0.0,0.0,0.0,0.0,0.0,0.06221312980302673,0.12357320099255584,0.12187480784603089,0.13649484536082476
274,0.08049311094996374,0.0,0.0,0.0,0.0,0.0,0.0,0.0,0.0,0.0,0.06198228331025112,0.16266536011758942,0.13923541000132156,0.13195876288659797
275,0.08302169035153327,0.0,0.0,0.0,0.0,0.0,0.0,0.0,0.0,0.0,0.0626800200829744,0.12684666327050434,0.08711610763446617,0.11505154639175261
276,0.0556390977443609,0.0,0.0,0.0,0.0,0.0,0.0,0.0,0.0,0.0,0.06279783966959653,0.1276923076923077,0.07841861109187842,0.11175257731958764
277,0.11186696900982614,0.0,0.0,0.0,0.0,0.0,0.0,0.0,0.0,0.0,0.11010318028699505,0.21424883840991224,0.06971798257358215,0.14268041237113405
278,0.27106227106227104,0.0,0.0,0.0,0.0,0.0,0.0,0.0,0.0,0.0,0.1710861069583235,0.4119106699751861,0.12187480784603089,0.29072164948453605
279,0.27245949926362295,0.0,0.0,0.0,0.0,0.0,0.0,0.0,0.0,0.0,0.14024069791885643,0.41458541458541454,0.1131898223101677,0.36288659793814443
280,0.07968413496051686,0.0,0.0,0.0,0.0,0.0,0.0,0.0,0.0,0.0,0.061753143630730783,0.20077406869859699,0.1565835314936681,0.10474226804123712
281,0.028417818740399385,0.0,0.0,0.0,0.0,0.0,0.0,0.0,0.0,0.0,0.06327358087921468,0.08746048472075868,0.043597288237893536,0.08082474226804126
282,0.05623100303951367,0.0,0.0,0.0,0.0,0.0,0.0,0.0,0.0,0.0,0.0315174063247409,0.04313929313929314,0.06101422038753212,0.0820618556701031
283,0.26166902404526166,0.0,0.0,0.0,0.0,0.0,0.0,0.0,0.0,0.0,0.18423777961888982,0.15764482431149096,0.18258234191411846,0.22969072164948454
284,0.0817378497790869,0.0,0.0,0.0,0.0,0.0,0.0,0.0,0.0,0.0,0.10907609838133277,0.12437562437562437,0.1131898223101677,0.14886597938144336
285,0.13836948391922213,0.0,0.0,0.0,0.0,0.0,0.0,0.0,0.0,0.0,0.0470100150622308,0.08456444218033622,0.08711610763446617,0.12948453608247426
286,0.2527950310559006,0.0,0.0,0.0,0.0,0.0,0.0,0.0,0.0,0.0,0.3212351029252438,0.33603238866396756,0.42389343354490805,0.5183505154639175
287,0.1634756995581738,0.0,0.0,0.0,0.0,0.0,0.0,0.0,0.0,0.0,0.07791149884380912,0.12437562437562437,0.1131898223101677,0.13237113402061856
288,0.16432272390821612,0.0,0.0,0.0,0.0,0.0,0.0,0.0,0.0,0.0,0.06244570225088852,0.20864756158873807,0.10450171155460829,0.10762886597938146
289,0.14057750759878418,0.0,0.0,0.0,0.0,0.0,0.0,0.0,0.0,0.0,0.0630348126494818,0.2156964656964657,0.06101422038753212,0.1752577319587629
290,0.21574344023323613,0.0,0.0,0.0,0.0,0.0,0.0,0.0,0.0,0.0,0.10867061102675533,0.2046351084812623,0.1305566698481642,0.19010309278350523
291,0.2870071105365223,0.0,0.0,0.0,0.0,0.0,0.0,0.0,0.0,0.0,0.20769019087884322,0.42328941776455586,0.3465929781719255,0.28948453608247426
292,0.23785714285714282,0.0,0.0,0.0,0.0,0.0,0.0,0.0,0.0,0.0,0.18491762382412555,0.51875,0.16525291619631244,0.3476288659793815
293,0.5082417582417582,0.0,0.0,0.0,0.0,0.0,0.0,0.0,0.0,0.0,0.31889884763124204,0.6460622710622711,0.23449599028281967,0.48371134020618567
294,0.3368347338935574,0.0,0.0,0.0,0.0,0.0,0.0,0.0,0.0,0.0,0.198859825620389,0.4671669793621013,0.19989932056730403,0.3653608247422681
295,0.0,0.0,0.0,0.0,0.0,0.0,0.0,0.0,0.0,0.0,0.0,0.0,0.008725745340131496,0.021443298969072166
296,0.08434650455927051,0.8115942028985508,0.0,0.84375,0.0,0.0,0.0,0.0,0.0,0.0,0.0630348126494818,0.04313929313929314,0.06101422038753212,0.08783505154639176
297,0.17737296260786192,0.07017543859649122,0.0,0.09507042253521128,0.0,0.0,0.0,0.0,0.0,0.0,0.14355193661971832,0.148479427549195,1.0,0.47917525773195907
298,0.1562280084447572,0.24561403508771928,0.0,0.2872340425531915,0.0,0.0,0.0,0.0,0.0,0.0,0.09194986432355602,0.2350165172251062,0.19124238628548976,0.16659793814432994
299,0.0,0.35897435897435903,0.0,0.38571428571428573,0.0,0.0,0.0,0.0,0.0,0.0,0.0156700050207436,0.04228222109016811,0.08711610763446617,0.04371134020618558
300,0.02857142857142857,0.0,0.0,0.0,0.0,0.0,0.0,0.0,0.0,0.0,0.015848411150012027,0.04403183023872679,0.034884114884114886,0.03917525773195876
301,0.0,0.0,0.0,0.0,0.0,0.0,0.0,0.0,0.0,0.0,0.0315174063247409,0.04313929313929314,0.06101422038753212,0.05443298969072166
302,0.11069558713537771,0.0,0.0,0.0,0.0,0.0,0.0,0.0,0.0,0.0,0.078350025103718,0.12684666327050434,0.08711610763446617,0.16536082474226807
303,0.0550595238095238,0.0,0.0,0.0,0.0,0.0,0.0,0.0,0.0,0.0,0.046921981326159205,0.042004048582995945,0.09581047389217266,0.10969072164948457
304,0.028115501519756836,0.4057971014492754,0.0,0.421875,0.0,0.0,0.0,0.0,0.0,0.0,0.0630348126494818,0.08627858627858628,0.06101422038753212,0.08989690721649486
305,0.24246395806028834,0.0,0.0,0.0,0.0,0.0,0.0,0.0,0.0,0.0,0.20880281690140848,0.32281763180639583,0.3207707769771177,0.4131958762886597
306,0.18592964824120603,0.27450980392156865,0.4444444444444444,0.313953488372093,0.0,0.0,0.25462962962962965,0.22916666666666666,0.303921568627451,0.37777777777777777,0.15438285907682697,0.20077406869859699,0.1565835314936681,0.1851546391752578
307,0.05714285714285714,0.0,0.0,0.0,0.0,0.0,0.0,0.0,0.0,0.0,0.015848411150012027,0.04403183023872679,0.034884114884114886,0.03505154639175258
308,0.05593348450491307,0.3888888888888889,0.0,0.4090909090909091,0.0,0.6811594202898551,0.40441176470588236,0.39285714285714285,0.4305555555555555,0.2518518518518518,0.03145805151057001,0.0856995353639649,0.06971798257358215,0.06886597938144333
309,0.028115501519756836,0.0,0.0,0.0,0.0,0.0,0.0,0.0,0.0,0.0,0.01575870316237045,0.0,0.06101422038753212,0.02061855670103093
310,0.028417818740399385,0.4444444444444444,0.0,0.45,0.0,0.7833333333333334,0.9821428571428571,1.0,0.49206349206349204,0.5596707818930041,0.03163679043960734,0.04373024236037934,0.043597288237893536,0.05319587628865981
311,0.41913152926368785,0.6021505376344086,0.21818181818181817,0.7605633802816902,0.0,0.7704918032786886,1.0,0.8461538461538461,0.6666666666666666,1.0,0.36696452882497094,0.5804195804195804,0.3981542618881675,0.6923711340206188
312,0.11186696900982614,0.0,0.0,0.0,0.0,0.0,0.0,0.0,0.0,0.0,0.06291610302114002,0.1713990707279298,0.06971798257358215,0.11917525773195879
313,0.39250353606789246,0.0,0.0,0.0,0.0,0.0,0.0,0.0,0.0,0.0,0.24565037282518642,0.43352326685660014,0.18258234191411846,0.27422680412371137
314,0.13909774436090225,0.0,0.0,0.0,0.0,0.0,0.0,0.0,0.0,0.0,0.0941967595043948,0.2128205128205128,0.07841861109187842,0.14350515463917526
315,0.13415518491660622,0.5833333333333334,0.0,0.6585365853658537,0.0,0.0,0.0,0.0,0.0,0.0,0.09297342496537668,0.20333170014698676,0.13923541000132156,0.17938144329896913
316,0.15857142857142856,0.0,0.0,0.0,0.0,0.0,0.0,0.0,0.0,0.0,0.09245881191206277,0.15961538461538463,0.16525291619631244,0.2235051546391753
317,0.28362369337979093,0.0,0.0,0.0,0.0,0.0,0.20833333333333334,0.0,0.25833333333333336,0.0,0.15268944563174294,0.4643356643356643,0.20855314643465453,0.4284536082474228
318,0.1897435897435897,0.0,0.0,0.0,0.0,0.0,0.0,0.0,0.0,0.0,0.15553282450756684,0.28833746898263024,0.12187480784603089,0.29649484536082477
319,0.02781954887218045,0.0,0.0,0.0,0.0,0.0,0.0,0.0,0.0,0.0,0.0470983797521974,0.04256410256410256,0.07841861109187842,0.06597938144329897
320,0.20830401125967626,0.0,0.0,0.0,0.0,0.0,0.2217741935483871,0.0,0.2719298245614035,0.0,0.1225998190980747,0.39169419537517697,0.19124238628548976,0.3348453608247423
321,0.33849401829697395,0.0,0.0,0.0,0.0,0.0,0.0,0.0,0.0,0.0,0.22987466080889005,0.6658801321378008,0.19124238628548976,0.44948453608247435
322,0.02872670807453416,0.0,0.0,0.0,0.0,0.0,0.0,0.0,0.0,0.0,0.031757082418465164,0.04433760683760683,0.026167801082200078,0.03917525773195876
323,0.19473684210526312,0.0,0.0,0.0,0.0,0.0,0.0,0.0,0.0,0.0,0.07849729958699565,0.29794871794871797,0.07841861109187842,0.12989690721649486
324,0.3006093432633717,0.0,0.0,0.0,0.0,0.0,0.0,0.0,0.0,0.0,0.21144589053307186,0.37336932073774176,0.2604109185888239,0.31381443298969075
325,0.056531703590527116,0.0,0.0,0.0,0.0,0.0,0.0,0.0,0.0,0.0,0.06315397108549216,0.130298273155416,0.052307322840464056,0.0861855670103093
326,0.19371727748691098,0.0,0.0,0.0,0.0,0.0,0.0,0.0,0.0,0.0,0.1253600401659488,0.2959755476311768,0.08711610763446617,0.20948453608247428
327,0.1539528432732316,0.0,0.0,0.0,0.0,0.0,0.0,0.0,0.0,0.0,0.15241081525650252,0.2692307692307692,0.2172038655614315,0.3414432989690722
328,0.055347793567688854,0.7179487179487181,0.631578947368421,0.7714285714285715,0.0,0.6266666666666667,0.3618421052631579,0.34375,0.7948717948717949,0.4722222222222222,0.078350025103718,0.16912888436067244,0.08711610763446617,0.10103092783505158
329,0.10898379970544918,0.0,0.0,0.0,0.0,0.0,0.0,0.0,0.0,0.0,0.07791149884380912,0.12437562437562437,0.1131898223101677,0.16618556701030926
330,0.027673896783844427,0.0,0.0,0.0,0.0,0.0,0.0,0.0,0.0,0.0,0.0156700050207436,0.0,0.08711610763446617,0.04618556701030928
331,0.027106227106227104,0.0,0.0,0.0,0.0,0.0,0.0,0.0,0.0,0.0,0.06221312980302673,0.12357320099255584,0.12187480784603089,0.056494845360824754
332,0.027966742252456534,0.0,0.0,0.0,0.0,0.0,0.40441176470588236,0.0,0.4305555555555555,0.0,0.015729025755285005,0.0856995353639649,0.06971798257358215,0.10391752577319589
333,0.27687074829931974,0.0,0.0,0.0,0.0,0.0,0.0,0.0,0.0,0.0,0.19669830577668912,0.45067873303167416,0.2517757080985781,0.5294845360824744
334,0.056531703590527116,0.0,0.0,0.0,0.0,0.0,0.0,0.0,0.0,0.0,0.04736547831411912,0.043432757718472,0.052307322840464056,0.0643298969072165
335,0.02857142857142857,0.0,0.0,0.0,0.0,0.0,0.5288461538461539,0.0,0.5166666666666667,0.0,0.015848411150012027,0.04403183023872679,0.034884114884114886,0.03216494845360825
336,0.08258928571428571,0.0,0.0,0.0,0.0,0.0,0.0,0.0,0.0,0.0,0.10948462309437149,0.12601214574898784,0.09581047389217266,0.15216494845360828
337,0.34186211798152094,0.0,0.0,0.0,0.0,0.0,0.0,0.0,0.0,0.0,0.2153399216662776,0.5551839464882943,0.17391918577689328,0.48701030927835054
338,0.0556390977443609,0.0,0.0,0.0,0.0,0.0,0.0,0.0,0.0,0.0,0.0470983797521974,0.1276923076923077,0.07841861109187842,0.1995876288659794
339,0.15857142857142856,0.0,0.0,0.0,0.0,0.0,0.24553571428571427,0.0,0.29523809523809524,0.0,0.09245881191206277,0.3990384615384615,0.16525291619631244,0.33525773195876296
340,0.0839002267573696,0.0,0.0,0.0,0.0,0.0,0.0,0.0,0.0,0.0,0.06291610302114002,0.1713990707279298,0.06971798257358215,0.11298969072164948
341,0.2936507936507936,0.0,0.0,0.0,0.0,0.0,0.0,0.0,0.0,0.0,0.17013562858633283,0.5253164556962024,0.14791102998904546,0.4053608247422681
342,0.24025974025974026,0.0,0.0,0.0,0.0,0.0,0.0,0.0,0.0,0.0,0.20106937923839333,0.44449853943524825,0.14791102998904546,0.3055670103092784
343,0.08571428571428572,0.0,0.0,0.0,0.0,0.0,0.0,0.0,0.0,0.0,0.047545233450036084,0.08806366047745358,0.034884114884114886,0.03257731958762887
344,0.1495956873315364,0.0,0.0,0.0,0.0,0.0,0.0,0.0,0.0,0.0,0.09045609396450907,0.148479427549195,0.26904303235664184,0.14185567010309277
345,0.19371727748691098,0.0,0.0,0.0,0.0,0.0,0.0,0.0,0.0,0.0,0.1410300451866924,0.21141110545084055,0.08711610763446617,0.2041237113402062
346,0.0556390977443609,0.0,0.0,0.0,0.0,0.0,0.0,0.0,0.0,0.0,0.06279783966959653,0.04256410256410256,0.07841861109187842,0.07298969072164949
347,0.23092926490984744,0.0,0.0,0.0,0.0,0.0,0.0,0.0,0.0,0.0,0.13716973373085228,0.3076923076923077,0.2172038655614315,0.36000000000000004
348,0.3368347338935574,0.0,0.0,0.0,0.0,0.0,0.0,0.0,0.0,0.0,0.16826600629417532,0.4282363977485929,0.19989932056730403,0.4445360824742269
349,0.3272108843537415,0.0,0.0,0.0,0.0,0.0,0.0,0.0,0.0,0.0,0.22695958358848745,0.45067873303167416,0.2517757080985781,0.5228865979381444
350,0.0,0.0,0.0,0.0,0.0,0.0,0.0,0.0,0.0,0.0,0.015848411150012027,0.0,0.034884114884114886,0.028041237113402066
351,0.11246200607902734,0.0,0.0,0.0,0.0,0.0,0.4296875,0.0,0.4492753623188406,0.0,0.07879351581185225,0.2156964656964657,0.06101422038753212,0.14144329896907218
352,0.2114285714285714,0.0,0.0,0.0,0.0,0.0,0.24553571428571427,0.0,0.29523809523809524,0.0,0.13868821786809418,0.4788461538461538,0.16525291619631244,0.3971134020618557
353,0.13553113553113552,0.0,0.0,0.0,0.0,0.0,0.29891304347826086,0.0,0.34444444444444444,0.0,0.0933196947045401,0.24714640198511167,0.12187480784603089,0.26927835051546395
354,0.0839002267573696,0.0,0.0,0.0,0.0,0.0,0.0,0.0,0.0,0.0,0.09437415453171004,0.12854930304594733,0.06971798257358215,0.11505154639175262
355,0.19170984455958548,0.0,0.0,0.0,0.0,0.0,0.0,0.0,0.0,0.0,0.12489140450177703,0.29210658622423324,0.10450171155460829,0.28536082474226804
356,0.18137254901960784,0.0,0.0,0.0,0.0,0.0,0.0,0.0,0.0,0.0,0.2294536449466027,0.31144465290806755,0.19989932056730403,0.3781443298969072
357,0.13836948391922213,0.0,0.0,0.0,0.0,0.0,0.0,0.0,0.0,0.0,0.1253600401659488,0.21141110545084055,0.08711610763446617,0.23422680412371136
358,0.11246200607902734,0.0,0.0,0.0,0.0,0.0,0.4296875,0.0,0.4492753623188406,0.0,0.07879351581185225,0.2156964656964657,0.06101422038753212,0.14144329896907218
359,0.2124910265613783,0.0,0.0,0.0,0.0,0.0,0.25462962962962965,0.0,0.303921568627451,0.0,0.13894457316914424,0.4818577648766328,0.1565835314936681,0.39381443298969077
360,0.2892679459843639,0.0,0.0,0.0,0.0,0.0,0.23706896551724138,0.0,0.28703703703703703,0.0,0.2153399216662776,0.3965599617773531,0.17391918577689328,0.45113402061855673
361,0.1634756995581738,0.0,0.0,0.0,0.0,0.0,0.0,0.0,0.0,0.0,0.1246583981500946,0.20729270729270727,0.1131898223101677,0.22350515463917528
362,0.13622974963181148,0.0,0.0,0.0,0.0,0.0,0.0,0.0,0.0,0.0,0.14024069791885643,0.20729270729270727,0.1131898223101677,0.2738144329896907
363,0.11186696900982614,0.0,0.0,0.0,0.0,0.0,0.40441176470588236,0.0,0.4305555555555555,0.0,0.06291610302114002,0.12854930304594733,0.06971798257358215,0.10350515463917528
364,0.21356421356421357,0.0,0.0,0.0,0.0,0.0,0.2644230769230769,0.0,0.31313131313131315,0.0,0.10826812728221179,0.4040895813047712,0.14791102998904546,0.3472164948453609
365,0.05421245421245421,0.0,0.0,0.0,0.0,0.0,0.0,0.0,0.0,0.0,0.06221312980302673,0.12357320099255584,0.12187480784603089,0.08989690721649486
366,0.3844155844155844,0.0,0.0,0.0,0.0,0.0,0.0,0.0,0.0,0.0,0.2972282091123252,0.5675213675213675,0.3379886601014623,0.6404123711340206
367,0.0,0.0,0.0,0.0,0.0,0.0,0.0,0.0,0.0,0.0,0.01593914632835179,0.0,0.008725745340131496,0.010721649484536085
368,0.028417818740399385,0.0,0.0,0.0,0.0,0.0,0.0,0.0,0.0,0.0,0.03163679043960734,0.04373024236037934,0.043597288237893536,0.10639175257731961
369,0.4355270197966827,0.0,0.0,0.0,0.0,0.0,0.0,0.0,0.0,0.0,0.397719651240778,0.45001694340901394,0.7390886023698524,0.9748453608247422
370,0.13415518491660622,0.0,0.0,0.0,0.0,0.0,0.0,0.0,0.0,0.0,0.12396456662050225,0.2439980401763841,0.13923541000132156,0.36
371,0.16691729323308271,0.0,0.0,0.0,0.0,0.0,0.0,0.0,0.0,0.0,0.0941967595043948,0.2128205128205128,0.07841861109187842,0.243298969072165
372,0.11069558713537771,0.0,0.0,0.0,0.0,0.0,0.0,0.0,0.0,0.0,0.0626800200829744,0.12684666327050434,0.08711610763446617,0.12907216494845364
373,0.13693560325684676,0.0,0.0,0.0,0.0,0.0,0.0,0.0,0.0,0.0,0.07805712781361063,0.25037707390648567,0.10450171155460829,0.07835051546391752
374,0.3368347338935574,0.0,0.0,0.0,0.0,0.0,0.21484375,0.0,0.26495726495726496,0.0,0.18356291595728216,0.5060975609756098,0.19989932056730403,0.49484536082474223
375,0.0,0.0,0.0,0.0,0.0,0.0,0.3819444444444444,0.0,0.41333333333333333,0.0,0.01569945991739913,0.0,0.07841861109187842,0.06144329896907217
376,0.10732414793328497,0.0,0.0,0.0,0.0,0.0,0.275,0.0,0.3229166666666667,0.0,0.09297342496537668,0.16266536011758942,0.13923541000132156,0.2643298969072166
377,0.2892679459843639,0.0,0.0,0.0,0.0,0.0,0.0,0.0,0.0,0.0,0.16919565273778955,0.4362159579550884,0.17391918577689328,0.5344329896907218
378,0.3368347338935574,0.23931623931623933,0.0,0.28125,0.16806722689075632,0.0,0.0,0.0,0.0,0.0,0.18356291595728216,0.2725140712945591,0.19989932056730403,0.251958762886598
379,0.34186211798152094,0.0,0.0,0.0,0.0,0.0,0.0,0.0,0.0,0.0,0.16919565273778955,0.23793597706641184,0.17391918577689328,0.36865979381443303
380,0.2124910265613783,0.0,0.0,0.0,0.0,0.0,0.0,0.0,0.0,0.0,0.13894457316914424,0.3613933236574746,0.1565835314936681,0.17278350515463925
381,0.303485987696514,0.0,0.0,0.0,0.0,0.0,0.0,0.0,0.0,0.0,0.18189719076710717,0.5289030496131089,0.24313739921920763,0.45195876288659803
382,0.08131868131868132,0.0,0.0,0.0,0.0,0.0,0.0,0.0,0.0,0.0,0.06221312980302673,0.16476426799007443,0.12187480784603089,0.1439175257731959
383,0.21464829586656994,0.0,0.0,0.0,0.0,0.0,0.0,0.0,0.0,0.0,0.10846899579293946,0.4879960803527682,0.13923541000132156,0.22845360824742275
384,0.0,0.0,0.0,0.0,0.0,0.0,0.0,0.0,0.0,0.0,0.03139891983479826,0.04256410256410256,0.07841861109187842,0.06804123711340208
385,0.10678210678210678,0.0,0.0,0.0,0.0,0.0,0.0,0.0,0.0,0.0,0.10826812728221179,0.24245374878286272,0.14791102998904546,0.3101030927835052
386,0.13280689160086145,0.0,0.0,0.0,0.0,0.0,0.0,0.0,0.0,0.0,0.09262971544609618,0.2409288824383164,0.1565835314936681,0.15257731958762888
387,0.3203463203463203,0.0,0.0,0.0,0.0,0.0,0.0,0.0,0.0,0.0,0.17013562858633283,0.48490749756572543,0.14791102998904546,0.39835051546391753
388,0.1897435897435897,0.0,0.0,0.0,0.0,0.0,0.0,0.0,0.0,0.0,0.1710861069583235,0.535483870967742,0.12187480784603089,0.23298969072164954
389,0.3488034807831762,0.0,0.0,0.0,0.0,0.0,0.0,0.0,0.0,0.0,0.23243356241344168,0.6913277804997551,0.13053162749605407,0.4016494845360825
390,0.46638655462184875,0.0,0.0,0.0,0.0,0.0,0.0,0.0,0.0,0.0,0.198859825620389,0.9343339587242026,0.19989932056730403,0.3385567010309279
391,0.02857142857142857,0.0,0.0,0.0,0.0,0.0,0.0,0.0,0.0,0.0,0.06339364460004811,0.22015915119363394,0.017438911895178804,0.028865979381443304
392,0.29970544918998526,0.0,0.0,0.0,0.0,0.0,0.0,0.0,0.0,0.0,0.17140529745638008,0.5804195804195804,0.0870643834033692,0.1595876288659794
393,0.19473684210526312,0.0,0.0,0.0,0.0,0.0,0.0,0.0,0.0,0.0,0.10989621942179392,0.4256410256410256,0.07841861109187842,0.2923711340206186
394,0.19473684210526312,0.0,0.0,0.0,0.0,0.0,0.0,0.0,0.0,0.0,0.07849729958699565,0.4256410256410256,0.06970386072386806,0.12948453608247423
395,0.18877551020408162,0.0,0.0,0.0,0.0,0.0,0.0,0.0,0.0,0.0,0.1707681030420441,0.6548323471400394,0.12185132219588986,0.22845360824742275
396,0.41054091539528426,0.0,0.0,0.0,0.0,0.0,0.0,0.0,0.0,0.0,0.21337514135910354,1.0,0.16506553675766455,0.28247422680412376
397,0.24025974025974026,0.0,0.0,0.0,0.0,0.0,0.0,0.0,0.0,0.0,0.12373500260824205,0.7273612463485881,0.1131021583052075,0.06721649484536085
