,abstract,keyword0,keyword1,keyword2,keyword3,keyword4,keyword5,keyword6,keyword7,keyword8,keyword9,keyword10,keyword11,keyword12,keyword13,keyword14,keyword15,keyword16,keyword17,keyword18,keyword19,keyword20,keyword21,introduction,conclusion,text,word freq. in sentence
0,0.48801742919389973,0.0,0.0,0.0,0.0,0.0,0.0,0.0,0.0,0.0,0.0,0.0,0.0,0.0,0.0,0.0,0.0,0.0,0.0,0.0,0.0,0.0,0.0,0.10603262542320713,0.07713498622589532,0.03889940252507502,0.019935972060535552
1,0.5982905982905983,0.0,0.0,0.0,0.0,0.0,0.0,0.0,0.0,0.0,0.0,0.0,0.0,0.0,0.0,0.0,0.0,0.0,0.0,0.0,0.0,0.0,0.0,0.10541615667074664,0.09562841530054646,0.07218671320359184,0.034196740395809166
2,0.48801742919389973,0.0,0.0,0.0,0.0,0.0,0.0,0.0,0.0,0.0,0.0,0.0,0.0,0.0,0.0,0.0,0.0,0.0,0.0,0.0,0.0,0.0,0.0,0.08836052118600594,0.11570247933884298,0.06668469004298574,0.04300058207217706
3,1.0,0.0,0.0,0.0,0.0,0.0,0.0,0.0,0.0,0.0,0.0,0.0,0.0,0.0,0.0,0.0,0.0,0.0,0.0,0.0,0.0,0.0,0.0,0.1802855861244019,0.16666666666666666,0.14393482359278212,0.0500582072176951
4,0.5982905982905983,0.0,0.0,0.0,0.0,0.0,0.0,0.0,0.0,0.0,0.0,0.0,0.0,0.0,0.0,0.0,0.0,0.0,0.0,0.0,0.0,0.0,0.0,0.11420083639330884,0.05737704918032788,0.061081065018423863,0.026120488940628704
5,1.0,0.0,0.0,0.0,0.0,0.0,0.0,0.0,0.0,0.0,0.0,0.0,0.0,0.0,0.0,0.0,0.0,0.0,0.0,0.0,0.0,0.0,0.0,0.15453050239234448,0.18518518518518517,0.13286291408564502,0.048966821885913975
6,0.5252525252525252,0.0,0.0,0.0,0.0,0.0,0.0,0.0,0.0,0.0,0.0,0.0,0.0,0.0,0.0,0.0,0.0,0.0,0.0,0.0,0.0,0.0,0.0,0.026456584067171822,0.07692307692307693,0.06666774779449922,0.036816065192083906
7,0.7729468599033815,0.0,0.0,0.0,0.0,0.0,0.0,0.0,0.0,0.0,0.0,0.0,0.0,0.0,0.0,0.0,0.0,0.0,0.0,0.0,0.0,0.0,0.0,0.1392059804020608,0.12264150943396226,0.09427830629016679,0.028885331781140926
8,0.19323671497584538,0.0,0.0,0.0,0.0,0.0,0.0,0.0,0.0,0.0,0.0,0.0,0.0,0.0,0.0,0.0,0.0,0.0,0.0,0.0,0.0,0.0,0.0,0.174007475502576,0.04716981132075472,0.033274696337705925,0.01316938300349247
9,0.12444444444444444,0.0,0.0,0.0,0.0,0.0,0.0,0.0,0.0,0.0,0.0,0.0,0.0,0.0,0.0,0.0,0.0,0.0,0.0,0.0,0.0,0.0,0.0,0.0799922600619195,0.029166666666666667,0.027806486872578515,0.008149010477299207
10,0.08296296296296296,0.0,0.0,0.0,0.0,0.0,0.0,0.0,0.0,0.0,0.0,0.0,0.0,0.0,0.0,0.0,0.0,0.0,0.0,0.0,0.0,0.0,0.0,0.0799922600619195,0.03888888888888889,0.022245189498062812,0.009167636786961605
11,0.19444444444444442,0.0,0.0,0.0,0.0,0.0,0.0,0.0,0.0,0.0,0.0,0.0,0.0,0.0,0.0,0.0,0.0,0.0,0.0,0.0,0.0,0.0,0.0,0.165625,0.05675675675675676,0.06656627481459891,0.017462165308498298
12,0.1212121212121212,0.0,0.0,0.0,0.0,0.0,0.0,0.0,0.0,0.0,0.0,0.0,0.0,0.0,0.0,0.0,0.0,0.0,0.0,0.0,0.0,0.0,0.0,0.11464519762441122,0.057692307692307696,0.04444516519633282,0.019935972060535555
13,0.04066811909949165,0.0,0.0,0.0,0.0,0.0,0.0,0.0,0.0,0.0,0.0,0.0,0.0,0.0,0.0,0.0,0.0,0.0,0.0,0.0,0.0,0.0,0.0,0.10603262542320713,0.009641873278236915,0.03889940252507502,0.011423166472642634
14,0.07977207977207976,0.0,0.0,0.0,0.0,0.0,0.0,0.0,0.0,0.0,0.0,0.0,0.0,0.0,0.0,0.0,0.0,0.0,0.0,0.0,0.0,0.0,0.0,0.1317701958384333,0.03825136612021858,0.04997541683325589,0.01768044237485453
15,0.0,0.0,0.0,0.0,0.0,0.0,0.0,0.0,0.0,0.0,0.0,0.0,0.0,0.0,0.0,0.0,0.0,0.0,0.0,0.0,0.0,0.0,0.0,0.0799922600619195,0.0,0.01668389212354711,0.003055878928987202
16,0.04175988068605518,0.0,0.0,0.0,0.0,0.0,0.0,0.0,0.0,0.0,0.0,0.0,0.0,0.0,0.0,0.0,0.0,0.0,0.0,0.0,0.0,0.0,0.0,0.07124392513700754,0.03899721448467967,0.016688136308773145,0.013969732246798636
17,0.12043010752688171,0.0,0.0,0.0,0.0,0.0,0.0,0.0,0.0,0.0,0.0,0.0,0.0,0.0,0.0,0.0,0.0,0.0,0.0,0.0,0.0,0.0,0.0,0.12322432294328053,0.028767123287671233,0.03332540707634606,0.011132130384167663
18,0.38647342995169076,0.0,0.0,0.0,0.0,0.0,0.0,0.0,0.0,0.0,0.0,0.0,0.0,0.0,0.0,0.0,0.0,0.0,0.0,0.0,0.0,0.0,0.0,0.174007475502576,0.1320754716981132,0.08318674084426482,0.06519208381839366
19,0.12362030905077262,0.0,0.0,0.0,0.0,0.0,0.0,0.0,0.0,0.0,0.0,0.0,0.0,0.0,0.0,0.0,0.0,0.0,0.0,0.0,0.0,0.0,0.0,0.08870635492841693,0.05817174515235458,0.044479066924171355,0.030194994179278303
20,0.5152158527954706,0.0,0.0,0.0,0.0,0.0,0.0,0.0,0.0,0.0,0.0,0.0,0.0,0.0,0.0,0.0,0.0,0.0,0.0,0.0,0.0,0.0,0.0,0.1402830092639723,0.07629427792915532,0.0721683870514711,0.03303259604190928
21,0.4666666666666666,0.0,0.0,0.0,0.0,0.0,0.0,0.0,0.0,0.0,0.0,0.0,0.0,0.0,0.0,0.0,0.0,0.0,0.0,0.0,0.0,0.0,0.0,0.165625,0.08513513513513514,0.07211346438248216,0.03201396973224687
22,0.15954415954415951,0.0,0.0,0.0,0.0,0.0,0.0,0.0,0.0,0.0,0.0,0.0,0.0,0.0,0.0,0.0,0.0,0.0,0.0,0.0,0.0,0.0,0.0,0.1317701958384333,0.01912568306010929,0.022211296370335948,0.0035651920838184015
23,0.4173441734417344,0.0,0.0,0.0,0.0,0.0,0.0,0.0,0.0,0.0,0.0,0.0,0.0,0.0,0.0,0.0,0.0,0.0,0.0,0.0,0.0,0.0,0.0,0.1989629369224588,0.10294117647058824,0.08312349699668935,0.02677532013969738
24,0.19323671497584538,0.0,0.0,0.0,0.0,0.0,0.0,0.0,0.0,0.0,0.0,0.0,0.0,0.0,0.0,0.0,0.0,0.0,0.0,0.0,0.0,0.0,0.0,0.174007475502576,0.0849056603773585,0.07209517539836284,0.024519790454016366
25,0.2884473877851361,0.0,0.0,0.0,0.0,0.0,0.0,0.0,0.0,0.0,0.0,0.0,0.0,0.0,0.0,0.0,0.0,0.0,0.0,0.0,0.0,0.0,0.0,0.08870635492841693,0.04847645429362881,0.0555988336552142,0.014697322467986067
26,0.2577251808021039,0.0,0.0,0.0,0.0,0.0,0.0,0.0,0.0,0.0,0.0,0.0,0.0,0.0,0.0,0.0,0.0,0.0,0.0,0.0,0.0,0.0,0.0,0.23992637548502635,0.07387862796833773,0.09408741121288981,0.033905704307334195
27,0.2884473877851361,0.0,0.0,0.0,0.0,0.0,0.0,0.0,0.0,0.0,0.0,0.0,0.0,0.0,0.0,0.0,0.0,0.0,0.0,0.0,0.0,0.0,0.0,0.08870635492841693,0.06786703601108034,0.050038950289692775,0.019717694994179323
28,0.3684210526315789,0.0,0.0,0.0,0.0,0.0,0.0,0.0,0.0,0.0,0.0,0.0,0.0,0.0,0.0,0.0,0.0,0.0,0.0,0.0,0.0,0.0,0.0,0.0973864103618421,0.106353591160221,0.06114317082932211,0.030049476135040817
29,0.4786324786324786,0.0,0.0,0.0,0.0,0.0,0.0,0.0,0.0,0.0,0.0,0.0,0.0,0.0,0.0,0.0,0.0,0.0,0.0,0.0,0.0,0.0,0.0,0.23992637548502635,0.14775725593667546,0.07748375041061514,0.04270954598370209
30,0.0,0.0,0.0,0.0,0.0,0.0,0.0,0.0,0.0,0.0,0.0,0.0,0.0,0.0,0.0,0.0,0.0,0.0,0.0,0.0,0.0,0.0,0.0,0.018023438317463638,0.00991501416430595,0.011142431223743053,0.003928987194412117
31,0.1693121693121693,0.0,0.0,0.0,0.0,0.0,0.0,0.0,0.0,0.0,0.0,0.0,0.0,0.0,0.0,0.0,0.0,0.0,0.0,0.0,0.0,0.0,0.0,0.053643724696356275,0.0392156862745098,0.03339326232109302,0.013969732246798636
32,0.5490196078431373,0.0,0.0,0.0,0.0,0.0,0.0,0.0,0.0,0.0,0.0,0.0,0.0,0.0,0.0,0.0,0.0,0.0,0.0,0.0,0.0,0.0,0.0,0.24802631578947368,0.21184210526315791,0.1438619820828667,0.04794819557625156
33,0.40935672514619875,0.0,0.0,0.0,0.0,0.0,0.0,0.0,0.0,0.0,0.0,0.0,0.0,0.0,0.0,0.0,0.0,0.0,0.0,0.0,0.0,0.0,0.0,0.0973864103618421,0.08701657458563536,0.055584700753929184,0.029903958090803335
34,0.20334059549745823,0.0,0.0,0.0,0.0,0.0,0.0,0.0,0.0,0.0,0.0,0.0,0.0,0.0,0.0,0.0,0.0,0.0,0.0,0.0,0.0,0.0,0.0,0.10603262542320713,0.0674931129476584,0.061127632539403606,0.03383294528521545
35,0.2846768336964415,0.0,0.0,0.0,0.0,0.0,0.0,0.0,0.0,0.0,0.0,0.0,0.0,0.0,0.0,0.0,0.0,0.0,0.0,0.0,0.0,0.0,0.0,0.10603262542320713,0.05785123966942149,0.05557057503582146,0.02568393480791624
36,0.404040404040404,0.0,0.0,0.0,0.0,0.0,0.0,0.0,0.0,0.0,0.0,0.0,0.0,0.0,0.0,0.0,0.0,0.0,0.0,0.0,0.0,0.0,0.0,0.11464519762441122,0.057692307692307696,0.03888951954679121,0.00953143189755532
37,0.16374269005847952,0.0,0.0,0.0,0.0,0.0,0.0,0.0,0.0,0.0,0.0,0.0,0.0,0.0,0.0,0.0,0.0,0.0,0.0,0.0,0.0,0.0,0.0,0.0973864103618421,0.03867403314917127,0.033350820452357516,0.003128637951105945
38,0.24086021505376343,0.0,0.0,0.0,0.0,0.0,0.0,0.0,0.0,0.0,0.0,0.0,0.0,0.0,0.0,0.0,0.0,0.0,0.0,0.0,0.0,0.0,0.0,0.12322432294328053,0.07671232876712329,0.0499881106145191,0.023937718277066415
39,0.24561403508771926,0.0,0.0,0.0,0.0,0.0,0.0,0.0,0.0,0.0,0.0,0.0,0.0,0.0,0.0,0.0,0.0,0.0,0.0,0.0,0.0,0.0,0.0,0.0973864103618421,0.04834254143646409,0.050026230678536274,0.019426658905704355
40,0.39381153305203936,0.0,0.0,0.0,0.0,0.0,0.0,0.0,0.0,0.0,0.0,0.0,0.0,0.0,0.0,0.0,0.0,0.0,0.0,0.0,0.0,0.0,0.0,0.1487629546840073,0.10461956521739131,0.08325008100226806,0.05042200232828884
41,0.2424242424242424,0.0,0.0,0.0,0.0,0.0,0.0,0.0,0.0,0.0,0.0,0.0,0.0,0.0,0.0,0.0,0.0,0.0,0.0,0.0,0.0,0.0,0.0,0.11464519762441122,0.07692307692307693,0.06111210214495762,0.016589057043073386
42,0.20334059549745823,0.0,0.0,0.0,0.0,0.0,0.0,0.0,0.0,0.0,0.0,0.0,0.0,0.0,0.0,0.0,0.0,0.0,0.0,0.0,0.0,0.0,0.0,0.10603262542320713,0.0674931129476584,0.02222823001432858,0.005384167636786975
43,0.2828282828282828,0.0,0.0,0.0,0.0,0.0,0.0,0.0,0.0,0.0,0.0,0.0,0.0,0.0,0.0,0.0,0.0,0.0,0.0,0.0,0.0,0.0,0.0,0.09700747491296334,0.06730769230769232,0.07222339344404083,0.018626309662398186
44,0.12362030905077262,0.0,0.0,0.0,0.0,0.0,0.0,0.0,0.0,0.0,0.0,0.0,0.0,0.0,0.0,0.0,0.0,0.0,0.0,0.0,0.0,0.0,0.0,0.03548254197136677,0.04847645429362881,0.0555988336552142,0.015061117578579778
45,0.12612612612612611,0.0,0.0,0.0,0.0,0.0,0.0,0.0,0.0,0.0,0.0,0.0,0.0,0.0,0.0,0.0,0.0,0.0,0.0,0.0,0.0,0.0,0.0,0.035692084542063816,0.03910614525139665,0.03894889285907639,0.014115250291036122
46,0.04291187739463601,0.0,0.0,0.0,0.0,0.0,0.0,0.0,0.0,0.0,0.0,0.0,0.0,0.0,0.0,0.0,0.0,0.0,0.0,0.0,0.0,0.0,0.0,0.008976029181865556,0.009859154929577466,0.022273512886779468,0.001964493597206058
47,0.04291187739463601,0.0,0.0,0.0,0.0,0.0,0.0,0.0,0.0,0.0,0.0,0.0,0.0,0.0,0.0,0.0,0.0,0.0,0.0,0.0,0.0,0.0,0.0,0.01795205836373111,0.009859154929577466,0.022273512886779468,0.0010186263096624007
48,0.257915947035118,0.0,0.0,0.0,0.0,0.0,0.0,0.0,0.0,0.0,0.0,0.0,0.0,0.0,0.0,0.0,0.0,0.0,0.0,0.0,0.0,0.0,0.0,0.12295374512229941,0.16501240694789082,0.28605914625986884,0.051222351571595
49,0.5478686233403214,0.0,0.0,0.0,0.0,0.0,0.0,0.0,0.0,0.0,0.0,0.0,0.0,0.0,0.0,0.0,0.0,0.0,0.0,0.0,0.0,0.0,0.0,0.05240340736233647,0.09485094850948511,0.09987474828183797,0.05100407450523878
50,0.16374269005847952,0.0,0.0,0.0,0.0,0.0,0.0,0.0,0.0,0.0,0.0,0.0,0.0,0.0,0.0,0.0,0.0,0.0,0.0,0.0,0.0,0.0,0.0,0.0708264802631579,0.058011049723756904,0.06114317082932211,0.01178696158323635
51,0.16374269005847952,0.0,0.0,0.0,0.0,0.0,0.0,0.0,0.0,0.0,0.0,0.0,0.0,0.0,0.0,0.0,0.0,0.0,0.0,0.0,0.0,0.0,0.0,0.05311986019736842,0.03867403314917127,0.06114317082932211,0.016661816065192125
52,0.04204204204204204,0.0,0.0,0.0,0.0,0.0,0.0,0.0,0.0,0.0,0.0,0.0,0.0,0.0,0.0,0.0,0.0,0.0,0.0,0.0,0.0,0.0,0.0,0.026769063406547864,0.03910614525139665,0.03894889285907639,0.011423166472642634
53,0.0813362381989833,0.0,0.0,0.0,0.0,0.0,0.0,0.0,0.0,0.0,0.0,0.0,0.0,0.0,0.0,0.0,0.0,0.0,0.0,0.0,0.0,0.0,0.0,0.03534420847440238,0.08677685950413223,0.06668469004298574,0.010040745052386522
54,0.12280701754385963,0.0,0.0,0.0,0.0,0.0,0.0,0.0,0.0,0.0,0.0,0.0,0.0,0.0,0.0,0.0,0.0,0.0,0.0,0.0,0.0,0.0,0.0,0.03541324013157895,0.08701657458563536,0.06114317082932211,0.024374272409778866
55,0.12043010752688171,0.0,0.0,0.0,0.0,0.0,0.0,0.0,0.0,0.0,0.0,0.0,0.0,0.0,0.0,0.0,0.0,0.0,0.0,0.0,0.0,0.0,0.0,0.0528104241185488,0.057534246575342465,0.07775928317814082,0.008731082654249149
56,0.0,0.0,0.0,0.0,0.0,0.0,0.0,0.0,0.0,0.0,0.0,0.0,0.0,0.0,0.0,0.0,0.0,0.0,0.0,0.0,0.0,0.0,0.0,0.00881886135572394,0.04807692307692308,0.07222339344404083,0.006912107101280576
57,0.12280701754385963,0.0,0.0,0.0,0.0,0.0,0.0,0.0,0.0,0.0,0.0,0.0,0.0,0.0,0.0,0.0,0.0,0.0,0.0,0.0,0.0,0.0,0.0,0.05311986019736842,0.06767955801104973,0.06114317082932211,0.018626309662398182
58,0.07777777777777778,0.0,0.0,0.0,0.0,0.0,0.0,0.0,0.0,0.0,0.0,0.0,0.0,0.0,0.0,0.0,0.0,0.0,0.0,0.0,0.0,0.0,0.0,0.03486842105263158,0.07567567567567568,0.10539660178978161,0.017243888242142073
59,0.358974358974359,0.0,0.0,0.0,0.0,0.0,0.0,0.0,0.0,0.0,0.0,0.0,0.0,0.0,0.0,0.0,0.0,0.0,0.0,0.0,0.0,0.0,0.0,0.07027743778049775,0.0860655737704918,0.08329236138875981,0.051440628637951236
60,0.39381153305203936,0.0,0.0,0.0,0.0,0.0,0.0,0.0,0.0,0.0,0.0,0.0,0.0,0.0,0.0,0.0,0.0,0.0,0.0,0.0,0.0,0.0,0.0,0.10500914448282869,0.10461956521739131,0.09435009180257048,0.03943538998835865
61,0.2846768336964415,0.0,0.0,0.0,0.0,0.0,0.0,0.0,0.0,0.0,0.0,0.0,0.0,0.0,0.0,0.0,0.0,0.0,0.0,0.0,0.0,0.0,0.0,0.06185236483020416,0.07713498622589532,0.06668469004298574,0.024374272409778873
62,0.20467836257309938,0.0,0.0,0.0,0.0,0.0,0.0,0.0,0.0,0.0,0.0,0.0,0.0,0.0,0.0,0.0,0.0,0.0,0.0,0.0,0.0,0.0,0.0,0.017706620065789474,0.04834254143646409,0.06114317082932211,0.012077997671711322
63,0.08296296296296296,0.0,0.0,0.0,0.0,0.0,0.0,0.0,0.0,0.0,0.0,0.0,0.0,0.0,0.0,0.0,0.0,0.0,0.0,0.0,0.0,0.0,0.0,0.04444014447884417,0.03888888888888889,0.050051676370641326,0.010113504074505264
64,0.12200435729847493,0.0,0.0,0.0,0.0,0.0,0.0,0.0,0.0,0.0,0.0,0.0,0.0,0.0,0.0,0.0,0.0,0.0,0.0,0.0,0.0,0.0,0.0,0.04418026059300297,0.03856749311294766,0.06668469004298574,0.023137369033760243
65,0.15752461322081573,0.0,0.0,0.0,0.0,0.0,0.0,0.0,0.0,0.0,0.0,0.0,0.0,0.0,0.0,0.0,0.0,0.0,0.0,0.0,0.0,0.0,0.0,0.026252286120707173,0.05706521739130435,0.09435009180257048,0.022118742724097844
66,0.04014336917562724,0.0,0.0,0.0,0.0,0.0,0.0,0.0,0.0,0.0,0.0,0.0,0.0,0.0,0.0,0.0,0.0,0.0,0.0,0.0,0.0,0.0,0.0,0.008801737353091466,0.009589041095890411,0.07775928317814082,0.010040745052386519
67,0.07681755829903977,0.0,0.0,0.0,0.21568627450980393,0.0,0.0,0.0,0.0,0.20138888888888887,0.20833333333333331,0.3247863247863248,0.0,0.20930232558139536,0.0,0.3252032520325204,0.2517006802721088,0.0,0.5416666666666666,0.21111111111111114,0.0,0.21276595744680848,0.21276595744680848,0.0347348255696713,0.056451612903225805,0.11643190842000777,0.020227008149010527
68,0.08296296296296296,0.0,0.0,0.0,0.0,0.0,0.0,0.0,0.0,0.0,0.0,0.0,0.0,0.0,0.0,0.0,0.0,0.0,0.0,0.0,0.0,0.0,0.0,0.008888028895768833,0.019444444444444445,0.050051676370641326,0.005456926658905717
69,0.0,0.0,0.0,0.0,0.0,0.0,0.0,0.0,0.0,0.0,0.0,0.0,0.0,0.0,0.0,0.0,0.0,0.0,0.0,0.0,0.0,0.0,0.0,0.0,0.019444444444444445,0.050051676370641326,0.0034196740395809164
70,0.039381153305203934,0.0,0.0,0.0,0.0,0.0,0.0,0.0,0.0,0.0,0.0,0.0,0.0,0.0,0.0,0.0,0.0,0.0,0.0,0.0,0.0,0.0,0.0,0.01750152408047145,0.028532608695652176,0.09435009180257048,0.008221769499417947
71,0.23188405797101447,0.0,0.0,0.0,0.0,0.0,0.0,0.0,0.0,0.0,0.0,0.0,0.0,0.0,0.0,0.0,0.0,0.0,0.0,0.0,0.0,0.0,0.0,0.0696029902010304,0.07547169811320756,0.11091565445901974,0.027793946449359785
72,0.2884473877851361,0.0,0.0,0.0,0.0,0.0,0.0,0.0,0.0,0.0,0.0,0.0,0.0,0.0,0.0,0.0,0.0,0.0,0.0,0.0,0.0,0.0,0.0,0.06209444844989185,0.0775623268698061,0.0555988336552142,0.032596041909196814
73,0.2087994034302759,0.0,0.0,0.0,0.0,0.0,0.0,0.0,0.0,0.0,0.0,0.0,0.0,0.0,0.0,0.0,0.0,0.0,0.0,0.0,0.0,0.0,0.0,0.05343294385275566,0.07799442896935933,0.044501696823395054,0.017243888242142066
74,0.04066811909949165,0.0,0.0,0.0,0.0,0.0,0.0,0.0,0.0,0.0,0.0,0.0,0.0,0.0,0.0,0.0,0.0,0.0,0.0,0.0,0.0,0.0,0.0,0.026508156355801782,0.05785123966942149,0.06668469004298574,0.008658323632130404
75,0.12200435729847493,0.0,0.0,0.0,0.0,0.0,0.0,0.0,0.0,0.0,0.0,0.0,0.0,0.0,0.0,0.0,0.0,0.0,0.0,0.0,0.0,0.0,0.0,0.06185236483020416,0.03856749311294766,0.06668469004298574,0.023355646100116475
76,0.08408408408408408,0.0,0.0,0.0,0.0,0.0,0.0,0.0,0.0,0.0,0.0,0.0,0.0,0.0,0.0,0.0,0.0,0.0,0.0,0.0,0.0,0.0,0.0,0.017846042271031908,0.03910614525139665,0.03894889285907639,0.010695576251455206
77,0.1278538812785388,0.0,0.0,0.0,0.0,0.0,0.0,0.0,0.0,0.0,0.0,0.0,0.0,0.0,0.0,0.0,0.0,0.0,0.0,0.0,0.0,0.0,0.0,0.0268748699812773,0.03932584269662921,0.027834803050656498,0.01935389988358561
78,0.16816816816816815,0.0,0.0,0.0,0.0,0.0,0.0,0.0,0.0,0.0,0.0,0.0,0.0,0.0,0.0,0.0,0.0,0.0,0.0,0.0,0.0,0.0,0.0,0.035692084542063816,0.05865921787709497,0.03894889285907639,0.01833527357392321
79,0.1499330655957162,0.0,0.23148148148148148,0.0,0.5789473684210527,0.0,0.2882882882882883,0.0,0.23684210526315788,0.0,0.0,0.29457364341085274,0.21022727272727273,0.0,0.14130434782608695,0.0,0.930817610062893,0.24603174603174602,0.5,0.0,0.24806201550387597,0.19607843137254902,0.0,0.04308835301180708,0.03723404255319149,0.13846897971501862,0.039653667054714875
80,0.039631988676574664,0.38271604938271603,0.6172839506172839,0.0,0.25287356321839083,0.38095238095238093,0.38095238095238093,0.0,0.6206896551724138,0.46774193548387094,0.7094594594594595,0.37254901960784315,0.7928571428571428,0.7105263157894737,0.527027027027027,0.37037037037037035,0.2803030303030303,0.6262626262626263,0.0,0.7125,0.6274509803921569,0.7142857142857142,0.7142857142857142,0.008767688078998269,0.02861035422343324,0.0888226302171952,0.014115250291036122
81,0.0,0.0,0.3968253968253968,0.0,0.31884057971014496,0.0,0.48484848484848486,0.0,0.391304347826087,0.0,0.0,0.4523809523809524,0.0,0.0,0.0,0.0,0.6491228070175438,0.38271604938271603,0.7027027027027027,0.0,0.38095238095238093,0.27777777777777773,0.0,0.0,0.019390581717451526,0.0555988336552142,0.009167636786961605
82,0.0,0.0,0.0,0.0,0.0,0.0,0.0,0.0,0.0,0.0,0.0,0.0,0.0,0.0,0.0,0.0,0.0,0.0,0.0,0.0,0.0,0.0,0.0,0.0,0.0,0.016709389666272854,0.0003637951105937145
83,0.0,0.0,0.0,0.0,0.0,0.0,0.0,0.0,0.0,0.0,0.0,0.0,0.0,0.0,0.0,0.0,0.0,0.0,0.0,0.0,0.0,0.0,0.0,0.0,0.0,0.03894889285907639,0.005165890570430746
84,0.0,0.5166666666666667,0.0,0.0,1.0,0.5079365079365079,0.5079365079365079,0.0,0.0,0.0,0.2916666666666667,0.4691358024691358,0.3303571428571428,0.2903225806451613,0.21666666666666665,0.45977011494252873,1.0,0.0,0.0,0.2878787878787879,0.0,0.2857142857142857,0.2857142857142857,0.008888028895768833,0.009722222222222222,0.050051676370641326,0.008512805587892918
85,0.037940379403794036,0.303921568627451,0.7352941176470589,0.0,0.20370370370370372,0.30476190476190473,0.30476190476190473,0.0,0.75,0.5723684210526315,0.7954545454545455,0.3089430894308943,0.8809523809523808,0.8,0.7386363636363635,0.31007751937984496,0.2418300653594771,0.775,0.0,0.8085106382978724,0.7804878048780487,0.8163265306122448,0.8163265306122448,0.0,0.0374331550802139,0.12745602872825698,0.02481082654249134
86,0.0,0.7126436781609196,0.5747126436781609,0.0,0.4731182795698925,0.7111111111111111,0.7111111111111111,0.0,0.5806451612903226,0.4393939393939394,0.8974358974358975,0.7037037037037037,1.0,0.9000000000000001,1.0,0.7017543859649122,0.536231884057971,0.5904761904761905,0.0,0.9047619047619048,0.5925925925925926,0.9090909090909091,0.9090909090909091,0.00873390122705608,0.03794037940379404,0.09987474828183797,0.012514551804423778
87,0.0,1.0,0.26881720430107525,0.0,0.6666666666666667,1.0,1.0,0.0,0.27272727272727276,0.20714285714285713,0.853658536585366,1.0,0.9487179487179487,0.8571428571428571,0.9512195121951218,1.0,0.7708333333333333,0.2792792792792793,0.0,0.8636363636363638,0.2807017543859649,0.8695652173913043,0.8695652173913043,0.0174007475502576,0.03773584905660378,0.11091565445901974,0.012223515715948804
88,0.0,0.4492753623188406,0.0,0.0,0.29333333333333333,0.4444444444444444,0.4444444444444444,0.0,0.0,0.0,0.2651515151515152,0.4222222222222222,0.2983870967741935,0.2647058823529412,0.19696969696969696,0.4166666666666667,0.30833333333333335,0.0,0.0,0.2638888888888889,0.0,0.2631578947368421,0.2631578947368421,0.008836052118600595,0.028925619834710745,0.06668469004298574,0.005820721769499432
89,0.0426179604261796,0.0,0.0,0.0,0.0,0.0,0.0,0.0,0.0,0.0,0.0,0.0,0.0,0.0,0.0,0.0,0.0,0.0,0.0,0.0,0.0,0.0,0.0,0.0,0.019662921348314606,0.027834803050656498,0.004874854481955774
90,0.0,0.0,0.0,0.0,0.0,0.0,0.0,0.0,0.0,0.0,0.0,0.0,0.0,0.0,0.0,0.0,0.0,0.0,0.0,0.0,0.0,0.0,0.0,0.0,0.0,0.0055726353915891294,0.0020372526193248013
91,0.0,0.5166666666666667,0.8333333333333334,0.0,0.33333333333333337,0.5079365079365079,0.5079365079365079,0.0,0.8181818181818182,0.6041666666666666,0.8750000000000001,0.4691358024691358,0.9910714285714285,0.8709677419354839,0.65,0.45977011494252873,0.3333333333333333,0.7948717948717949,0.0,0.8636363636363638,0.7901234567901234,0.8571428571428571,0.8571428571428571,0.0,0.029166666666666667,0.050051676370641326,0.011132130384167662
92,0.16592592592592592,0.0,0.0,0.0,0.0,0.0,0.0,0.0,0.0,0.0,0.0,0.0,0.0,0.0,0.0,0.0,0.0,0.0,0.0,0.0,0.0,0.0,0.0,0.053328173374613,0.03888888888888889,0.050051676370641326,0.020299767171129267
93,0.08465608465608465,0.0,0.0,0.0,0.0,0.0,0.0,0.0,0.0,0.0,0.0,0.0,0.0,0.0,0.0,0.0,0.0,0.0,0.0,0.0,0.0,0.0,0.0,0.017881241565452094,0.029411764705882353,0.03339326232109302,0.013023864959254979
94,0.12200435729847493,0.0,0.0,0.0,0.0,0.0,0.0,0.0,0.0,0.0,0.0,0.0,0.0,0.0,0.0,0.0,0.0,0.0,0.0,0.0,0.0,0.0,0.0,0.04418026059300297,0.048209366391184574,0.06668469004298574,0.015424912689173495
95,0.12612612612612611,0.0,0.0,0.0,0.0,0.0,0.0,0.0,0.0,0.0,0.0,0.0,0.0,0.0,0.0,0.0,0.0,0.0,0.0,0.0,0.0,0.0,0.0,0.035692084542063816,0.03910614525139665,0.03894889285907639,0.013533178114086178
96,0.25055928411633105,0.0,0.0,0.0,0.0,0.0,0.0,0.0,0.0,0.0,0.0,0.0,0.0,0.0,0.0,0.0,0.0,0.0,0.0,0.0,0.0,0.0,0.0,0.04452745321062972,0.06824512534818943,0.044501696823395054,0.01826251455180447
97,0.3211469534050179,0.0,0.0,0.0,0.0,0.0,0.0,0.0,0.0,0.0,0.0,0.0,0.0,0.0,0.0,0.0,0.0,0.0,0.0,0.0,0.0,0.0,0.0,0.0792156361778232,0.10547945205479453,0.07775928317814082,0.04423748544819569
98,0.0,0.0,0.0,0.0,0.0,0.0,0.0,0.0,0.0,0.0,0.0,0.0,0.0,0.0,0.0,0.0,0.0,0.0,0.0,0.0,0.0,0.0,0.0,0.009011719158731819,0.00991501416430595,0.011142431223743053,0.003710710128055888
99,0.1704718417047184,0.0,0.0,0.0,0.0,0.0,0.0,0.0,0.0,0.0,0.0,0.0,0.0,0.0,0.0,0.0,0.0,0.0,0.0,0.0,0.0,0.0,0.0,0.0268748699812773,0.04915730337078652,0.027834803050656498,0.01404249126891738
100,0.2962962962962963,0.0,0.0,0.0,0.0,0.0,0.0,0.0,0.0,0.0,0.0,0.0,0.0,0.0,0.0,0.0,0.0,0.0,0.0,0.0,0.0,0.0,0.0,0.07726525119617224,0.1111111111111111,0.14947077834635064,0.04540162980209557
101,0.08296296296296296,0.0,0.0,0.0,0.0,0.0,0.0,0.0,0.0,0.0,0.0,0.0,0.0,0.0,0.0,0.0,0.0,0.0,0.0,0.0,0.0,0.0,0.0,0.0266640866873065,0.029166666666666667,0.050051676370641326,0.004729336437718289
102,0.19444444444444442,0.0,0.0,0.0,0.0,0.0,0.0,0.0,0.0,0.0,0.0,0.0,0.0,0.0,0.0,0.0,0.0,0.0,0.0,0.0,0.0,0.0,0.0,0.06973684210526317,0.10405405405405406,0.10539660178978161,0.036015715948777734
103,0.11244979919678713,0.0,0.0,0.0,0.0,0.0,0.0,0.0,0.0,0.0,0.0,0.0,0.0,0.0,0.0,0.0,0.0,0.0,0.0,0.0,0.0,0.0,0.0,0.07755903542125275,0.046542553191489366,0.13846897971501862,0.014115250291036123
104,0.04014336917562724,0.0,0.33333333333333337,0.0,0.0,0.0,0.4102564102564103,0.0,0.3333333333333333,0.0,0.0,0.39583333333333337,0.0,0.0,0.0,0.0,0.2936507936507936,0.3333333333333333,0.6341463414634146,0.0,0.3333333333333333,0.25,0.0,0.0264052120592744,0.038356164383561646,0.07775928317814082,0.016661816065192122
105,0.0,0.0,0.0,0.0,0.0,0.0,0.0,0.0,0.0,0.0,0.0,0.0,0.0,0.0,0.0,0.0,0.0,0.0,0.0,0.0,0.0,0.0,0.0,0.009011719158731819,0.00991501416430595,0.011142431223743053,0.0034196740395809164
106,0.21021021021021022,0.0,0.0,0.0,0.0,0.0,0.0,0.0,0.0,0.0,0.0,0.0,0.0,0.0,0.0,0.0,0.0,0.0,0.0,0.0,0.0,0.0,0.0,0.062461147948611684,0.05865921787709497,0.03894889285907639,0.03521536670547156
107,0.0,0.0,0.0,0.0,0.0,0.0,0.0,0.0,0.0,0.0,0.0,0.0,0.0,0.0,0.0,0.0,0.0,0.0,0.0,0.0,0.0,0.0,0.0,0.0,0.0,0.0055726353915891294,0.0002910360884749716
108,0.0,0.0,0.0,0.0,0.0,0.0,0.0,0.0,0.0,0.0,0.0,0.0,0.0,0.0,0.0,0.0,0.0,0.0,0.0,0.0,0.0,0.0,0.0,0.0,0.0,0.0,0.0
109,0.0,0.0,0.0,0.0,0.0,0.0,0.0,0.0,0.0,0.0,0.0,0.0,0.0,0.0,0.0,0.0,0.0,0.0,0.0,0.0,0.0,0.0,0.0,0.023048617305976803,0.03977272727272728,0.4850859655077321,0.2490541327124568
110,0.21021021021021022,0.0,0.0,0.0,0.0,0.0,0.0,0.0,0.0,0.0,0.0,0.0,0.0,0.0,0.0,0.0,0.0,0.0,0.0,0.0,0.0,0.0,0.0,0.062461147948611684,0.05865921787709497,0.03894889285907639,0.03587019790454025
111,0.0,0.0,0.0,0.0,0.0,0.0,0.0,0.0,0.0,0.0,0.0,0.0,0.0,0.0,0.0,0.0,0.0,0.0,0.0,0.0,0.0,0.0,0.0,0.0,0.0,0.0055726353915891294,0.0002910360884749716
112,0.0,0.0,0.0,0.0,0.0,0.0,0.0,0.0,0.0,0.0,0.0,0.0,0.0,0.0,0.0,0.0,0.0,0.0,0.0,0.0,0.0,0.0,0.0,0.0,0.0,0.0,0.0
113,0.07777777777777778,0.0,0.0,0.0,0.0,0.0,0.0,0.0,0.0,0.0,0.0,0.0,0.0,0.0,0.0,0.0,0.0,0.0,0.0,0.0,0.0,0.0,0.0,0.05288377192982456,0.07777777777777778,0.5382484103388808,0.21951396973224743
114,0.0,0.0,0.0,0.0,0.0,0.0,0.0,0.0,0.0,0.0,0.0,0.0,0.0,0.0,0.0,0.0,0.0,0.0,0.0,0.0,0.0,0.0,0.0,0.0,0.0,0.0055726353915891294,7.27590221187429e-05
115,0.042328042328042326,0.0,0.0,0.0,0.0,0.0,0.0,0.0,0.0,0.0,0.0,0.0,0.0,0.0,0.0,0.0,0.0,0.0,0.0,0.0,0.0,0.0,0.0,0.017881241565452094,0.0196078431372549,0.03339326232109302,0.012005238649592579
116,0.0,0.0,0.0,0.0,0.0,0.0,0.0,0.0,0.0,0.0,0.0,0.0,0.0,0.0,0.0,0.0,0.0,0.0,0.0,0.0,0.0,0.0,0.0,0.0,0.00991501416430595,0.011142431223743053,0.003492433061699659
117,0.0,0.0,0.0,0.0,0.0,0.0,0.0,0.0,0.0,0.0,0.0,0.0,0.0,0.0,0.0,0.0,0.0,0.0,0.0,0.0,0.0,0.0,0.0,0.0,0.0,0.022273512886779468,0.0020372526193248013
118,0.0,0.0,0.0,0.0,0.0,0.0,0.0,0.0,0.0,0.0,0.0,0.0,0.0,0.0,0.0,0.0,0.0,0.0,0.0,0.0,0.0,0.0,0.0,0.009011719158731819,0.00991501416430595,0.011142431223743053,0.0032013969732246875
119,0.04204204204204204,0.0,0.0,0.0,0.0,0.0,0.0,0.0,0.0,0.0,0.0,0.0,0.0,0.0,0.0,0.0,0.0,0.0,0.0,0.0,0.0,0.0,0.0,0.017846042271031908,0.009776536312849162,0.03894889285907639,0.011714202561117607
120,0.0,0.0,0.0,0.0,0.0,0.0,0.0,0.0,0.0,0.0,0.0,0.0,0.0,0.0,0.0,0.0,0.0,0.0,0.0,0.0,0.0,0.0,0.0,0.03576248313090419,0.0196078431372549,0.03339326232109302,0.009967986030267778
121,0.0,0.0,0.0,0.0,0.0,0.0,0.0,0.0,0.0,0.0,0.0,0.0,0.0,0.0,0.0,0.0,0.0,0.0,0.0,0.0,0.0,0.0,0.0,0.0,0.00991501416430595,0.011142431223743053,0.0033469150174621734
122,0.04175988068605518,0.0,0.0,0.0,0.0,0.0,0.0,0.0,0.0,0.0,0.0,0.0,0.0,0.0,0.0,0.0,0.0,0.0,0.0,0.0,0.0,0.0,0.0,0.017810981284251886,0.019498607242339833,0.044501696823395054,0.01833527357392321
123,0.0,0.0,0.0,0.0,0.0,0.0,0.0,0.0,0.0,0.0,0.0,0.0,0.0,0.0,0.0,0.0,0.0,0.0,0.0,0.0,0.0,0.0,0.0,0.0,0.0,0.011142431223743053,0.0029831199068684586
124,0.0,0.0,0.0,0.0,0.0,0.0,0.0,0.0,0.0,0.0,0.0,0.0,0.0,0.0,0.0,0.0,0.0,0.0,0.0,0.0,0.0,0.0,0.0,0.0,0.0,0.027834803050656498,0.0029831199068684586
125,0.04204204204204204,0.0,0.0,0.0,0.0,0.0,0.0,0.0,0.0,0.0,0.0,0.0,0.0,0.0,0.0,0.0,0.0,0.0,0.0,0.0,0.0,0.0,0.0,0.008923021135515954,0.009776536312849162,0.03894889285907639,0.012223515715948808
126,0.08296296296296296,0.0,0.0,0.0,0.0,0.0,0.0,0.0,0.0,0.0,0.0,0.0,0.0,0.0,0.0,0.0,0.0,0.0,0.0,0.0,0.0,0.0,0.0,0.017776057791537667,0.019444444444444445,0.050051676370641326,0.02291909196740401
127,0.0,0.0,0.0,0.0,0.0,0.0,0.0,0.0,0.0,0.0,0.0,0.0,0.0,0.0,0.0,0.0,0.0,0.0,0.0,0.0,0.0,0.0,0.0,0.0,0.0,0.011142431223743053,0.001455180442374858
128,0.07826694619147449,0.0,0.0,0.0,0.0,0.0,0.0,0.0,0.0,0.0,0.0,0.0,0.0,0.0,0.0,0.0,0.0,0.0,0.0,0.0,0.0,0.0,0.0,0.043669506135280395,0.07588075880758809,0.09987474828183797,0.026120488940628704
129,0.08408408408408408,0.0,0.0,0.0,0.0,0.0,0.0,0.0,0.0,0.0,0.0,0.0,0.0,0.0,0.0,0.0,0.0,0.0,0.0,0.0,0.0,0.0,0.0,0.017846042271031908,0.04888268156424581,0.03894889285907639,0.01957217694994184
130,0.1212121212121212,0.0,0.0,0.0,0.0,0.0,0.0,0.0,0.0,0.0,0.0,0.0,0.0,0.0,0.0,0.0,0.0,0.0,0.0,0.0,0.0,0.0,0.0,0.026456584067171822,0.07692307692307693,0.07222339344404083,0.02517462165308505
131,0.11965811965811965,0.0,0.0,0.0,0.0,0.0,0.0,0.0,0.0,0.0,0.0,0.0,0.0,0.0,0.0,0.0,0.0,0.0,0.0,0.0,0.0,0.0,0.0,0.043923398612811096,0.09562841530054646,0.08329236138875981,0.021245634458672925
132,0.0813362381989833,0.0,0.0,0.0,0.0,0.0,0.0,0.0,0.0,0.0,0.0,0.0,0.0,0.0,0.0,0.0,0.0,0.0,0.0,0.0,0.0,0.0,0.0,0.01767210423720119,0.0674931129476584,0.06668469004298574,0.015643189755529724
133,0.042328042328042326,0.0,0.0,0.0,0.0,0.0,0.0,0.0,0.0,0.0,0.0,0.0,0.0,0.0,0.0,0.0,0.0,0.0,0.0,0.0,0.0,0.0,0.0,0.008940620782726047,0.0196078431372549,0.03339326232109302,0.01207799767171132
134,0.08408408408408408,0.0,0.0,0.0,0.0,0.0,0.0,0.0,0.0,0.0,0.0,0.0,0.0,0.0,0.0,0.0,0.0,0.0,0.0,0.0,0.0,0.0,0.0,0.017846042271031908,0.029329608938547486,0.03894889285907639,0.014697322467986067
135,0.04175988068605518,0.0,0.0,0.0,0.0,0.0,0.0,0.0,0.0,0.0,0.0,0.0,0.0,0.0,0.0,0.0,0.0,0.0,0.0,0.0,0.0,0.0,0.0,0.02671647192637783,0.029247910863509752,0.044501696823395054,0.004802095459837032
136,0.20467836257309938,0.0,0.0,0.0,0.0,0.0,0.0,0.0,0.0,0.0,0.0,0.0,0.0,0.0,0.0,0.0,0.0,0.0,0.0,0.0,0.0,0.0,0.0,0.044266550164473686,0.029005524861878452,0.06114317082932211,0.014624563445867326
137,0.04291187739463601,0.0,0.0,0.0,0.0,0.0,0.0,0.0,0.0,0.0,0.0,0.0,0.0,0.0,0.0,0.0,0.0,0.0,0.0,0.0,0.0,0.0,0.0,0.008976029181865556,0.009859154929577466,0.022273512886779468,0.004220023282887089
138,0.08408408408408408,0.0,0.0,0.0,0.0,0.0,0.0,0.0,0.0,0.0,0.0,0.0,0.0,0.0,0.0,0.0,0.0,0.0,0.0,0.0,0.0,0.0,0.0,0.0,0.019553072625698324,0.03894889285907639,0.006257275902211889
139,0.12444444444444444,0.0,0.0,0.0,0.0,0.0,0.0,0.0,0.0,0.0,0.0,0.0,0.0,0.0,0.0,0.0,0.0,0.0,0.0,0.0,0.0,0.0,0.0,0.0266640866873065,0.029166666666666667,0.050051676370641326,0.0235739231664727
140,0.12362030905077262,0.0,0.0,0.0,0.0,0.0,0.0,0.0,0.0,0.0,0.0,0.0,0.0,0.0,0.0,0.0,0.0,0.0,0.0,0.0,0.0,0.0,0.0,0.03548254197136677,0.03878116343490305,0.0555988336552142,0.017898719441210752
141,0.08028673835125448,0.0,1.0,0.0,0.2716049382716049,0.0,0.0,0.0,1.0,1.0,1.0,0.39583333333333337,0.8409090909090909,1.0,0.7428571428571428,0.39215686274509803,0.2936507936507936,1.0,0.6341463414634146,1.0,1.0,1.0,1.0,0.017603474706182932,0.009589041095890411,0.07775928317814082,0.023355646100116475
142,0.04066811909949165,0.0,0.36231884057971014,0.0,0.29333333333333333,0.0,0.0,0.0,0.36000000000000004,0.537037037037037,0.5303030303030304,0.4222222222222222,0.2983870967741935,0.5294117647058824,0.3939393939393939,0.4166666666666667,0.30833333333333335,0.3563218390804598,0.6666666666666666,0.5277777777777778,0.35555555555555557,0.5263157894736842,0.5263157894736842,0.01767210423720119,0.01928374655647383,0.06668469004298574,0.017316647264260812
143,0.3111111111111111,0.0,0.33333333333333337,0.0,0.2820512820512821,0.0,0.0,0.0,0.3461538461538462,0.2685185185185185,0.2916666666666667,0.0,0.3189655172413793,0.2950819672131148,0.21666666666666665,0.22598870056497175,0.3681592039800995,0.369047619047619,0.0,0.30158730158730157,0.3742690058479532,0.3076923076923077,0.46153846153846156,0.08394249512670565,0.04487179487179487,0.21524831645311307,0.07457799767171147
144,0.0,0.0,0.0,0.0,0.0,0.0,0.0,0.0,0.0,0.0,0.0,0.0,0.0,0.0,0.0,0.0,0.0,0.0,0.0,0.0,0.0,0.0,0.0,0.0,0.009776536312849162,0.03894889285907639,0.006766589057043091
145,0.0,0.0,0.0,0.0,0.0,0.0,0.0,0.0,0.0,0.0,0.0,0.0,0.0,0.0,0.0,0.0,0.0,0.0,0.0,0.0,0.0,0.0,0.0,0.0,0.0,0.011142431223743053,0.00043655413271245736
146,0.08351976137211035,0.0,0.0,0.0,0.0,0.0,0.0,0.0,0.0,0.0,0.0,0.0,0.0,0.0,0.0,0.0,0.0,0.0,0.0,0.0,0.0,0.0,0.0,0.017810981284251886,0.009749303621169917,0.044501696823395054,0.013387660069848695
147,0.11814345991561181,0.0,0.0,0.0,0.0,0.0,0.0,0.0,0.0,0.0,0.0,0.0,0.0,0.0,0.0,0.3603603603603604,0.0,0.0,0.0,0.0,0.0,0.0,0.23255813953488372,0.008750762040235725,0.019021739130434784,0.09435009180257048,0.014406286379511093
148,0.31504922644163147,0.0,0.5952380952380952,0.0,0.0,0.0,0.0,0.0,0.6,0.453125,0.4605263157894737,0.0,0.5138888888888888,0.46153846153846156,0.3421052631578947,0.0,0.0,0.607843137254902,0.0,0.4634146341463415,0.6095238095238095,0.46511627906976744,0.46511627906976744,0.0700060963218858,0.03804347826086957,0.09435009180257048,0.053768917345751004
149,0.0,0.0,0.0,0.0,0.0,0.0,0.0,0.0,0.0,0.0,0.0,0.0,0.0,0.0,0.0,0.0,0.0,0.0,0.0,0.0,0.0,0.0,0.0,0.009011719158731819,0.00991501416430595,0.011142431223743053,0.003274155995343431
150,0.2903703703703704,0.0,0.0,0.0,0.0,0.0,0.0,0.0,0.0,0.0,0.0,0.0,0.0,0.0,0.0,0.0,0.0,0.0,0.0,0.0,0.0,0.0,0.0,0.06221620227038183,0.08750000000000001,0.050051676370641326,0.038198486612340016
151,0.0,0.0,0.0,0.0,0.0,0.0,0.0,0.0,0.0,0.0,0.0,0.0,0.0,0.0,0.0,0.0,0.0,0.0,0.0,0.0,0.0,0.0,0.0,0.0,0.0,0.0055726353915891294,0.0002910360884749716
152,0.024496937882764653,0.0,0.0,0.0,0.0,0.0,0.0,0.0,0.0,0.0,0.0,0.0,0.0,0.0,0.0,0.0,0.0,0.0,0.0,0.0,0.0,0.0,0.0,0.022147694153951653,0.05280172413793104,0.6122332517976509,0.041036088474971054
153,0.2903703703703704,0.0,0.0,0.0,0.0,0.0,0.0,0.0,0.0,0.0,0.0,0.0,0.0,0.0,0.0,0.0,0.0,0.0,0.0,0.0,0.0,0.0,0.0,0.06221620227038183,0.08750000000000001,0.050051676370641326,0.03885331781140871
154,0.0,0.0,0.0,0.0,0.0,0.0,0.0,0.0,0.0,0.0,0.0,0.0,0.0,0.0,0.0,0.0,0.0,0.0,0.0,0.0,0.0,0.0,0.0,0.0,0.0,0.0055726353915891294,0.0002910360884749716
155,0.024593763724198504,0.0,0.0,0.0,0.0,0.0,0.0,0.0,0.0,0.0,0.0,0.0,0.0,0.0,0.0,0.0,0.0,0.0,0.0,0.0,0.0,0.0,0.0,0.029578432214304114,0.04535637149028078,0.6069656463392127,0.03681606519208399
156,0.4331926863572433,0.0,0.0,0.0,0.0,0.0,0.0,0.0,0.0,0.0,0.0,0.0,0.0,0.0,0.0,0.0,0.0,0.0,0.0,0.0,0.0,0.0,0.0,0.08750762040235724,0.1141304347826087,0.09435009180257048,0.03994470314318986
157,0.24400871459694987,0.0,0.0,0.0,0.0,0.0,0.0,0.0,0.0,0.0,0.0,0.0,0.0,0.0,0.0,0.0,0.0,0.0,0.0,0.0,0.0,0.0,0.0,0.053016312711603564,0.0674931129476584,0.06668469004298574,0.029903958090803335
158,0.08465608465608465,0.0,0.0,0.0,0.0,0.0,0.0,0.0,0.0,0.0,0.0,0.0,0.0,0.0,0.0,0.0,0.0,0.0,0.0,0.0,0.0,0.0,0.0,0.017881241565452094,0.029411764705882353,0.03339326232109302,0.010695576251455207
159,0.08351976137211035,0.0,0.0,0.0,0.0,0.0,0.0,0.0,0.0,0.0,0.0,0.0,0.0,0.0,0.0,0.0,0.0,0.0,0.0,0.0,0.0,0.0,0.0,0.062338434494881606,0.07799442896935933,0.044501696823395054,0.014479045401629838
160,0.15752461322081573,0.0,0.0,0.0,0.0,0.0,0.0,0.0,0.0,0.0,0.0,0.0,0.0,0.0,0.0,0.0,0.0,0.0,0.0,0.0,0.0,0.0,0.0,0.07875685836212151,0.1426630434782609,0.09435009180257048,0.017898719441210752
161,0.15653389238294899,0.0,0.0,0.0,0.0,0.0,0.0,0.0,0.0,0.0,0.0,0.0,0.0,0.0,0.0,0.0,0.0,0.0,0.0,0.0,0.0,0.0,0.0,0.026201703681168236,0.03794037940379404,0.09987474828183797,0.00727590221187429
162,0.0,0.0,0.0,0.0,0.0,0.0,0.0,0.0,0.0,0.0,0.0,0.0,0.0,0.0,0.0,0.0,0.0,0.0,0.0,0.0,0.0,0.0,0.0,0.0266640866873065,0.009722222222222222,0.050051676370641326,0.005020372526193261
163,0.039631988676574664,0.0,0.0,0.0,0.0,0.0,0.0,0.0,0.0,0.0,0.0,0.0,0.0,0.0,0.0,0.0,0.0,0.0,0.0,0.0,0.0,0.0,0.0,0.017535376157996538,0.01907356948228883,0.0888226302171952,0.00633003492433063
164,0.1278538812785388,0.0,0.0,0.0,0.0,0.0,0.0,0.0,0.0,0.0,0.0,0.0,0.0,0.0,0.0,0.0,0.0,0.0,0.0,0.0,0.0,0.0,0.0,0.0268748699812773,0.03932584269662921,0.027834803050656498,0.013023864959254979
165,0.0,0.0,0.0,0.0,0.0,0.0,0.0,0.0,0.0,0.29000000000000004,0.28225806451612906,0.4523809523809524,0.0,0.28125,0.0,0.4444444444444445,0.0,0.0,0.7027027027027027,0.27941176470588236,0.0,0.27777777777777773,0.27777777777777773,0.03548254197136677,0.04847645429362881,0.0555988336552142,0.009022118742724121
166,0.037940379403794036,0.0,0.2450980392156863,0.0,0.0,0.0,0.0,0.0,0.25,0.1907894736842105,0.19886363636363638,0.0,0.2202380952380952,0.2,0.14772727272727273,0.0,0.0,0.25833333333333336,0.0,0.2021276595744681,0.2601626016260163,0.2040816326530612,0.2040816326530612,0.034602249899558055,0.04679144385026738,0.12745602872825698,0.02008149010477304
167,0.0,0.0,0.0,0.0,0.0,0.0,0.0,0.0,0.0,0.0,0.0,0.0,0.0,0.0,0.0,0.0,0.0,0.0,0.0,0.0,0.0,0.0,0.0,0.061732029490067584,0.028846153846153848,0.07222339344404083,0.010768335273573947
168,0.0426179604261796,0.0,0.0,0.0,0.0,0.0,0.0,0.0,0.0,0.0,0.0,0.0,0.0,0.0,0.0,0.0,0.0,0.0,0.0,0.0,0.0,0.0,0.0,0.0089582899937591,0.02949438202247191,0.027834803050656498,0.003856228172293374
169,0.0,0.0,0.0,0.0,0.0,0.0,0.0,0.0,0.0,0.0,0.0,0.0,0.0,0.0,0.0,0.0,0.0,0.0,0.0,0.0,0.0,0.0,0.0,0.060323694216529916,0.06515957446808511,0.13846897971501862,0.013969732246798634
170,0.0,0.0,0.0,0.0,0.0,0.0,0.0,0.0,0.0,0.0,0.0,0.0,0.0,0.0,0.0,0.0,0.0,0.0,0.0,0.0,0.0,0.0,0.0,0.0,0.0,0.011142431223743053,0.0006548311990686862
171,0.0,0.0,0.0,0.0,0.0,0.0,0.0,0.0,0.0,0.0,0.0,0.0,0.0,0.0,0.0,0.0,0.0,0.0,0.0,0.0,0.0,0.0,0.0,0.008940620782726047,0.0196078431372549,0.03339326232109302,0.0045838183934808025
172,0.0,0.0,0.0,0.0,0.0,0.0,0.0,0.0,0.0,0.0,0.0,0.0,0.0,0.0,0.0,0.0,0.0,0.0,0.0,0.0,0.0,0.0,0.0,0.017706620065789474,0.029005524861878452,0.06114317082932211,0.0048020954598370314
173,0.0,0.0,0.0,0.0,0.0,0.0,0.0,0.0,0.0,0.0,0.0,0.0,0.0,0.0,0.0,0.0,0.0,0.0,0.0,0.0,0.0,0.0,0.0,0.0,0.0,0.0055726353915891294,0.0020372526193248013
174,0.0,0.0,0.0,0.0,0.0,0.0,0.0,0.0,0.0,0.0,0.0,0.0,0.0,0.0,0.0,0.0,0.0,0.0,0.0,0.0,0.0,0.0,0.0,0.008853310032894737,0.009668508287292817,0.06114317082932211,0.006839348079161832
175,0.0,0.0,0.0,0.0,0.0,0.0,0.0,0.0,0.0,0.0,0.0,0.0,0.0,0.0,0.0,0.0,0.0,0.0,0.0,0.0,0.0,0.0,0.0,0.008888028895768833,0.019444444444444445,0.050051676370641326,0.0035651920838184015
176,0.04066811909949165,0.0,0.0,0.0,0.0,0.0,0.0,0.0,0.0,0.0,0.0,0.0,0.0,0.0,0.0,0.0,0.0,0.0,0.0,0.0,0.0,0.0,0.0,0.01767210423720119,0.048209366391184574,0.06668469004298574,0.00829452852153669
177,0.04093567251461988,0.0,0.0,0.0,0.0,0.0,0.0,0.0,0.0,0.0,0.0,0.0,0.0,0.0,0.0,0.0,0.0,0.0,0.0,0.0,0.0,0.0,0.0,0.017706620065789474,0.058011049723756904,0.06114317082932211,0.01404249126891738
178,0.04066811909949165,0.0,0.0,0.0,0.0,0.0,0.0,0.0,0.0,0.0,0.0,0.0,0.0,0.0,0.0,0.0,0.0,0.0,0.0,0.0,0.0,0.0,0.0,0.01767210423720119,0.048209366391184574,0.06668469004298574,0.006912107101280578
179,0.12444444444444444,0.0,0.0,0.0,0.0,0.0,0.0,0.0,0.0,0.0,0.0,0.0,0.0,0.0,0.0,0.0,0.0,0.0,0.0,0.0,0.0,0.0,0.0,0.0266640866873065,0.06805555555555556,0.050051676370641326,0.014406286379511093
180,0.32748538011695905,0.0,0.0,0.0,0.0,0.0,0.0,0.0,0.0,0.0,0.0,0.0,0.0,0.0,0.0,0.0,0.0,0.0,0.0,0.0,0.0,0.0,0.0,0.08853310032894737,0.09668508287292818,0.06114317082932211,0.046711292200232936
181,0.5982905982905983,0.0,0.0,0.0,0.0,0.0,0.0,0.0,0.0,0.0,0.0,0.0,0.0,0.0,0.0,0.0,0.0,0.0,0.0,0.0,0.0,0.0,0.0,0.11420083639330884,0.09562841530054646,0.08329236138875981,0.030704307334109508
182,0.3253449527959332,0.0,0.0,0.0,0.0,0.0,0.0,0.0,0.0,0.0,0.0,0.0,0.0,0.0,0.0,0.0,0.0,0.0,0.0,0.0,0.0,0.0,0.0,0.07952446906740535,0.048209366391184574,0.06668469004298574,0.016661816065192122
183,0.08241353936718175,0.0,0.0,0.0,0.0,0.0,0.0,0.0,0.0,0.0,0.0,0.0,0.0,0.0,0.0,0.0,0.0,0.0,0.0,0.0,0.0,0.0,0.0,0.017741270985683386,0.019390581717451526,0.0555988336552142,0.005893480791618174
184,0.0,0.0,0.0,0.0,0.0,0.0,0.0,0.0,0.0,0.0,0.0,0.0,0.0,0.0,0.0,0.0,0.0,0.0,0.0,0.0,0.0,0.0,0.0,0.0,0.0,0.022273512886779468,0.0008003492433061719
185,0.08408408408408408,0.0,0.0,0.0,0.0,0.0,0.0,0.0,0.0,0.0,0.0,0.0,0.0,0.0,0.0,0.0,0.0,0.0,0.0,0.0,0.0,0.0,0.0,0.026769063406547864,0.009776536312849162,0.03894889285907639,0.005165890570430746
186,0.11814345991561181,0.0,0.0,0.0,0.0,0.0,0.0,0.0,0.0,0.0,0.0,0.0,0.0,0.0,0.0,0.0,0.0,0.0,0.0,0.0,0.0,0.0,0.0,0.06125533428165007,0.06657608695652174,0.09435009180257048,0.00829452852153669
187,0.08351976137211035,0.0,0.0,0.0,0.0,0.0,0.0,0.0,0.0,0.0,0.0,0.0,0.0,0.0,0.0,0.0,0.0,0.0,0.0,0.0,0.0,0.0,0.0,0.02671647192637783,0.029247910863509752,0.044501696823395054,0.006038998835855661
188,0.1670395227442207,0.0,0.0,0.0,0.0,0.0,0.0,0.0,0.0,0.0,0.0,0.0,0.0,0.0,0.0,0.0,0.0,0.0,0.0,0.0,0.0,0.0,0.0,0.03562196256850377,0.04874651810584958,0.044501696823395054,0.013460419091967435
189,0.1616161616161616,0.0,0.0,0.0,0.0,0.0,0.0,0.0,0.0,0.0,0.0,0.0,0.0,0.0,0.0,0.0,0.0,0.0,0.0,0.0,0.0,0.0,0.0,0.03527544542289576,0.009615384615384616,0.07222339344404083,0.0047293364377182885
190,0.15852795470629866,0.0,0.0,0.0,0.25287356321839083,0.0,0.0,0.0,0.0,0.0,0.0,0.0,0.0,0.0,0.0,0.0,0.2803030303030303,0.0,0.0,0.0,0.0,0.0,0.0,0.05260612847398962,0.047683923705722074,0.0888226302171952,0.018553550640279443
191,0.07451763140385895,0.2792792792792793,0.0,0.8857142857142857,0.37606837606837606,0.2807017543859649,0.2807017543859649,0.48484848484848486,0.23076923076923078,0.17682926829268295,0.18617021276595744,0.2878787878787879,0.20555555555555555,0.1875,0.1382978723404255,0.2898550724637681,0.4567901234567901,0.24031007751937986,0.490566037735849,0.19,0.24242424242424243,0.19230769230769232,0.19230769230769232,0.03440527314491162,0.027851458885941646,0.14397127201607732,0.01680733410942961
192,0.1648270787343635,0.0,0.0,0.0,0.0,0.0,0.0,0.0,0.0,0.0,0.0,0.0,0.0,0.0,0.0,0.0,0.0,0.0,0.0,0.0,0.0,0.0,0.0,0.06209444844989185,0.02908587257617729,0.0555988336552142,0.008658323632130404
193,0.0,0.0,0.0,0.0,0.0,0.0,0.0,0.0,0.0,0.0,0.0,0.0,0.0,0.0,0.0,0.0,0.0,0.0,0.0,0.0,0.0,0.0,0.0,0.017846042271031908,0.019553072625698324,0.03894889285907639,0.004147264260768346
194,0.07876230661040787,0.0,0.0,0.0,0.48888888888888893,0.0,0.0,0.0,0.0,0.0,0.0,0.0,0.0,0.0,0.0,0.0,0.5481481481481482,0.0,0.0,0.0,0.0,0.0,0.0,0.01750152408047145,0.009510869565217392,0.09435009180257048,0.01651629802095464
195,0.12444444444444444,0.0,0.0,0.0,0.0,0.0,0.0,0.0,0.0,0.0,0.0,0.0,0.0,0.0,0.0,0.0,0.0,0.0,0.0,0.0,0.0,0.0,0.0,0.03555211558307533,0.029166666666666667,0.050051676370641326,0.013387660069848694
196,0.1648270787343635,0.0,0.0,0.0,0.0,0.0,0.0,0.0,0.0,0.0,0.0,0.0,0.0,0.0,0.0,0.0,0.0,0.0,0.0,0.0,0.0,0.0,0.0,0.05322381295705016,0.02908587257617729,0.0555988336552142,0.011568684516880121
197,0.08187134502923976,0.0,0.0,0.0,0.0,0.0,0.0,0.0,0.0,0.0,0.0,0.0,0.0,0.0,0.0,0.0,0.0,0.0,0.0,0.0,0.0,0.0,0.0,0.008853310032894737,0.029005524861878452,0.06114317082932211,0.007130384167636803
198,0.358974358974359,0.0,0.0,0.0,0.0,0.0,0.0,0.0,0.0,0.0,0.0,0.0,0.0,0.0,0.0,0.0,0.0,0.0,0.0,0.0,0.0,0.0,0.0,0.09663147694818441,0.06693989071038252,0.08329236138875981,0.01986321303841681
199,0.04066811909949165,0.0,0.0,0.0,0.0,0.0,0.0,0.0,0.0,0.0,0.0,0.0,0.0,0.0,0.0,0.0,0.0,0.0,0.0,0.0,0.0,0.0,0.0,0.01767210423720119,0.009641873278236915,0.06668469004298574,0.008294528521536691
200,0.0,0.0,0.0,0.0,0.0,0.0,0.0,0.0,0.0,0.0,0.0,0.0,0.0,0.0,0.0,0.0,0.0,0.0,0.0,0.0,0.0,0.0,0.0,0.017741270985683386,0.019390581717451526,0.0555988336552142,0.007348661233993034
201,0.0,0.0,0.0,0.0,0.0,0.0,0.0,0.0,0.0,0.0,0.0,0.0,0.0,0.0,0.0,0.0,0.0,0.0,0.0,0.0,0.0,0.0,0.0,0.008976029181865556,0.0,0.022273512886779468,0.0005820721769499432
202,0.202020202020202,0.0,0.0,0.0,0.0,0.0,0.0,0.0,0.0,0.0,0.0,0.0,0.0,0.0,0.0,0.0,0.0,0.0,0.0,0.0,0.0,0.0,0.0,0.052913168134343644,0.019230769230769232,0.07222339344404083,0.014479045401629835
203,0.15954415954415951,0.0,0.0,0.0,0.0,0.0,0.0,0.0,0.0,0.0,0.0,0.0,0.0,0.0,0.0,0.0,0.0,0.0,0.0,0.0,0.0,0.0,0.0,0.035138718890248874,0.04781420765027323,0.08329236138875981,0.017025611175785837
204,0.04291187739463601,0.0,0.0,0.0,0.0,0.0,0.0,0.0,0.0,0.0,0.0,0.0,0.0,0.0,0.0,0.0,0.0,0.0,0.0,0.0,0.0,0.0,0.0,0.008976029181865556,0.0,0.022273512886779468,0.0046565774155995455
205,0.04204204204204204,0.0,0.0,0.0,0.0,0.0,0.0,0.0,0.0,0.0,0.0,0.0,0.0,0.0,0.0,0.0,0.0,0.0,0.0,0.0,0.0,0.0,0.0,0.017846042271031908,0.009776536312849162,0.03894889285907639,0.0074941792782305195
206,0.08241353936718175,0.0,0.3968253968253968,0.0,0.0,0.0,0.0,0.0,0.391304347826087,0.5800000000000001,0.5645161290322581,0.4523809523809524,0.3189655172413793,0.5625,0.2096774193548387,0.888888888888889,0.0,0.38271604938271603,0.7027027027027027,0.5588235294117647,0.38095238095238093,0.5555555555555555,0.8333333333333333,0.017741270985683386,0.0,0.0555988336552142,0.012660069848661266
207,0.041206769683590876,0.0,0.0,0.0,0.0,0.0,0.0,0.0,0.0,0.0,0.0,0.0,0.0,0.0,0.0,0.0,0.0,0.0,0.0,0.0,0.0,0.0,0.0,0.03548254197136677,0.019390581717451526,0.0555988336552142,0.007057625145518063
208,0.08351976137211035,0.0,0.0,0.0,0.0,0.0,0.0,0.0,0.0,0.0,0.0,0.0,0.0,0.0,0.0,0.0,0.0,0.0,0.0,0.0,0.0,0.0,0.0,0.017810981284251886,0.03899721448467967,0.044501696823395054,0.006330034924330633
209,0.04291187739463601,0.0,0.0,0.0,0.0,0.0,0.0,0.0,0.0,0.0,0.0,0.0,0.0,0.0,0.0,0.0,0.0,0.0,0.0,0.0,0.0,0.0,0.0,0.0,0.009859154929577466,0.022273512886779468,0.003055878928987202
210,0.0808080808080808,0.0,0.0,0.0,0.0,0.0,0.0,0.0,0.0,0.0,0.0,0.0,0.0,0.0,0.0,0.0,0.0,0.0,0.0,0.0,0.0,0.0,0.0,0.026456584067171822,0.019230769230769232,0.07222339344404083,0.008803841676367892
211,0.0,0.0,0.0,0.0,0.0,0.0,0.0,0.0,0.0,0.0,0.0,0.0,0.0,0.0,0.0,0.0,0.0,0.0,0.0,0.0,0.0,0.0,0.27777777777777773,0.017741270985683386,0.0,0.0555988336552142,0.002910360884749716
212,0.08187134502923976,0.0,0.0,0.0,0.0,0.0,0.0,0.0,0.0,0.0,0.0,0.0,0.0,0.0,0.0,0.0,0.0,0.0,0.0,0.0,0.0,0.0,0.0,0.03541324013157895,0.03867403314917127,0.06114317082932211,0.01127764842840515
213,0.04093567251461988,0.0,0.0,0.0,0.0,0.0,0.0,0.0,0.0,0.0,0.0,0.0,0.0,0.0,0.0,0.0,0.0,0.0,0.0,0.0,0.0,0.0,0.0,0.017706620065789474,0.029005524861878452,0.06114317082932211,0.008294528521536691
214,0.0,0.0,0.0,0.0,0.0,0.0,0.0,0.0,0.0,0.0,0.0,0.0,0.0,0.0,0.0,0.0,0.0,0.0,0.0,0.0,0.0,0.0,0.0,0.018023438317463638,0.00991501416430595,0.011142431223743053,0.0037834691501746312
215,0.04014336917562724,0.0,0.0,0.0,0.0,0.0,0.0,0.0,0.0,0.0,0.0,0.0,0.0,0.0,0.0,0.0,0.0,0.0,0.0,0.0,0.0,0.0,0.0,0.0264052120592744,0.028767123287671233,0.07775928317814082,0.008221769499417947
216,0.2846768336964415,0.0,0.0,0.0,0.0,0.0,0.0,0.0,0.0,0.0,0.0,0.0,0.0,0.0,0.0,0.0,0.0,0.0,0.0,0.0,0.0,0.0,0.0,0.07068841694880476,0.05785123966942149,0.06668469004298574,0.01658905704307338
217,0.08351976137211035,0.0,0.0,0.0,0.0,0.0,0.0,0.0,0.0,0.0,0.0,0.0,0.0,0.0,0.0,0.0,0.0,0.0,0.0,0.0,0.0,0.0,0.0,0.04452745321062972,0.029247910863509752,0.044501696823395054,0.007421420256111777
218,0.042328042328042326,0.0,0.0,0.0,0.0,0.0,0.0,0.0,0.0,0.0,0.0,0.0,0.0,0.0,0.0,0.0,0.0,0.0,0.0,0.0,0.0,0.0,0.0,0.0,0.0196078431372549,0.03339326232109302,0.00276484284051223
219,0.12444444444444444,0.0,0.0,0.0,0.0,0.0,0.0,0.0,0.0,0.0,0.0,0.0,0.0,0.0,0.0,0.0,0.0,0.0,0.0,0.0,0.0,0.0,0.0,0.017776057791537667,0.03888888888888889,0.050051676370641326,0.009385913853317832
220,0.20334059549745823,0.0,0.0,0.0,0.0,0.0,0.0,0.0,0.0,0.0,0.0,0.0,0.0,0.0,0.0,0.0,0.0,0.0,0.0,0.0,0.0,0.0,0.0,0.053016312711603564,0.0674931129476584,0.06668469004298574,0.013242142025611208
221,0.08465608465608465,0.0,0.0,0.0,0.0,0.0,0.0,0.0,0.0,0.0,0.0,0.0,0.0,0.0,0.0,0.0,0.0,0.0,0.0,0.0,0.0,0.0,0.0,0.026821862348178137,0.029411764705882353,0.03339326232109302,0.005165890570430746
222,0.0,0.0,0.0,0.0,0.0,0.0,0.0,0.0,0.0,0.0,0.0,0.0,0.0,0.0,0.0,0.0,0.0,0.0,0.0,0.0,0.0,0.0,0.0,0.0089582899937591,0.009831460674157303,0.027834803050656498,0.008949359720605376
223,0.1981599433828733,0.0,0.0,0.0,0.0,0.0,0.0,0.0,0.0,0.0,0.0,0.0,0.0,0.0,0.0,0.0,0.0,0.0,0.0,0.0,0.0,0.0,0.0,0.04383844039499135,0.0667574931880109,0.0888226302171952,0.016589057043073386
224,0.04175988068605518,0.0,0.0,0.0,0.0,0.0,0.0,0.0,0.0,0.0,0.0,0.0,0.0,0.0,0.0,0.0,0.0,0.0,0.0,0.0,0.0,0.0,0.0,0.008905490642125943,0.009749303621169917,0.044501696823395054,0.00727590221187429
225,0.12043010752688171,0.41333333333333333,0.33333333333333337,0.0,0.2716049382716049,0.4102564102564103,0.4102564102564103,0.0,0.3333333333333333,0.25,0.5,0.39583333333333337,0.5606060606060606,0.5,0.3714285714285714,0.39215686274509803,0.2936507936507936,0.3333333333333333,0.0,0.5,0.3333333333333333,0.5,0.5,0.04400868676545733,0.04794520547945205,0.07775928317814082,0.022118742724097844
226,0.042328042328042326,0.0,0.0,0.0,0.0,0.0,0.0,0.0,0.0,0.0,0.0,0.0,0.0,0.0,0.0,0.0,0.0,0.0,0.0,0.0,0.0,0.0,0.0,0.008940620782726047,0.0196078431372549,0.03339326232109302,0.010477299185098977
227,0.5721583652618135,0.0,0.0,0.0,0.0,0.0,0.0,0.0,0.0,0.0,0.0,0.0,0.0,0.0,0.0,0.0,0.0,0.0,0.0,0.0,0.0,0.0,0.0,0.13581707076680466,0.15494791666666669,0.18240942925370565,0.04903958090803271
228,0.0808080808080808,0.0,0.0,0.0,0.0,0.0,0.0,0.0,0.0,0.0,0.0,0.0,0.0,0.0,0.0,0.0,0.0,0.0,0.0,0.0,0.0,0.0,0.0,0.07055089084579153,0.028846153846153848,0.07222339344404083,0.009240395809080348
229,0.5410628019323671,0.0,0.0,0.0,0.0,0.0,0.0,0.0,0.0,0.0,0.0,0.0,0.0,0.0,0.0,0.0,0.0,0.0,0.0,0.0,0.0,0.0,0.0,0.1131048590766744,0.15094339622641512,0.11091565445901974,0.04882130384167649
230,0.0,0.0,0.0,0.0,0.0,0.0,0.0,0.0,0.0,0.0,0.0,0.0,0.0,0.0,0.0,0.0,0.0,0.0,0.0,0.0,0.0,0.0,0.0,0.008976029181865556,0.029577464788732393,0.022273512886779468,0.006402793946449375
231,0.40143369175627236,0.0,0.0,0.0,0.0,0.0,0.0,0.0,0.0,0.0,0.0,0.0,0.0,0.0,0.0,0.0,0.0,0.0,0.0,0.0,0.0,0.0,0.0,0.09681911088400613,0.11506849315068493,0.07775928317814082,0.03128637951105945
232,0.12873563218390804,0.0,0.0,0.0,0.0,0.0,0.0,0.0,0.0,0.0,0.0,0.0,0.0,0.0,0.0,0.0,0.0,0.0,0.0,0.0,0.0,0.0,0.0,0.03590411672746222,0.01971830985915493,0.022273512886779468,0.009604190919674063
233,0.0,0.0,0.0,0.0,0.0,0.0,0.0,0.0,0.0,0.0,0.0,0.0,0.0,0.0,0.0,0.0,0.0,0.0,0.0,0.0,0.0,0.0,0.0,0.009011719158731819,0.00991501416430595,0.011142431223743053,0.003710710128055888
234,0.12873563218390804,0.0,0.0,0.0,0.0,0.0,0.0,0.0,0.0,0.0,0.0,0.0,0.0,0.0,0.0,0.0,0.0,0.0,0.0,0.0,0.0,0.0,0.0,0.03590411672746222,0.01971830985915493,0.022273512886779468,0.009604190919674063
235,0.40143369175627236,0.0,0.0,0.0,0.0,0.0,0.0,0.3076923076923077,0.0,0.0,0.1325757575757576,0.0,0.0,0.0,0.0,0.0,0.0,0.0,0.0,0.0,0.0,0.0,0.0,0.15773809523809523,0.21212121212121213,0.24798789250171585,0.15584982537834732
236,0.358974358974359,0.0,0.0,0.0,0.0,0.0,0.0,0.0,0.0,0.0,0.0,0.0,0.0,0.0,0.0,0.0,0.0,0.0,0.0,0.0,0.0,0.0,0.0,0.017569359445124437,0.09562841530054646,0.08329236138875981,0.030704307334109508
237,0.0,0.0,0.0,0.0,0.0,0.0,0.0,0.0,0.0,0.0,0.0,0.0,0.0,0.0,0.0,0.0,0.0,0.0,0.0,0.0,0.0,0.0,0.0,0.009011719158731819,0.0,0.011142431223743053,0.003492433061699659
238,0.16374269005847952,0.0,0.0,0.0,0.0,0.0,0.0,0.8888888888888888,0.0,0.0,0.2734375,0.0,0.0,0.0,0.0,0.0,0.0,0.0,0.0,0.0,0.0,0.0,0.0,0.06197317023026316,0.06767955801104973,0.06114317082932211,0.047220605355064144
239,0.11522633744855966,0.0,0.0,0.0,0.0,0.0,0.0,0.0,0.0,0.0,0.0,0.0,0.0,0.0,0.0,0.0,0.0,0.0,0.0,0.0,0.0,0.0,0.0,0.0694696511393426,0.12231182795698924,0.11643190842000777,0.02357392316647271
240,0.12362030905077262,0.0,0.0,0.0,0.0,0.0,0.0,0.0,0.0,0.0,0.0,0.0,0.0,0.0,0.0,0.0,0.0,0.0,0.0,0.0,0.0,0.0,0.0,0.044353177464208464,0.03878116343490305,0.0555988336552142,0.027284633294528588
241,0.0,0.0,0.0,0.0,0.0,0.0,0.0,0.0,0.0,0.0,0.0,0.0,0.0,0.0,0.0,0.0,0.0,0.0,0.0,0.0,0.0,0.0,0.0,0.009011719158731819,0.0,0.011142431223743053,0.002910360884749716
242,0.16592592592592592,0.5166666666666667,0.0,0.0,0.33333333333333337,0.5079365079365079,0.5079365079365079,1.0,0.0,0.0,0.5833333333333334,0.4691358024691358,0.3303571428571428,0.2903225806451613,0.21666666666666665,0.45977011494252873,0.3333333333333333,0.0,0.0,0.2878787878787879,0.0,0.2857142857142857,0.2857142857142857,0.04444014447884417,0.06805555555555556,0.050051676370641326,0.03790745052386505
243,0.08465608465608465,0.0,0.0,0.0,0.0,0.0,0.0,0.0,0.0,0.0,0.0,0.0,0.0,0.0,0.0,0.0,0.0,0.0,0.0,0.0,0.0,0.0,0.0,0.026821862348178137,0.0392156862745098,0.03339326232109302,0.02291909196740401
244,0.29501915708812254,0.0,0.0,0.31,0.14102564102564105,0.2071197411003236,0.1035598705501618,0.0,0.0,0.0,0.15625,0.11620795107033641,0.16818181818181815,0.07964601769911504,0.05803571428571428,0.0,0.10364145658263305,0.0,0.4406779661016949,0.0,0.0,0.0,0.17094017094017094,0.17610908605974396,0.2058823529411765,0.495739645284059,0.16239813736903413
245,0.18629407850964735,0.0,0.0,0.0,0.0,0.0,0.0,0.0,0.0,0.0,0.0,0.0,0.0,0.0,0.0,0.0,0.0,0.0,0.0,0.0,0.0,0.0,0.0,0.06881054628982324,0.05570291777188329,0.14397127201607732,0.05369615832363226
246,0.0,0.0,0.0,0.0,0.0,0.0,0.0,0.0,0.0,0.0,0.0,0.0,0.0,0.0,0.0,0.0,0.0,0.0,0.0,0.0,0.0,0.0,0.0,0.0,0.0,0.022273512886779468,0.009458672875436577
247,0.32407407407407407,0.0,0.0,0.0,0.0,0.0,0.0,0.0,0.0,0.0,0.0,0.0,0.0,0.0,0.0,0.0,0.0,0.0,0.0,0.0,0.0,0.0,0.0,0.12317648741418764,0.20895522388059704,0.28062860722354876,0.12791036088475008
248,0.19444444444444442,0.0,0.0,0.0,0.0,0.0,0.0,0.0,0.0,0.0,0.0,0.0,0.0,0.0,0.0,0.0,0.0,0.0,0.0,0.0,0.0,0.0,0.0,0.06973684210526317,0.10405405405405406,0.10539660178978161,0.023137369033760246
249,0.2419753086419753,0.0,0.0,0.0,0.0,0.0,0.0,0.0,0.0,0.0,0.0,0.0,0.0,0.0,0.0,0.0,0.0,0.0,0.0,0.0,0.0,0.0,0.0,0.09233674463937622,0.12564102564102564,0.21524831645311307,0.11474097788125759
250,0.12260536398467432,0.0,0.0,0.0,0.0,0.0,0.0,0.0,0.0,0.0,0.0,0.0,0.0,0.0,0.0,0.0,0.0,0.0,0.0,0.0,0.0,0.0,0.0,0.08856455080863794,0.15254237288135594,0.34021463466723617,0.15323050058207258
251,0.44157706093189963,0.0,0.0,0.0,0.0,0.0,0.0,0.0,0.0,0.0,0.0,0.0,0.0,0.0,0.0,0.0,0.0,0.0,0.0,0.0,0.0,0.0,0.0,0.0792156361778232,0.13424657534246576,0.07775928317814082,0.04787543655413283
252,0.12527964205816552,0.0,0.0,0.0,0.0,0.0,0.0,0.0,0.0,0.0,0.0,0.0,0.0,0.0,0.0,0.0,0.0,0.0,0.0,0.0,0.0,0.0,0.0,0.04452745321062972,0.03899721448467967,0.044501696823395054,0.014915599534342296
253,0.4366471734892787,0.0,0.0,0.0,0.0,0.0,0.0,0.0,0.0,0.0,0.0,0.0,0.0,0.0,0.0,0.0,0.0,0.0,0.0,0.0,0.0,0.0,0.0,0.11951134899395381,0.1561679790026247,0.16595260265567224,0.1095750873108268
254,0.1981599433828733,0.0,0.0,0.0,0.0,0.0,0.0,0.0,0.0,0.0,0.0,0.0,0.0,0.0,0.0,0.0,0.0,0.0,0.0,0.0,0.0,0.0,0.0,0.02630306423699481,0.047683923705722074,0.0888226302171952,0.04176367869615842
255,0.4242424242424242,0.0,0.0,0.0,0.0,0.0,0.0,0.0,0.0,0.0,0.0,0.0,0.0,0.0,0.0,0.0,0.0,0.0,0.0,0.0,0.0,0.0,0.0,0.13531029065200315,0.2357512953367876,0.19336678743831506,0.1090657741559956
256,0.308030803080308,0.14351851851851852,0.0,0.0,0.09909909909909911,0.1461187214611872,0.1461187214611872,0.0,0.0,0.0,0.10670731707317074,0.16033755274261605,0.115625,0.10843373493975905,0.07926829268292683,0.1646090534979424,0.1385767790262172,0.0,0.0,0.11176470588235295,0.0,0.11494252873563218,0.11494252873563218,0.12905038396703503,0.21237864077669905,0.3348113197470734,0.12907450523864997
257,0.36129032258064514,0.0,0.0,0.0,0.0,0.0,0.0,0.0,0.0,0.0,0.0,0.0,0.0,0.0,0.0,0.0,0.0,0.0,0.0,0.0,0.0,0.0,0.0,0.0792156361778232,0.0958904109589041,0.07775928317814082,0.029758440046565846
258,0.1670395227442207,0.0,0.0,0.0,0.0,0.0,0.0,0.0,0.0,0.0,0.0,0.0,0.0,0.0,0.0,0.0,0.0,0.0,0.0,0.0,0.0,0.0,0.0,0.04452745321062972,0.06824512534818943,0.044501696823395054,0.01855355064027944
259,0.25620915032679736,0.0,0.0,0.0,0.0,0.0,0.0,0.0,0.0,0.0,0.0,0.0,0.0,0.0,0.0,0.0,0.0,0.0,0.0,0.0,0.0,0.0,0.0,0.10263157894736841,0.08289473684210527,0.16046144155396674,0.06461001164144371
260,0.23628691983122363,0.0,0.0,0.0,0.0,0.0,0.0,0.0,0.0,0.0,0.0,0.0,0.0,0.0,0.0,0.0,0.0,0.0,0.0,0.0,0.0,0.0,0.0,0.07875685836212151,0.09510869565217392,0.09435009180257048,0.05529685681024459
261,0.06481481481481481,0.0,0.0,0.0,0.0,0.0,0.0,0.0,0.0,0.3295454545454546,0.3645833333333333,0.5507246376811594,0.0,0.3698630136986301,0.0,0.5633802816901409,0.0,0.0,1.0,0.38,0.0,0.3896103896103896,0.3896103896103896,0.09854118993135011,0.13930348258706468,0.28062860722354876,0.09756984866123423
262,0.0,0.0,0.0,0.0,0.0,0.0,0.0,0.0,0.0,0.0,0.0,0.0,0.0,0.0,0.0,0.0,0.0,0.0,0.0,0.0,0.0,0.0,0.0,0.01763772271144788,0.028846153846153848,0.07222339344404083,0.023064610011641503
263,0.3111111111111111,0.0,0.0,0.0,0.0,0.0,0.0,0.0,0.0,0.0,0.0,0.0,0.0,0.0,0.0,0.0,0.0,0.0,0.0,0.0,0.0,0.0,0.0,0.11332236842105263,0.10405405405405406,0.10539660178978161,0.026629802095459898
264,0.6115859449192782,0.0,0.0,0.0,0.0,0.0,0.0,0.0,0.0,0.0,0.0,0.0,0.0,0.0,0.0,0.0,0.0,0.0,0.0,0.0,0.0,0.0,0.0,0.24419634945950733,0.24436936936936937,0.5063827138255489,0.19230209545983756
265,0.4377442769402568,0.0,0.0,0.0,0.0,0.0,0.0,0.0,0.0,0.0,0.0,0.0,0.0,0.0,0.0,0.0,0.0,0.0,0.0,0.0,0.0,0.0,0.0,0.13785189718482252,0.08557457212713937,0.31858508767710453,0.13154831199068714
266,0.0404040404040404,0.0,0.0,0.0,0.0,0.0,0.0,0.0,0.0,0.0,0.0,0.0,0.0,0.0,0.0,0.0,0.0,0.0,0.0,0.0,0.0,0.0,0.0,0.01763772271144788,0.0,0.07222339344404083,0.0408905704307335
267,0.5714285714285714,0.0,0.0,0.0,0.0,0.0,0.0,0.0,0.0,0.0,0.0,0.0,0.0,0.0,0.0,0.0,0.0,0.0,0.0,0.0,0.0,0.0,0.0,0.21196989776599773,0.28448275862068967,0.302334381652279,0.1871362048894068
268,0.1994301994301994,0.0,0.0,0.0,0.0,0.0,0.0,0.0,0.0,0.0,0.0,0.0,0.0,0.0,0.0,0.0,0.0,0.0,0.0,0.0,0.0,0.0,0.0,0.06149275805793553,0.07650273224043716,0.08329236138875981,0.016443538998835893
269,0.16036655211912942,0.0,0.13020833333333334,1.0,0.11111111111111112,0.49230769230769234,0.49230769230769234,0.26666666666666666,0.13636363636363638,0.10661764705882353,0.35472972972972977,0.0,0.38541666666666663,0.12000000000000001,0.2635135135135135,0.365296803652968,0.4567901234567901,0.14761904761904762,0.9749999999999999,0.24675324675324678,0.15023474178403756,0.12658227848101264,0.6329113924050633,0.05727484324529735,0.08663366336633664,0.2914869536367139,0.1210710128055882
270,0.08465608465608465,0.0,0.0,0.0,0.0,0.0,0.0,0.0,0.0,0.0,0.0,0.0,0.0,0.0,0.0,0.0,0.0,0.0,0.0,0.0,0.0,0.0,0.0,0.008940620782726047,0.0196078431372549,0.03339326232109302,0.01935389988358561
271,0.12612612612612611,0.0,0.0,0.0,0.0,0.0,0.0,0.0,0.0,0.0,0.0,0.0,0.0,0.0,0.0,0.0,0.0,0.0,0.0,0.0,0.0,0.0,0.0,0.035692084542063816,0.03910614525139665,0.03894889285907639,0.017025611175785837
272,0.1278538812785388,0.0,0.0,0.0,0.0,0.0,0.0,0.0,0.0,0.0,0.0,0.0,0.0,0.0,0.0,0.0,0.0,0.0,0.0,0.0,0.0,0.0,0.0,0.0358331599750364,0.02949438202247191,0.027834803050656498,0.007857974388824233
273,0.40143369175627236,0.0,0.0,0.0,0.0,0.0,0.0,0.0,0.0,0.0,0.0,0.0,0.0,0.0,0.0,0.0,0.0,0.0,0.0,0.0,0.0,0.0,0.0,0.08801737353091466,0.11506849315068493,0.07775928317814082,0.027502910360884814
274,0.345679012345679,0.0,0.0,0.0,0.0,0.0,0.0,0.0,0.0,0.0,0.0,0.0,0.0,0.0,0.0,0.0,0.0,0.0,0.0,0.0,0.0,0.0,0.0,0.08683706392417825,0.11290322580645161,0.11643190842000777,0.03165017462165316
275,0.08465608465608465,0.0,0.0,0.0,0.0,0.0,0.0,0.0,0.0,0.0,0.0,0.0,0.0,0.0,0.0,0.0,0.0,0.0,0.0,0.0,0.0,0.0,0.0,0.03576248313090419,0.00980392156862745,0.03339326232109302,0.008876600698486633
276,0.0,0.0,0.0,0.0,0.0,0.0,0.0,0.0,0.0,0.0,0.0,0.0,0.0,0.0,0.0,0.0,0.0,0.0,0.0,0.0,0.0,0.0,0.0,0.0,0.0,0.011142431223743053,0.0019644935972060584
277,0.2424242424242424,0.0,0.0,0.0,0.0,0.0,0.0,0.0,0.0,0.0,0.0,0.0,0.0,0.0,0.0,0.0,0.0,0.0,0.0,0.0,0.0,0.0,0.0,0.052913168134343644,0.07692307692307693,0.07222339344404083,0.022409778812572816
278,0.1670395227442207,0.0,0.0,0.0,0.0,0.0,0.0,0.0,0.0,0.0,0.0,0.0,0.0,0.0,0.0,0.0,0.0,0.0,0.0,0.0,0.0,0.0,0.0,0.03562196256850377,0.029247910863509752,0.044501696823395054,0.013824214202561151
279,0.1626724763979666,0.0,0.0,0.0,0.0,0.0,0.0,0.0,0.0,0.0,0.0,0.0,0.0,0.0,0.0,0.0,0.0,0.0,0.0,0.0,0.0,0.0,0.0,0.03534420847440238,0.05785123966942149,0.06668469004298574,0.01884458672875441
280,0.24086021505376343,0.0,0.0,0.0,0.0,0.0,0.0,0.0,0.0,0.0,0.0,0.0,0.0,0.0,0.0,0.0,0.0,0.0,0.0,0.0,0.0,0.0,0.0,0.07041389882473173,0.06712328767123288,0.07775928317814082,0.02786670547147854
281,0.07777777777777778,0.0,0.0,0.0,0.0,0.0,0.0,0.0,0.0,0.0,0.0,0.0,0.0,0.0,0.0,0.0,0.0,0.0,0.0,0.0,0.0,0.0,0.0,0.026151315789473686,0.02837837837837838,0.10539660178978161,0.02328288707799773
282,0.1278538812785388,0.0,0.0,0.0,0.0,0.0,0.0,0.0,0.0,0.0,0.0,0.0,0.0,0.0,0.0,0.0,0.0,0.0,0.0,0.0,0.0,0.0,0.0,0.0268748699812773,0.02949438202247191,0.027834803050656498,0.010550058207217721
283,0.12612612612612611,0.0,0.0,0.0,0.0,0.0,0.0,0.0,0.0,0.0,0.0,0.0,0.0,0.0,0.0,0.0,0.0,0.0,0.0,0.0,0.0,0.0,0.0,0.026769063406547864,0.04888268156424581,0.03894889285907639,0.010186263096624005
284,0.24086021505376343,0.0,0.0,0.0,0.0,0.0,0.0,0.0,0.0,0.0,0.0,0.0,0.0,0.0,0.0,0.0,0.0,0.0,0.0,0.0,0.0,0.0,0.0,0.08801737353091466,0.10547945205479453,0.07775928317814082,0.02095459837019796
285,0.0426179604261796,0.0,0.0,0.0,0.0,0.0,0.0,0.0,0.0,0.0,0.0,0.0,0.0,0.0,0.0,0.0,0.0,0.0,0.0,0.0,0.0,0.0,0.0,0.0089582899937591,0.009831460674157303,0.027834803050656498,0.0036379511059371453
286,0.0,0.0,0.0,0.0,0.0,0.0,0.0,0.0,0.0,0.0,0.0,0.0,0.0,0.0,0.0,0.0,0.0,0.0,0.0,0.0,0.0,0.0,0.0,0.009011719158731819,0.0,0.011142431223743053,0.0023282887077997728
287,0.39381153305203936,0.0,0.0,0.0,0.0,0.0,0.0,0.0,0.0,0.0,0.0,0.0,0.0,0.0,0.0,0.0,0.0,0.0,0.0,0.0,0.0,0.0,0.0,0.12251066856330015,0.12364130434782608,0.09435009180257048,0.08862048894062884
288,0.0,0.0,0.0,0.0,0.0,0.0,0.0,0.0,0.0,0.0,0.0,0.0,0.0,0.0,0.0,0.0,0.0,0.0,0.0,0.0,0.0,0.0,0.0,0.009011719158731819,0.0,0.011142431223743053,0.0025465657741560017
289,0.38888888888888884,0.0,0.0,0.0,0.0,0.0,0.0,0.0,0.0,0.0,0.0,0.0,0.0,0.0,0.0,0.0,0.0,0.0,0.0,0.0,0.0,0.0,0.0,0.13075657894736842,0.12297297297297298,0.10539660178978161,0.09131257275902233
290,0.04175988068605518,0.0,0.0,0.0,0.0,0.0,0.0,0.0,0.0,0.0,0.0,0.0,0.0,0.0,0.0,0.0,0.0,0.0,0.0,0.0,0.0,0.0,0.0,0.03562196256850377,0.03899721448467967,0.044501696823395054,0.005456926658905717
291,0.4387464387464387,0.0,0.0,0.0,0.0,0.0,0.0,0.0,0.0,0.0,0.0,0.0,0.0,0.0,0.0,0.0,0.0,0.0,0.0,0.0,0.0,0.0,0.0,0.07906211750305997,0.09562841530054646,0.08329236138875981,0.030704307334109508
292,0.5444444444444444,0.0,0.0,0.0,0.0,0.0,0.0,0.0,0.0,0.0,0.0,0.0,0.0,0.0,0.0,0.0,0.0,0.0,0.0,0.0,0.0,0.0,0.0,0.13075657894736842,0.13243243243243244,0.10539660178978161,0.045547147846333055
293,0.4666666666666666,0.0,0.0,0.0,0.0,0.0,0.0,0.0,0.0,0.0,0.0,0.0,0.0,0.0,0.0,0.0,0.0,0.0,0.0,0.0,0.0,0.0,0.0,0.10460526315789474,0.13243243243243244,0.10539660178978161,0.02801222351571602
294,0.39381153305203936,0.0,0.0,0.0,0.0,0.0,0.0,0.0,0.0,0.0,0.0,0.0,0.0,0.0,0.0,0.0,0.0,0.0,0.0,0.0,0.0,0.0,0.0,0.1137599065230644,0.1141304347826087,0.09435009180257048,0.024810826542491324
295,0.0,0.0,0.0,0.0,0.0,0.0,0.0,0.0,0.0,0.0,0.0,0.0,0.0,0.0,0.0,0.0,0.0,0.0,0.0,0.0,0.0,0.0,0.0,0.0,0.0,0.016709389666272854,0.0024738067520372587
296,0.20334059549745823,0.0,0.0,0.0,0.0,0.0,0.0,0.0,0.0,0.0,0.0,0.0,0.0,0.0,0.0,0.0,0.0,0.0,0.0,0.0,0.0,0.0,0.0,0.06185236483020416,0.05785123966942149,0.06668469004298574,0.017898719441210752
297,0.0,0.0,0.0,0.0,0.0,0.0,0.0,0.0,0.0,0.0,0.0,0.0,0.0,0.0,0.0,0.0,0.0,0.0,0.0,0.0,0.0,0.0,0.0,0.0,0.0,0.011142431223743053,0.0029831199068684586
298,0.2923191648023863,0.0,0.0,0.0,0.0,0.0,0.0,0.0,0.0,0.0,0.0,0.0,0.0,0.0,0.0,0.0,0.0,0.0,0.0,0.0,0.0,0.0,0.0,0.062338434494881606,0.058495821727019504,0.044501696823395054,0.013314901047729949
299,0.04381846635367762,0.0,0.0,0.0,0.0,0.0,0.0,0.0,0.0,0.0,0.0,0.0,0.0,0.0,0.0,0.0,0.0,0.0,0.0,0.0,0.0,0.0,0.0,0.009029670790522122,0.00994318181818182,0.0055726353915891294,0.009676949941792806
300,0.11347517730496452,0.0,0.0,0.0,0.0,0.0,0.0,0.0,0.0,0.0,0.0,0.0,0.0,0.0,0.0,0.0,0.0,0.0,0.0,0.0,0.0,0.0,0.0,1.0,1.0,1.0,1.0
301,0.08702408702408702,0.0,0.0,0.0,0.0,0.0,0.0,0.0,0.0,0.0,0.0,0.0,0.0,0.0,0.0,0.0,0.0,0.0,0.0,0.0,0.0,0.0,0.0,0.018023438317463638,0.0198300283286119,0.011142431223743053,0.00451105937136206
302,0.0,0.0,0.0,0.0,0.0,0.0,0.0,0.0,0.0,0.0,0.0,0.0,0.0,0.0,0.0,0.0,0.0,0.0,0.0,0.0,0.0,0.0,0.0,0.0,0.00991501416430595,0.011142431223743053,0.0026920838183934876
303,0.08641975308641975,0.0,0.0,0.0,0.0,0.0,0.0,0.0,0.0,0.0,0.0,0.0,0.0,0.0,0.0,0.0,0.0,0.0,0.0,0.0,0.0,0.0,0.0,0.008993838763575604,0.009887005649717515,0.016709389666272854,0.0029831199068684586
304,0.0,0.0,0.0,0.0,0.0,0.0,0.0,0.0,0.0,0.0,0.0,0.0,0.0,0.0,0.0,0.0,0.0,0.0,0.0,0.0,0.0,0.0,0.0,0.009011719158731819,0.00991501416430595,0.011142431223743053,0.00276484284051223
305,0.12962962962962962,0.0,0.0,0.0,0.0,0.0,0.0,0.0,0.0,0.0,0.0,0.0,0.0,0.0,0.0,0.0,0.0,0.0,0.0,0.0,0.0,0.0,0.0,0.01798767752715121,0.029661016949152543,0.016709389666272854,0.0048020954598370314
306,0.0,0.0,0.0,0.0,0.0,0.0,0.0,0.0,0.0,0.0,0.0,0.0,0.0,0.0,0.0,0.0,0.0,0.0,0.0,0.0,0.0,0.0,0.0,0.0,0.0,0.011142431223743053,0.002401047729918516
307,0.08702408702408702,0.0,0.0,0.0,0.0,0.0,0.0,0.0,0.0,0.0,0.0,0.0,0.0,0.0,0.0,0.0,0.0,0.0,0.0,0.0,0.0,0.0,0.0,0.009011719158731819,0.0198300283286119,0.011142431223743053,0.003637951105937145
308,0.38888888888888884,0.0,0.0,0.0,0.0,0.0,0.0,0.0,0.0,0.0,0.0,0.0,0.0,0.0,0.0,0.0,0.0,0.0,0.0,0.0,0.0,0.0,0.0,0.06973684210526317,0.08513513513513514,0.10539660178978161,0.015061117578579787
309,0.36129032258064514,0.0,0.0,0.0,0.0,0.0,0.0,0.0,0.0,0.0,0.0,0.0,0.0,0.0,0.0,0.0,0.0,0.0,0.0,0.0,0.0,0.0,0.0,0.07041389882473173,0.13424657534246576,0.06109657963996779,0.029685681024447103
310,0.1693121693121693,0.0,0.0,0.0,0.0,0.0,0.0,0.0,0.0,0.0,0.0,0.0,0.0,0.0,0.0,0.0,0.0,0.0,0.0,0.0,0.0,0.0,0.0,0.026821862348178137,0.058823529411764705,0.022262174880728677,0.0042927823050058316
311,0.0852359208523592,0.0,0.0,0.0,0.0,0.0,0.0,0.0,0.0,0.0,0.0,0.0,0.0,0.0,0.0,0.0,0.0,0.0,0.0,0.0,0.0,0.0,0.0,0.0358331599750364,0.04915730337078652,0.016700881830393897,0.003928987194412117
312,0.20334059549745823,0.0,0.0,0.0,0.0,0.0,0.0,0.0,0.0,0.0,0.0,0.0,0.0,0.0,0.0,0.0,0.0,0.0,0.0,0.0,0.0,0.0,0.0,0.07068841694880476,0.11570247933884298,0.05001351753223931,0.009967986030267776
313,0.5833333333333333,0.0,0.0,0.0,0.0,0.0,0.0,0.0,0.0,0.0,0.0,0.0,0.0,0.0,0.0,0.0,0.0,0.0,0.0,0.0,0.0,0.0,0.0,0.13947368421052633,0.17972972972972975,0.09430222265401512,0.06992142025611192
314,0.04148148148148148,0.0,0.0,0.0,0.0,0.0,0.0,0.0,0.0,0.0,0.0,0.0,0.0,0.0,0.0,0.0,0.0,0.0,0.0,0.0,0.0,0.0,0.0,0.0266640866873065,0.08750000000000001,0.050051676370641326,0.013678696158323666
315,0.12527964205816552,0.543859649122807,0.0,0.0,0.3492063492063492,0.5333333333333333,0.5333333333333333,0.0,0.0,0.0,0.3017241379310345,0.4871794871794872,0.34259259259259256,0.3,0.22413793103448273,0.47619047619047616,0.34259259259259256,0.0,0.0,0.296875,0.0,0.2941176470588235,0.2941176470588235,0.02671647192637783,0.07799442896935933,0.044501696823395054,0.008731082654249149
316,0.1648270787343635,0.0,0.0,0.0,0.0,0.0,0.0,0.0,0.0,0.0,0.0,0.0,0.0,0.0,0.0,0.0,0.0,0.0,0.0,0.0,0.0,0.0,0.0,0.044353177464208464,0.09695290858725762,0.0555988336552142,0.021682188591385383
317,0.3253449527959332,0.0,0.0,0.0,0.0,0.0,0.0,0.0,0.0,0.0,0.0,0.0,0.0,0.0,0.0,0.0,0.0,0.0,0.0,0.0,0.0,0.0,0.0,0.07068841694880476,0.11570247933884298,0.06668469004298574,0.03063154831199076
318,0.12444444444444444,0.0,0.0,0.0,0.0,0.0,0.0,0.0,0.0,0.0,0.0,0.0,0.0,0.0,0.0,0.0,0.0,0.0,0.0,0.0,0.0,0.0,0.0,0.07110423116615067,0.08750000000000001,0.050051676370641326,0.010841094295692692
319,0.0,0.0,0.0,0.0,0.0,0.0,0.0,0.0,0.0,0.0,0.0,0.0,0.0,0.0,0.0,0.0,0.0,0.0,0.0,0.0,0.0,0.0,0.0,0.03534420847440238,0.11570247933884298,0.04445646002865716,0.006111757857974404
320,0.042328042328042326,0.0,0.0,0.0,0.0,0.0,0.0,0.0,0.0,0.0,0.0,0.0,0.0,0.0,0.0,0.0,0.0,0.0,0.0,0.0,0.0,0.0,0.0,0.0,0.058823529411764705,0.01669663116054651,0.0010913853317811434
321,0.25055928411633105,0.0,0.0,0.0,0.0,0.0,0.0,0.0,0.0,0.0,0.0,0.0,0.0,0.0,0.0,0.0,0.0,0.0,0.0,0.0,0.0,0.0,0.0,0.04452745321062972,0.07799442896935933,0.044501696823395054,0.0200087310826543
322,0.3636363636363636,0.0,0.0,0.0,0.0,0.0,0.0,0.0,0.0,0.0,0.0,0.0,0.0,0.0,0.0,0.0,0.0,0.0,0.0,0.0,0.0,0.0,0.0,0.11464519762441122,0.125,0.06666774779449922,0.041763678696158414
323,0.1278538812785388,0.0,0.0,0.0,0.0,0.0,0.0,0.0,0.0,0.0,0.0,0.0,0.0,0.0,0.0,0.0,0.0,0.0,0.0,0.0,0.0,0.0,0.0,0.0268748699812773,0.04915730337078652,0.022267842440525196,0.003928987194412117
324,0.24888888888888888,0.0,0.0,0.0,0.0,0.0,0.0,0.0,0.0,0.0,0.0,0.0,0.0,0.0,0.0,0.0,0.0,0.0,0.0,0.0,0.0,0.0,0.0,0.053328173374613,0.08750000000000001,0.050051676370641326,0.011932479627473834
325,0.3253449527959332,0.0,0.0,0.0,0.0,0.0,0.0,0.0,0.0,0.0,0.0,0.0,0.0,0.0,0.0,0.0,0.0,0.0,0.0,0.0,0.0,0.0,0.0,0.07068841694880476,0.11570247933884298,0.061127632539403606,0.0200087310826543
326,0.358974358974359,0.39743589743589747,0.0,0.0,0.2619047619047619,0.3950617283950617,0.3950617283950617,0.0,0.0,0.0,0.24305555555555555,0.38383838383838387,0.27205882352941174,0.24324324324324326,0.18055555555555552,0.38095238095238093,0.28682170542635654,0.0,0.0,0.24358974358974358,0.0,0.24390243902439024,0.24390243902439024,0.06149275805793553,0.14344262295081966,0.06663388911100786,0.021682188591385383
327,0.24086021505376343,0.0,0.0,0.0,0.0,0.0,0.0,0.0,0.0,0.0,0.0,0.0,0.0,0.0,0.0,0.0,0.0,0.0,0.0,0.0,0.0,0.0,0.0,0.07041389882473173,0.13424657534246576,0.06665081415269213,0.03230500582072185
328,0.2074074074074074,0.0,0.0,0.0,0.0,0.0,0.0,0.0,0.0,0.0,0.0,0.0,0.0,0.0,0.0,0.0,0.0,0.0,0.0,0.0,0.0,0.0,0.0,0.053328173374613,0.08750000000000001,0.03892908162160992,0.02481082654249133
329,0.0,0.0,0.0,0.0,0.0,0.0,0.0,0.0,0.0,0.0,0.0,0.0,0.0,0.0,0.0,0.0,0.0,0.0,0.0,0.0,0.0,0.0,0.0,0.0,0.04915730337078652,0.016700881830393897,0.0006548311990686862
330,0.12200435729847493,0.0,0.0,0.0,0.0,0.0,0.0,0.0,0.0,0.0,0.0,0.0,0.0,0.0,0.0,0.0,0.0,0.0,0.0,0.0,0.0,0.0,0.0,0.04418026059300297,0.11570247933884298,0.04445646002865716,0.014915599534342298
331,0.329654157468727,0.0,0.0,0.0,0.0,0.0,0.0,0.0,0.0,0.0,0.0,0.0,0.0,0.0,0.0,0.0,0.0,0.0,0.0,0.0,0.0,0.0,0.0,0.07096508394273354,0.09695290858725762,0.044479066924171355,0.027575669383003563
332,0.2828282828282828,0.0,0.0,0.0,0.0,0.0,0.0,0.0,0.0,0.0,0.0,0.0,0.0,0.0,0.0,0.0,0.0,0.0,0.0,0.0,0.0,0.0,0.0,0.052913168134343644,0.125,0.07222339344404083,0.042272991850989615
333,0.1670395227442207,0.0,0.0,0.0,0.0,0.0,0.0,0.0,0.0,0.0,0.0,0.0,0.0,0.0,0.0,0.0,0.0,0.0,0.0,0.0,0.0,0.0,0.0,0.04452745321062972,0.07799442896935933,0.03893898472047067,0.016225261932479664
334,0.24724061810154524,0.0,0.0,0.0,0.0,0.0,0.0,0.0,0.0,0.0,0.0,0.0,0.0,0.0,0.0,0.0,0.0,0.0,0.0,0.0,0.0,0.0,0.0,0.07983571943557523,0.09695290858725762,0.03891918355864994,0.016370779976717154
335,0.23779193205944796,0.0,0.0,0.0,0.0,0.0,0.0,0.0,0.0,0.0,0.0,0.0,0.0,0.0,0.0,0.0,0.0,0.0,0.0,0.0,0.0,0.0,0.0,0.07014150463198615,0.15258855585831063,0.0777198014400458,0.019863213038416812
336,0.35,0.0,0.0,0.0,0.0,0.0,0.0,0.0,0.0,0.0,0.0,0.0,0.0,0.0,0.0,0.0,0.0,0.0,0.0,0.0,0.0,0.0,0.0,0.10460526315789474,0.17972972972972975,0.06101908524671567,0.02029976717112927
337,0.5185185185185185,0.0,0.0,0.0,0.0,0.0,0.0,0.0,0.0,0.0,0.0,0.0,0.0,0.0,0.0,0.0,0.0,0.0,0.0,0.0,0.0,0.0,0.0,0.19708237986270022,0.4440298507462687,0.18158321643876685,0.05500582072176964
