is_a_highlight	abstract	keyword1	keyword2	keyword3	keyword4	keyword5	keyword6	keyword7	keyword8	keyword9	introduction	conclusion	text	word freq. in sentence	n_sents_intro	n_sents_text	n_sents_abst	n_sents_conclu
0.0	0.2343804605288704	0.0	0.0	0.0	0.0	0.0	0.5	0.0	0.2692307692307693	0.0	0.10330517046468733	0.06831222943186091	0.07861472675156243	0.19362604608506248	0.08333333333333333	0.0	0.3333333333333333	0.0
0.0	0.28617608647865833	0.0	0.36666666666666664	0.0	0.0	0.0	0.42857142857142855	0.0	0.0	0.0	0.12392104382736702	0.09107948383022019	0.157037593279204	0.20166844504801634	0.0	0.1497584541062802	1.0	0.25
0.0	0.2860318444995864	0.1875	0.0	0.27450980392156865	1.0	0.5625	0.4	0.8	0.0	0.0	0.2271472056314786	0.12523257961428721	0.27464821763602254	0.4065934065934066	0.16666666666666666	0.06280193236714976	0.3333333333333333	0.25
0.0	0.2860318444995864	0.0	0.34375	0.0	0.0	0.0	0.0	0.0	0.0	0.0	0.14454822176548637	0.10246250731561114	0.19617729831144465	0.29346063772293285	0.0	0.1497584541062802	1.0	0.25
0.0	0.31219209434035455	0.4	0.0	0.14583333333333334	0.0	0.0	0.42857142857142855	0.0	0.4666666666666667	0.0	0.22718858035017286	0.10246472124595292	0.314075186558408	0.5330293917935783	0.08333333333333333	0.0	0.3333333333333333	0.0
0.0	0.4411597791879482	0.0	0.55	0.0	0.0	0.22500000000000003	0.0	0.0	0.0	0.0	0.24761657165140855	0.13660634584167863	0.5479599475949841	0.24646209892111537	0.0	0.1497584541062802	1.0	0.25
0.0	0.31219209434035455	0.4	0.0	0.14583333333333334	0.0	0.0	0.0	0.0	0.0	0.0	0.16522805843648936	0.10246472124595292	0.19629699159900504	0.4911242603550297	0.0	0.391304347826087	0.0	1.0
0.0	0.543594889806631	0.12000000000000001	0.0	0.17948717948717952	0.64	0.18000000000000002	0.0	0.0	0.0	0.0	0.35047124304267163	0.21627483618385707	0.42923450109623545	0.3340643675640112	0.16666666666666666	0.06280193236714976	0.3333333333333333	0.25
0.0	0.49256539105785335	0.27272727272727276	0.5	0.10144927536231885	0.0	0.0	0.0	0.0	0.0	0.0	0.2062720667674019	0.20490368368065387	0.586386578184877	0.45422446406052963	0.0	0.1497584541062802	1.0	0.25
0.0	1.0	0.13636363636363638	0.0	0.05185185185185186	0.0	0.0	0.0	0.0	0.07954545454545456	0.0	0.39035465608602565	0.31860921701038325	0.6943829551743221	0.17192097519966382	1.0	1.0	0.0	0.75
0.0	0.18156269739980146	0.0	0.5238095238095237	0.0	0.0	0.0	0.0	0.0	0.0	0.0	0.35072631672756444	0.10245143883792368	0.23469721767594107	0.20714143492400613	0.0	0.1497584541062802	1.0	0.25
0.0	0.13001447477253927	0.0	0.0	0.0	0.0	0.0	0.0	0.0	0.0	0.0	0.2684466975644747	0.07969243501693508	0.1177063789868668	0.023959646910466585	1.0	1.0	0.0	0.75
0.0	0.07804802358508864	0.0	0.0	0.0	0.0	0.0	0.0	0.0	0.0	0.0	0.24784208765473403	0.05692377158302198	0.157037593279204	0.056552526918226806	1.0	1.0	0.0	0.75
0.0	0.026029134000879712	0.0	0.0	0.0	0.0	0.0	0.0	0.0	0.0	0.0	0.24788724015749497	0.05692518049759806	0.03928336620644313	0.025641025641025644	1.0	1.0	0.0	0.75
0.0	0.052189927758971764	0.0	0.0	0.0	0.0	0.0	0.75	0.0	0.0	0.0	0.12405662483811906	0.022772890327107144	0.039403645956003576	0.11187173482255451	1.0	1.0	0.0	0.75
0.0	0.052189927758971764	0.0	0.0	0.0	0.0	0.0	0.0	0.0	0.3888888888888889	0.0	0.1447327289778056	0.034159335490660706	0.07880729191200715	0.07872455413439022	0.08333333333333333	0.0	0.3333333333333333	0.0
0.0	0.10437985551794353	0.0	0.0	0.0	0.0	0.0	0.75	0.0	0.0	0.0	0.10338052069843257	0.034159335490660706	0.0	0.16663664204647813	1.0	1.0	0.0	0.75
0.0	0.20791836207453335	0.0	0.32352941176470584	0.0	0.0	0.0	0.375	0.0	0.0	0.0	0.26839781797642587	0.1252299632436612	0.3136924014437726	0.37032366540563266	0.0	0.1497584541062802	1.0	0.25
0.0	0.07804802358508864	0.0	0.0	0.0	0.0	0.0	0.42857142857142855	0.0	0.23333333333333334	0.0	0.22718858035017286	0.034153296751556525	0.078518796639602	0.1426908526530217	0.08333333333333333	0.0	0.3333333333333333	0.0
0.0	0.07793012626849484	0.0	0.0	0.0	0.0	0.0	0.35294117647058826	0.0	0.0	0.0	0.2889911835843021	0.10245807968974435	0.2743136887473063	0.1677175283732661	1.0	1.0	0.0	0.75
0.0	0.12988354378082473	0.0	0.0	0.0	0.0	0.0	0.35294117647058826	0.7058823529411765	0.3888888888888889	0.0	0.2889911835843021	0.10245807968974435	0.039187669821043755	0.08890290037831025	0.08333333333333333	0.0	0.3333333333333333	0.0
0.0	0.3622148496772368	0.11538461538461539	0.21153846153846154	0.1728395061728395	0.6153846153846154	0.3461538461538462	0.24000000000000002	0.0	0.0	0.0	0.3710197403811552	0.1935045633301327	0.428974358974359	0.3753678015973098	0.16666666666666666	0.06280193236714976	0.3333333333333333	0.25
0.0	0.10432708511576054	0.0	0.0	0.0	0.0	0.0	0.0	0.0	0.0	0.0	0.1653786765389839	0.06831706050854273	0.15751812447038882	0.1689785624211854	1.0	1.0	0.0	0.75
0.0	0.13034296005493579	0.27272727272727276	0.0	0.3888888888888889	0.0	0.0	0.0	0.0	0.31818181818181823	0.0	0.16534853095448898	0.04554336498775454	0.23613267466478477	0.3680818270982206	0.16666666666666666	0.06280193236714976	0.3333333333333333	0.25
0.0	0.20502630338695912	0.06666666666666668	0.0	0.10144927536231885	0.35555555555555557	0.0	0.13636363636363638	0.0	0.07777777777777778	0.0	0.49299023957409055	0.2275695650628707	0.34698345393372354	0.19076805771430244	1.0	1.0	0.0	0.75
0.0	0.15570345147809936	0.15000000000000002	0.0	0.2222222222222222	0.0	0.22500000000000003	0.0	0.0	0.0	0.0	0.3714248574771128	0.15937480815150518	0.3131199700542766	0.1758441922376349	0.16666666666666666	0.06280193236714976	0.3333333333333333	0.25
0.0	0.1565697832769153	0.3333333333333333	0.0	0.46666666666666673	0.0	0.0	0.0	0.0	0.0	0.0	0.1447327289778056	0.05693222581776785	0.23642187573602147	0.5586380832282472	0.16666666666666666	0.06280193236714976	0.3333333333333333	0.25
0.0	0.026094963879485882	0.0	0.0	0.0	0.0	0.0	0.0	0.0	0.0	0.0	0.12405662483811906	0.045545780654214274	0.11821093786801073	0.06287155467483337	1.0	1.0	0.0	0.75
0.0	0.3033203934722798	0.0410958904109589	0.0	0.06306306306306307	0.2191780821917808	0.0	0.0	0.0	0.0	0.0	0.8175036416873888	0.443543714012423	0.3791759213090975	0.14771859403584162	1.0	1.0	0.0	0.75
0.0	0.18183696129315463	0.16666666666666666	0.0	0.24561403508771928	0.8888888888888888	0.0	0.0	0.0	0.0	0.0	0.2889911835843021	0.1479966142413267	0.19593834910521876	0.31210592686002514	0.16666666666666666	0.06280193236714976	0.3333333333333333	0.25
0.0	0.1559387715559	0.0	0.0	0.0	0.0	0.0	0.0	0.0	0.0	0.0	0.30968978997279906	0.14799963302377941	0.19605775090235786	0.17864649012189998	1.0	1.0	0.0	0.75
0.0	0.23426220600791742	0.0	0.0	0.0	0.0	0.0	0.46153846153846156	0.0	0.5	0.0	0.20657270013124582	0.09108149656532885	0.19641683103221563	0.40563261874737283	0.08333333333333333	0.0	0.3333333333333333	0.0
0.0	0.33184891967672764	0.11320754716981132	0.20754716981132074	0.043209876543209874	0.0	0.0	0.0	0.0	0.0	0.0	0.6973921261702946	0.38682050418304437	0.4988073941562313	0.26429790074920256	0.0	0.1497584541062802	1.0	0.25
0.0	0.3365111222612477	0.0	0.0	0.0	0.0	0.0	0.0	0.0	0.14	0.0	0.3917031539888683	0.19350838603995574	0.42923450109623545	0.17396787104556174	1.0	1.0	0.0	0.75
0.0	0.3882820641475935	0.24000000000000002	0.0	0.08974358974358976	0.0	0.18000000000000002	0.25	0.0	0.14	0.0	0.43293506493506495	0.20489161111190643	0.5462984559406633	0.3910850375568837	0.0	0.391304347826087	0.0	1.0
0.0	0.10416909356838684	0.0	0.0	0.0	0.0	0.0	0.0	0.0	0.0	0.0	0.20661034092937466	0.09108350937160292	0.07861472675156243	0.06156138943024189	1.0	1.0	0.0	0.75
0.0	0.2082330720070377	0.42857142857142855	0.7857142857142857	0.15555555555555556	0.0	0.0	0.0	0.0	0.0	0.0	0.20657270013124582	0.11385237394381607	0.19641683103221563	0.4829760403530895	0.0	0.391304347826087	0.0	1.0
0.0	0.13034296005493579	0.0	0.0	0.0	0.0	0.4090909090909091	0.0	0.0	0.0	0.0	0.14467996458517787	0.06831545009270841	0.19677722888732063	0.3658399887908085	1.0	1.0	0.0	0.75
0.0	0.23402605459057071	0.375	0.0	0.13725490196078433	0.0	0.0	0.4	0.0	0.0	0.0	0.24779695159797666	0.12523257961428721	0.19617729831144465	0.4923437218519185	0.0	0.391304347826087	0.0	1.0
0.0	0.052110852110852104	0.0	0.0	0.0	0.0	0.0	0.0	0.0	0.0	0.0	0.16531839635799647	0.06831383973381548	0.11799416964453639	0.05624211853720051	1.0	1.0	0.0	0.75
0.0	0.5790942423446084	0.037037037037037035	0.0	0.05691056910569106	0.19753086419753085	0.1111111111111111	0.07500000000000001	0.0	0.0	0.0	1.0	0.6481732853805096	0.7170539138281075	0.17375133685571542	1.0	1.0	0.0	0.75
0.0	0.052058268001759424	0.0	0.0	0.0	0.0	0.0	0.0	0.9230769230769231	0.0	0.0	0.10328635006562291	0.09108149656532885	0.07856673241288625	0.13997477931904162	1.0	1.0	0.0	0.75
0.0	0.05229573602609588	0.0	0.0	0.0	0.0	0.0	0.0	0.0	0.0	0.0	0.0413823923730076	1.6106151547701493e-06	0.07900080275770882	0.21899957965531738	1.0	1.0	0.0	0.75
0.0	0.1817454479759462	0.15789473684210525	0.0	0.23333333333333336	0.0	0.0	0.3333333333333333	0.0	0.0	0.0	0.22702317184609558	0.1138402983870581	0.23498291118498058	0.3651806245827461	0.16666666666666666	0.06280193236714976	0.3333333333333333	0.25
0.0	0.20833818713677368	0.0	0.0	0.0	0.0	0.3461538461538462	0.5	0.0	0.0	0.0	0.14462723865056226	0.09108350937160292	0.19653681687890606	0.27891780350796747	1.0	1.0	0.0	0.75
0.0	0.10437985551794353	0.0	0.0	0.0	0.0	0.0	0.75	0.0	0.0	0.0	0.06202831241905953	0.045545780654214274	0.07880729191200715	0.3266078184110971	1.0	1.0	0.0	0.75
0.0	0.1817454479759462	0.15789473684210525	0.0	0.23333333333333336	0.0	0.23684210526315788	0.0	0.0	0.0	0.0	0.2683001121817493	0.15937802795844652	0.3916381853083009	0.2619241896001781	0.16666666666666666	0.06280193236714976	0.3333333333333333	0.25
0.0	0.18183696129315463	0.16666666666666666	0.0	0.24561403508771928	0.8888888888888888	0.0	0.0	0.0	0.0	0.0	0.2889911835843021	0.15938124787922228	0.19593834910521876	0.3215636822194199	0.16666666666666666	0.06280193236714976	0.3333333333333333	0.25
0.0	0.15586025253698968	0.0	0.0	0.0	0.0	0.0	0.0	0.0	0.0	0.0	0.30963341098318087	0.1479966142413267	0.19593834910521876	0.1702395964691047	1.0	1.0	0.0	0.75
0.0	0.2860318444995864	0.0	0.0	0.0	0.0	0.0	0.4	0.0	0.4375	0.0	0.24779695159797666	0.11384754346494917	0.27464821763602254	0.38353449828859676	0.08333333333333333	0.0	0.3333333333333333	0.0
0.0	0.33416376017272875	0.0	0.0	0.0	0.41025641025641024	0.0	0.15789473684210525	0.0	0.08974358974358974	0.0	0.47296306988519027	0.3527806061928318	0.42562098154401223	0.16192358815309638	1.0	1.0	0.0	0.75
0.0	0.10427436804394864	0.0	0.0	0.0	0.7272727272727273	0.0	0.0	0.0	0.0	0.0	0.10334283184655563	0.06831545009270841	0.07871089155492825	0.21115314557937512	1.0	1.0	0.0	0.75
0.0	0.10432708511576054	0.0	0.0	0.0	0.0	0.0	0.0	0.0	0.0	0.0	0.1653786765389839	0.06831706050854273	0.15751812447038882	0.1689785624211854	1.0	1.0	0.0	0.75
0.0	0.10395918103726667	0.17647058823529413	0.0	0.25925925925925924	0.9411764705882353	0.0	0.0	0.0	0.0	0.0	0.20645985998186603	0.102460293463543	0.11763465054141471	0.2896174863387978	0.16666666666666666	0.06280193236714976	0.3333333333333333	0.25
0.0	0.10411653600351885	0.0	0.0	0.0	0.0	0.0	0.0	0.0	0.0	0.0	0.08262908005249833	0.11385237394381607	0.11785009861932938	0.19798234552332916	1.0	1.0	0.0	0.75
0.0	0.13008003930848105	0.0	0.0	0.0	0.0	0.0	0.42857142857142855	0.0	0.0	0.0	0.12392104382736702	0.11384995866168564	0.19629699159900504	0.404209913667669	1.0	1.0	0.0	0.75
0.0	0.18192856681521669	0.0	0.32352941176470584	0.0	0.9411764705882353	0.0	0.0	0.0	0.0	0.0	0.20645985998186603	0.13661479813372032	0.23526930108282942	0.3299705758722151	0.0	0.1497584541062802	1.0	0.25
0.0	0.23343775379974477	0.0	0.26190476190476186	0.0	0.0	0.42857142857142855	0.0	0.0	0.0	0.0	0.18567863826753409	0.18213964830657964	0.3129296235679215	0.30271454171367895	0.0	0.1497584541062802	1.0	0.25
0.0	0.05213718402197432	0.0	0.0	0.0	0.0	0.0	0.0	0.0	0.0	0.0	0.020668566369311123	0.06831545009270841	0.039355445777464124	0.2548689925739106	1.0	1.0	0.0	0.75
0.0	0.10406403144678486	0.0	0.0	0.0	0.0	0.3	0.0	0.0	0.0	0.0	0.10326753652280585	0.11384995866168564	0.157037593279204	0.12173828693374723	1.0	1.0	0.0	0.75
0.0	0.026081771278940135	0.0	0.0	0.0	0.0	0.0	0.0	0.0	0.0	0.0	0.020672334567372986	0.056930816654086495	0.0	0.1008827238335435	1.0	1.0	0.0	0.75
0.0	0.0	0.0	0.0	0.0	0.0	0.0	0.0	0.0	0.0	0.0	0.0	0.06831706050854273	0.0	0.10844892812105929	1.0	1.0	0.0	0.75
0.0	0.15570345147809936	0.0	0.0	0.0	0.0	0.22500000000000003	0.0	0.0	0.0	0.0	0.1857124287385564	0.17075903930641845	0.23483997754070746	0.25823175003502874	1.0	1.0	0.0	0.75
0.0	0.07820577603296147	0.0	0.0	0.0	0.0	0.4090909090909091	0.0	0.0	0.0	0.0	0.10334283184655563	0.07970149264518538	0.11806633733239238	0.21675774134790524	1.0	1.0	0.0	0.75
0.0	0.026002894954507857	0.0	0.0	0.0	0.0	0.28125	0.0	0.0	0.0	0.0	0.04129949193299611	0.13661761576362524	0.07847091932457786	0.10970996216897856	1.0	1.0	0.0	0.75
0.0	0.15601736972704713	0.1875	0.0	0.411764705882353	0.0	0.0	0.0	0.0	0.0	0.0	0.16519796773198445	0.12523257961428721	0.19617729831144465	0.36047558998378665	0.16666666666666666	0.06280193236714976	0.3333333333333333	0.25
0.0	0.10385454170054069	0.15789473684210525	0.0	0.23333333333333336	0.0	0.0	0.0	0.0	0.0	0.0	0.1444692911747881	0.1707624603512936	0.11749145559249029	0.24530821155700622	0.16666666666666666	0.06280193236714976	0.3333333333333333	0.25
0.0	0.13014567000439856	0.21428571428571427	0.0	0.3111111111111111	0.0	0.0	0.0	0.0	0.0	0.0	0.14460089009187208	0.11385237394381607	0.11785009861932938	0.437578814627995	0.16666666666666666	0.06280193236714976	0.3333333333333333	0.25
0.0	0.13008003930848105	0.2	0.0	0.4375	0.0	0.0	0.0	0.0	0.0	0.0	0.08261402921824468	0.11384995866168564	0.157037593279204	0.34988844698806876	0.16666666666666666	0.06280193236714976	0.3333333333333333	0.25
0.0	0.0	0.0	0.0	0.0	0.0	0.0	0.0	0.0	0.0	0.0	0.04134466913474597	0.06831706050854273	0.0	0.14880201765447668	1.0	1.0	0.0	0.75
0.0	0.05213718402197432	0.27272727272727276	0.0	0.19444444444444445	0.0	0.0	0.0	0.0	0.0	0.0	0.08267426547724449	0.07970149264518538	0.11806633733239238	0.4297323805520527	0.0	0.391304347826087	0.0	1.0
0.0	0.07828489163845764	0.3333333333333333	0.0	0.46666666666666673	0.0	0.0	0.0	0.0	0.0	0.0	0.08270441655874604	0.05693222581776785	0.11821093786801073	0.4015492704017294	0.16666666666666666	0.06280193236714976	0.3333333333333333	0.25
0.0	0.026055426055426052	0.0	0.0	0.0	0.0	0.0	0.0	0.0	0.0	0.0	0.04132959908949912	0.09108552224904615	0.0	0.08650693568726357	1.0	1.0	0.0	0.75
0.0	0.2060498995097098	0.08571428571428572	0.0	0.19444444444444445	0.0	0.0	0.0	0.0	0.0	0.0	0.30867809918885886	0.27313865909748847	0.27150275884453096	0.1321792961137223	1.0	1.0	0.0	0.75
0.0	0.10432708511576054	0.30000000000000004	0.0	0.42424242424242425	0.0	0.0	0.0	0.0	0.0	0.0	0.10336167283686493	0.06831706050854273	0.15751812447038882	0.3984867591424968	0.16666666666666666	0.06280193236714976	0.3333333333333333	0.25
0.0	0.05224277831872769	0.42857142857142855	0.0	0.875	0.0	0.0	0.0	0.0	0.0	0.0	0.06205094223023029	0.034161348688412356	0.0789039286893364	0.5384615384615384	0.16666666666666666	0.06280193236714976	0.3333333333333333	0.25
0.0	0.05226924375860546	0.5	0.0	1.0	0.0	0.0	0.0	0.0	0.0	0.0	0.04137484221931794	0.022775306207123456	0.07895233600755074	0.5788146279949559	0.16666666666666666	0.06280193236714976	0.3333333333333333	0.25
0.0	0.3348310867032784	0.08571428571428572	0.0	0.12962962962962962	0.0	0.0	0.0	0.0	0.0	0.0	0.3909922589725546	0.3528071531733411	0.46543330087633883	0.22175092666895946	1.0	1.0	0.0	0.75
0.0	0.20760460197079916	0.15000000000000002	0.0	0.0	0.0	0.0	0.0	0.0	0.0	0.0	0.20634714304284046	0.18214327046133172	0.27397997379749206	0.28457335014712065	1.0	1.0	0.0	0.75
0.0	0.026029134000879712	0.0	0.0	0.0	0.0	0.0	0.0	0.0	0.0	0.0	0.12394362007874749	0.11385237394381607	0.11785009861932938	0.1130727196300967	1.0	1.0	0.0	0.75
0.0	0.0	0.0	0.0	0.0	0.0	0.0	0.0	0.0	0.0	0.0	0.04135220827937302	0.05693222581776785	0.039403645956003576	0.13781300666546567	1.0	1.0	0.0	0.75
0.0	0.10411653600351885	0.42857142857142855	0.0	0.3111111111111111	0.0	0.0	0.0	0.0	0.0	0.0	0.14460089009187208	0.11385237394381607	0.1571334648257725	0.5149222362337117	0.0	0.391304347826087	0.0	1.0
0.0	0.05216354255788027	0.30000000000000004	0.0	0.0	0.0	0.0	0.0	0.0	0.0	0.0	0.04134466913474597	0.06831706050854273	0.11813859335279164	0.4073139974779319	0.0	0.391304347826087	0.0	1.0
0.0	0.13001447477253927	0.0	0.0	0.0	0.0	0.0	0.0	0.0	0.0	0.0	0.14454822176548637	0.13661761576362524	0.2354127579737336	0.16447486939290218	1.0	1.0	0.0	0.75
0.0	0.07812682017629013	0.0	0.0	0.0	0.0	0.0	0.0	0.0	0.0	0.0	0.14462723865056226	0.09108350937160292	0.07861472675156243	0.2706637624670412	1.0	1.0	0.0	0.75
0.0	0.05203201572339243	0.2	0.0	0.0	0.0	0.0	0.0	0.0	0.0	0.0	0.08261402921824468	0.12523519607741837	0.039259398319801	0.20011640314288487	1.0	1.0	0.0	0.75
0.0	0.05197959051863334	0.0	0.0	0.0	0.0	0.0	0.0	0.0	0.0	0.0	0.10322992999093301	0.14799963302377941	0.11763465054141471	0.069693148381673	1.0	1.0	0.0	0.75
0.0	0.052058268001759424	0.21428571428571427	0.0	0.15555555555555556	0.0	0.0	0.0	0.0	0.0	0.0	0.08262908005249833	0.10246693525457246	0.11785009861932938	0.2988650693568726	0.0	0.391304347826087	0.0	1.0
0.0	0.026081771278940135	0.30000000000000004	0.0	0.42424242424242425	0.0	0.0	0.0	0.0	0.0	0.0	0.020672334567372986	0.06831706050854273	0.039379531117597205	0.3064312736443884	0.16666666666666666	0.06280193236714976	0.3333333333333333	0.25
0.0	0.05187505639994327	0.0	0.0	0.0	0.0	0.0	0.0	0.0	0.0	0.0	0.02063095980750379	0.15937158845839222	0.039116202945990185	0.04519811508594942	1.0	1.0	0.0	0.75
0.0	0.23238623238623238	0.1	0.0	0.07526881720430108	0.0	0.0	0.0	0.0	0.0	0.0	0.2883612300506034	0.23901815050924244	0.2334201469630732	0.23004863988470536	1.0	1.0	0.0	0.75
0.0	0.026094963879485882	0.0	0.0	0.0	0.0	0.0	0.0	0.0	0.0	0.0	0.08270441655874604	0.05693222581776785	0.039403645956003576	0.07007746352008648	1.0	1.0	0.0	0.75
0.0	0.02604227339209671	0.0	0.0	0.0	0.0	0.0	0.0	0.0	0.0	0.0	0.02066103409293747	0.056926589461989904	0.0	0.013871374527112224	1.0	1.0	0.0	0.75
0.0	0.3368491545287125	0.2608695652173913	0.0	0.19444444444444445	0.0	0.0	0.0	0.0	0.0	0.0	0.26810491384622237	0.21628328683260695	0.50789313904068	0.6114814147601032	0.0	0.391304347826087	0.0	1.0
0.0	0.10422170422170421	0.5	0.0	0.17948717948717952	0.0	0.0	0.0	0.0	0.0	0.0	0.12398879726849735	0.09108552224904615	0.19665694940756065	0.5203026481715007	0.0	0.391304347826087	0.0	1.0
0.0	0.586826954779477	0.1111111111111111	0.0	0.04242424242424243	0.0	0.0	0.0	0.0	0.0	0.0	0.5947268761004131	0.5460967744573269	0.8436325295681673	0.35764865651372596	1.0	1.0	0.0	0.75
0.0	0.0	0.0	0.0	0.0	0.0	0.0	0.0	0.0	0.0	0.0	0.02068742110965897	0.011388257073565803	0.07895233600755074	0.15258511979823458	1.0	1.0	0.0	0.75
0.0	0.18165402672444925	0.30000000000000004	0.0	0.1111111111111111	0.0	0.0	0.0	0.0	0.0	0.0	0.1444430001299883	0.15937480815150518	0.27397997379749206	0.46504133389379293	0.0	0.391304347826087	0.0	1.0
0.0	0.10401157981803143	0.1875	0.0	0.13725490196078433	0.0	0.0	0.0	0.0	0.0	0.0	0.08259898386599222	0.11384754346494917	0.03923545966228893	0.22500450369302827	0.0	0.391304347826087	0.0	1.0
0.0	0.18092595447304866	0.21428571428571427	0.0	0.08045977011494253	0.0	0.0	0.0	0.0	0.0	0.0	0.16483773229444423	0.2276447828384386	0.27265319426336376	0.3176835774565913	0.0	0.391304347826087	0.0	1.0
0.0	0.10401157981803143	0.0	0.0	0.0	0.0	0.0	0.0	0.0	0.0	0.0	0.08259898386599222	0.12523257961428721	0.1177063789868668	0.10754818951540264	1.0	1.0	0.0	0.75
0.0	0.026055426055426052	0.0	0.0	0.0	0.0	0.0	0.0	0.0	0.0	0.0	0.08265919817899824	0.09108552224904615	0.07866277976302426	0.12383354350567466	1.0	1.0	0.0	0.75
0.0	0.10416909356838684	0.23076923076923078	0.0	0.16666666666666666	0.0	0.0	0.0	0.0	0.0	0.0	0.14462723865056226	0.07969786940173193	0.15722945350312487	0.47884901983262645	0.0	0.391304347826087	0.0	1.0
0.0	0.05216354255788027	0.30000000000000004	0.0	0.21212121212121213	0.0	0.0	0.0	0.0	0.0	0.0	0.08268933826949194	0.04554457279963026	0.11813859335279164	0.46027742749054223	0.0	0.391304347826087	0.0	1.0
0.0	0.026002894954507857	0.0	0.0	0.0	0.0	0.0	0.0	0.0	0.0	0.0	0.061949237899494164	0.11384754346494917	0.1177063789868668	0.06935687263556116	1.0	1.0	0.0	0.75
0.0	0.2332032608275702	0.0	0.0	0.0	0.6956521739130435	0.0	0.0	0.0	0.0	0.0	0.14436418437873513	0.19351603186501512	0.15627481201251694	0.14742088512580315	1.0	1.0	0.0	0.75
0.0	0.0782453138368204	0.0	0.0	0.0	0.0	0.0	0.0	0.0	0.0	0.0	0.08268933826949194	0.06831706050854273	0.11813859335279164	0.11727616645649433	1.0	1.0	0.0	0.75
0.0	0.1294273547158645	0.12000000000000001	0.0	0.0	0.32	0.0	0.0	0.0	0.0	0.0	0.16492764378478664	0.21627483618385707	0.19510659140737976	0.19589889796589727	1.0	1.0	0.0	0.75
0.0	0.05226924375860546	0.0	0.0	0.0	0.0	0.0	0.0	0.0	0.0	0.0	0.06206226332897692	0.011388257073565803	0.07895233600755074	0.1878940731399748	1.0	1.0	0.0	0.75
0.0	0.05203201572339243	0.2	0.0	0.0	0.5333333333333333	0.0	0.0	0.0	0.0	0.0	0.06196052191368351	0.12523519607741837	0.078518796639602	0.2660781841109711	1.0	1.0	0.0	0.75
0.0	0.052189927758971764	0.0	0.0	0.0	0.0	0.0	0.0	0.0	0.0	0.0	0.10338052069843257	0.045545780654214274	0.07880729191200715	0.14069537020356696	1.0	1.0	0.0	0.75
0.0	0.2051282051282051	0.06818181818181819	0.0	0.0	0.18181818181818182	0.0	0.0	0.0	0.0	0.0	0.3492646922874967	0.3072298134324669	0.23146098505810736	0.16879841470005416	1.0	1.0	0.0	0.75
0.0	0.07793012626849484	0.0	0.0	0.0	0.4444444444444444	0.0	0.0	0.0	0.0	0.0	0.06192668219663616	0.1479966142413267	0.11756300946313125	0.30201765447667084	1.0	1.0	0.0	0.75
0.0	0.23180613694842353	0.0	0.15714285714285714	0.0	0.0	0.0	0.17647058823529413	0.0	0.0	0.0	0.3498351790807067	0.23899501877926588	0.34907497565725415	0.2309220833810999	1.0	1.0	0.0	0.75
0.0	0.02606859201098716	0.0	0.0	0.0	0.0	0.0	0.0	0.0	0.0	0.0	0.020668566369311123	0.06831545009270841	0.07871089155492825	0.17752557096819394	1.0	1.0	0.0	0.75
0.0	0.07800868486352357	0.0	0.34375	0.0	0.5	0.0	0.0	0.0	0.0	0.0	0.14454822176548637	0.10246250731561114	0.19617729831144465	0.2646370023419204	0.0	0.1497584541062802	1.0	0.25
0.0	0.20553682705077125	0.0	0.0	0.0	0.2	0.0	0.0	0.0	0.0	0.0	0.26727847984161934	0.3869145937032704	0.3093565088757397	0.2371407712218756	1.0	1.0	0.0	0.75
0.0	0.20574174911163942	0.0	0.0	0.0	0.21052631578947367	0.0	0.0	0.0	0.0	0.0	0.26737544283085996	0.33002602240956647	0.34844487642321575	0.20078464340759425	1.0	1.0	0.0	0.75
0.0	0.10422170422170421	0.0	0.0	0.0	0.0	0.0	0.0	0.0	0.0	0.0	0.061994398634248674	0.06831383973381548	0.11799416964453639	0.20050441361916777	1.0	1.0	0.0	0.75
0.0	0.1811982966022103	0.12000000000000001	0.22	0.0	0.32	0.0	0.0	0.0	0.0	0.0	0.185543599257885	0.19350838603995574	0.27314922797033164	0.314765063874116	0.0	0.1497584541062802	1.0	0.25
0.0	0.15578181255081103	0.0	0.0	0.0	0.8421052631578947	0.0	0.0	0.0	0.0	0.0	0.1444692911747881	0.1366091631727523	0.11749145559249029	0.1479860544469995	1.0	1.0	0.0	0.75
0.0	0.10385454170054069	0.0	0.0	0.0	0.0	0.0	0.0	0.0	0.0	0.0	0.10319235083913435	0.1707624603512936	0.1566552741233204	0.081522142274312	1.0	1.0	0.0	0.75
0.0	0.23192192422961655	0.0	0.0	0.0	0.0	0.0	0.0	0.0	0.0	0.0	0.3087341307915433	0.3072881322222311	0.3880950171661872	0.08480453972257251	1.0	1.0	0.0	0.75
0.0	0.10395918103726667	0.0	0.0	0.0	0.0	0.0	0.0	0.0	0.0	0.0	0.10322992999093301	0.13661479813372032	0.1568462007218863	0.05960487599831863	1.0	1.0	0.0	0.75
0.0	0.0	0.0	0.0	0.0	0.0	0.0	0.0	0.0	0.0	0.0	0.04134466913474597	0.04554457279963026	0.0	0.08070617906683483	1.0	1.0	0.0	0.75
0.0	0.10437985551794353	0.6666666666666666	0.0	0.23333333333333336	0.0	0.0	0.0	0.0	0.0	0.0	0.10338052069843257	0.05693222581776785	0.1576145838240143	0.5917852639164115	0.0	0.391304347826087	0.0	1.0
0.0	0.23379037880548456	0.3333333333333333	0.0	0.24561403508771928	0.0	0.0	0.0	0.0	0.0	0.0	0.16513781919102977	0.1479966142413267	0.2351260189262625	0.6097099621689787	0.0	0.391304347826087	0.0	1.0
0.0	0.13021136696048355	0.46153846153846156	0.0	0.16666666666666666	0.0	0.0	0.0	0.0	0.0	0.0	0.14462723865056226	0.10246914934147393	0.19653681687890606	0.4467499713401354	0.0	0.391304347826087	0.0	1.0
0.0	0.12981817712567587	0.3157894736842105	0.28947368421052627	0.11666666666666668	0.0	0.0	0.0	0.0	0.0	0.0	0.12383082100696123	0.1707624603512936	0.1566552741233204	0.4239299755211038	0.0	0.391304347826087	0.0	1.0
0.0	0.15633255633255633	0.5	0.4583333333333333	0.17948717948717952	0.0	0.0	0.0	0.0	0.0	0.0	0.12398879726849735	0.09108552224904615	0.19665694940756065	0.7361916771752839	0.0	0.391304347826087	0.0	1.0
0.0	0.052058268001759424	0.21428571428571427	0.0	0.0	0.0	0.0	0.0	0.0	0.0	0.0	0.08262908005249833	0.10246693525457246	0.07856673241288625	0.22740647330811273	1.0	1.0	0.0	0.75
0.0	0.13008003930848105	0.4	0.0	0.14583333333333334	0.0	0.0	0.0	0.0	0.0	0.0	0.08261402921824468	0.12523519607741837	0.19629699159900504	0.6269279270540306	0.0	0.391304347826087	0.0	1.0
0.0	0.05213718402197432	0.5454545454545455	0.0	0.19444444444444445	0.0	0.0	0.0	0.0	0.0	0.0	0.041337132738622245	0.06831545009270841	0.11806633733239238	0.4599971977021157	0.0	0.391304347826087	0.0	1.0
0.0	0.17957643218707364	0.06976744186046512	0.0	0.0	0.0	0.0	0.0	0.0	0.0	0.0	0.4315228084709781	0.29585603973881913	0.34739975081906693	0.2724756251345617	1.0	1.0	0.0	0.75
0.0	0.2845973818892575	0.23076923076923078	0.0	0.08641975308641975	0.0	0.1730769230769231	0.0	0.0	0.0	0.0	0.3916319481801083	0.2504196827136169	0.428974358974359	0.35729298024379985	0.0	0.391304347826087	0.0	1.0
0.0	0.28289490502850423	0.15789473684210525	0.28947368421052627	0.05982905982905983	0.0	0.0	0.0	0.0	0.0	0.0	0.26737544283085996	0.20483931143848874	0.5033092659446451	0.2576712904581758	0.0	0.1497584541062802	1.0	0.25
0.0	0.0	0.0	0.0	0.0	0.0	0.0	0.0	0.0	0.0	0.0	0.06205094223023029	0.034161348688412356	0.0	0.09255989911727616	1.0	1.0	0.0	0.75
0.0	0.41313107979774644	0.2	0.0	0.07526881720430108	0.0	0.0	0.0	0.0	0.11666666666666667	0.0	0.4531390757938053	0.23901815050924244	0.5446470095805042	0.27832822914790123	1.0	1.0	0.0	0.75
0.0	0.25989795259316667	0.35294117647058826	0.0	0.12962962962962962	0.0	0.0	0.375	0.0	0.2058823529411765	0.0	0.24775183197823922	0.13661479813372032	0.3921155018047157	0.4833123160992014	0.0	0.391304347826087	0.0	1.0
0.0	0.13014567000439856	0.0	0.0	0.0	0.0	0.0	0.0	0.0	0.25	0.0	0.10328635006562291	0.11385237394381607	0.23570019723865876	0.30054644808743175	0.08333333333333333	0.0	0.3333333333333333	0.0
0.0	0.10406403144678486	0.4	0.0	0.14583333333333334	0.0	0.0	0.0	0.0	0.0	0.0	0.16522805843648936	0.10246472124595292	0.078518796639602	0.31419148317004564	0.0	0.391304347826087	0.0	1.0
0.0	0.30815177853505377	0.14634146341463417	0.2682926829268293	0.05555555555555555	0.0	0.0	0.0	0.0	0.0	0.0	0.2877861804620325	0.42104737491655175	0.5024024024024024	0.37704918032786877	0.0	0.1497584541062802	1.0	0.25
0.0	0.15633255633255633	0.0	0.0	0.0	0.0	0.0	0.0	0.0	0.0	0.0	0.10332399772374778	0.09108552224904615	0.19665694940756065	0.22269861286254733	1.0	1.0	0.0	0.75
0.0	0.20760460197079916	0.15000000000000002	0.0	0.0	0.0	0.0	0.0	0.0	0.0	0.0	0.1444430001299883	0.18214327046133172	0.27397997379749206	0.24926439680538043	1.0	1.0	0.0	0.75
0.0	0.20770908340108138	0.15789473684210525	0.0	0.0	0.0	0.0	0.0	0.0	0.0	0.0	0.18574623151044184	0.1479935955655994	0.27414672971581067	0.36458719679549	1.0	1.0	0.0	0.75
0.0	0.6344041267799261	0.09230769230769231	0.0	0.03535353535353536	0.0	0.0	0.0	0.0	0.0	0.0	0.5730789066529139	0.6938636264157876	0.9905269390171699	0.3748073420204567	1.0	1.0	0.0	0.75
0.0	0.38692307692307687	0.09375	0.0	0.0	0.0	0.0	0.0	0.0	0.0	0.0	0.32943600538090667	0.28453616474473903	0.6217019695280565	0.28020176544766695	1.0	1.0	0.0	0.75
0.0	0.10432708511576054	0.6000000000000001	0.0	0.21212121212121213	0.0	0.0	0.0	0.0	0.0	0.0	0.10336167283686493	0.06831706050854273	0.07875906223519441	0.5132408575031526	0.0	0.391304347826087	0.0	1.0
0.0	0.15586025253698968	0.3333333333333333	0.3055555555555555	0.12280701754385964	0.0	0.0	0.0	0.0	0.0	0.0	0.14449559179215105	0.1479966142413267	0.2743136887473063	0.4092055485498108	0.0	0.391304347826087	0.0	1.0
0.0	0.05226924375860546	0.0	0.0	0.0	0.0	0.0	0.0	0.0	0.0	0.0	0.06206226332897692	0.011388257073565803	0.07895233600755074	0.23076923076923078	1.0	1.0	0.0	0.75
0.0	0.05226924375860546	0.0	0.0	0.0	0.0	0.0	0.0	0.0	0.0	0.0	0.06206226332897692	0.011388257073565803	0.07895233600755074	0.23581336696090796	1.0	1.0	0.0	0.75
0.0	0.05226924375860546	0.0	0.0	0.0	0.0	0.0	0.0	0.0	0.0	0.0	0.06206226332897692	0.011388257073565803	0.07895233600755074	0.28877679697351827	1.0	1.0	0.0	0.75
0.0	0.05226924375860546	0.0	0.0	0.0	0.0	0.0	0.0	0.0	0.0	0.0	0.06206226332897692	0.011388257073565803	0.07895233600755074	0.30895334174022704	1.0	1.0	0.0	0.75
0.0	0.0	0.0	0.0	0.0	0.0	0.0	0.0	0.0	0.0	0.0	0.10336167283686493	0.034158328945174024	0.0	0.23203026481715008	1.0	1.0	0.0	0.75
0.0	0.1811982966022103	0.24000000000000002	0.22	0.08974358974358976	0.0	0.0	0.0	0.0	0.0	0.0	0.22677551020408165	0.22765806125580776	0.27314922797033164	0.3687153900981413	0.0	0.391304347826087	0.0	1.0
0.0	0.0	0.0	0.0	0.0	0.0	0.0	0.0	0.0	0.0	0.0	0.04134466913474597	0.056930816654086495	0.0	0.07692307692307693	1.0	1.0	0.0	0.75
0.0	0.052005789909015714	0.0	0.0	0.0	0.0	0.0	0.0	0.0	0.0	0.0	0.061949237899494164	0.13661761576362524	0.03923545966228893	0.22572509457755366	1.0	1.0	0.0	0.75
0.0	0.02614786801304794	0.0	0.0	0.0	0.0	0.0	0.0	0.0	0.0	0.0	0.0206911961865038	0.011388861086285727	0.0	0.1450189155107188	1.0	1.0	0.0	0.75
0.0	0.07836416747809152	0.8571428571428571	0.0	0.2916666666666667	0.0	0.0	0.0	0.0	0.0	0.0	0.06205094223023029	0.034161348688412356	0.0789039286893364	0.8491803278688527	0.0	0.391304347826087	0.0	1.0
0.0	0.07840386563790819	1.0	0.0	0.3333333333333333	0.0	0.0	0.0	0.0	0.0	0.0	0.04137484221931794	0.022775306207123456	0.07895233600755074	0.9672131147540983	0.0	0.391304347826087	0.0	1.0
0.0	0.2592449426620281	0.27272727272727276	0.0	0.2028985507246377	0.0	0.0	0.0	0.0	0.0	0.0	0.18564486009066172	0.20490368368065387	0.3518319469109263	0.616645649432535	0.0	0.391304347826087	0.0	1.0
0.0	0.3365111222612477	0.24000000000000002	0.0	0.08974358974358976	0.0	0.0	0.0	0.0	0.0	0.0	0.185543599257885	0.20489161111190643	0.46825581937771144	0.514776029387576	0.0	0.391304347826087	0.0	1.0
0.0	0.20760460197079916	0.30000000000000004	0.0	0.1111111111111111	0.0	0.0	0.0	0.0	0.0	0.0	0.10317357152142023	0.17075903930641845	0.23483997754070746	0.4790528233151184	0.0	0.391304347826087	0.0	1.0
0.0	0.10411653600351885	0.42857142857142855	0.0	0.15555555555555556	0.0	0.0	0.0	0.0	0.0	0.0	0.10328635006562291	0.09108149656532885	0.19641683103221563	0.4190836485918454	0.0	0.391304347826087	0.0	1.0
0.0	0.05226924375860546	0.0	0.0	0.0	0.0	0.0	0.0	0.0	0.0	0.0	0.06206226332897692	0.011388257073565803	0.07895233600755074	0.23076923076923078	1.0	1.0	0.0	0.75
0.0	0.05226924375860546	0.0	0.0	0.0	0.0	0.0	0.0	0.0	0.0	0.0	0.06206226332897692	0.011388257073565803	0.07895233600755074	0.23581336696090796	1.0	1.0	0.0	0.75
0.0	0.052110852110852104	0.0	0.0	0.0	0.0	0.0	0.0	0.0	0.0	0.0	0.12398879726849735	0.04554215721858484	0.07866277976302426	0.27818411097099627	1.0	1.0	0.0	0.75
0.0	0.05226924375860546	0.0	0.0	0.0	0.0	0.0	0.0	0.0	0.0	0.0	0.06206226332897692	0.011388257073565803	0.07895233600755074	0.30895334174022704	1.0	1.0	0.0	0.75
0.0	0.2604227339209671	0.46153846153846156	0.0	0.16666666666666666	0.0	0.0	0.0	0.0	0.0	0.0	0.18594930683643723	0.10246914934147393	0.31445890700624973	0.5063624899690473	0.0	0.391304347826087	0.0	1.0
0.0	0.12988354378082473	0.3333333333333333	0.0	0.12280701754385964	0.0	0.0	0.0	0.0	0.0	0.0	0.22706450138766596	0.15938124787922228	0.19593834910521876	0.35435056746532156	0.0	0.391304347826087	0.0	1.0
0.0	0.1296876409998582	0.14285714285714285	0.0	0.0	0.0	0.0	0.0	0.0	0.0	0.0	0.16504767846003032	0.18213964830657964	0.23469721767594107	0.3005906948961305	1.0	1.0	0.0	0.75
0.0	0.10432708511576054	0.30000000000000004	0.0	0.0	0.0	0.0	0.0	0.0	0.0	0.0	0.10336167283686493	0.06831706050854273	0.11813859335279164	0.43001261034047916	0.0	0.391304347826087	0.0	1.0
0.0	0.026094963879485882	0.0	0.0	0.0	0.0	0.0	0.0	0.0	0.0	0.0	0.06202831241905953	0.05693222581776785	0.07880729191200715	0.15798955143217439	1.0	1.0	0.0	0.75
0.0	0.18156269739980146	0.2857142857142857	0.0	0.10606060606060606	0.0	0.0	0.0	0.0	0.0	0.0	0.2063095980750379	0.19352367823067337	0.3129296235679215	0.3781111037366429	0.0	0.391304347826087	0.0	1.0
0.0	0.07820577603296147	0.27272727272727276	0.0	0.0	0.0	0.0	0.0	0.0	0.0	0.0	0.062005699107933375	0.07970149264518538	0.07871089155492825	0.37256550371304475	0.0	0.391304347826087	0.0	1.0
0.0	0.0782453138368204	0.0	0.0	0.0	0.0	0.0	0.0	0.0	0.0	0.0	0.04134466913474597	0.056930816654086495	0.07875906223519441	0.1462799495586381	1.0	1.0	0.0	0.75
0.0	0.05226924375860546	0.0	0.0	0.0	0.0	0.0	0.0	0.0	0.0	0.0	0.06206226332897692	0.011388257073565803	0.07895233600755074	0.23076923076923078	1.0	1.0	0.0	0.75
0.0	0.05226924375860546	0.0	0.0	0.0	0.0	0.0	0.0	0.0	0.0	0.0	0.06206226332897692	0.011388257073565803	0.07895233600755074	0.23581336696090796	1.0	1.0	0.0	0.75
0.0	0.0	0.0	0.0	0.0	0.0	0.0	0.0	0.0	0.0	0.0	0.08270441655874604	0.022772890327107144	0.0	0.2430192758061611	1.0	1.0	0.0	0.75
0.0	0.07816627816627816	0.0	0.4583333333333333	0.0	0.0	0.0	0.0	0.0	0.0	0.0	0.061994398634248674	0.06831383973381548	0.07866277976302426	0.13795712484237074	0.0	0.1497584541062802	1.0	0.25
0.0	0.31015877909665485	0.21428571428571427	0.0	0.08045977011494253	0.0	0.0	0.0	0.0	0.0	0.0	0.32967546458888847	0.27317526886853777	0.3895045632333768	0.44378698224852076	0.0	0.391304347826087	0.0	1.0
0.0	0.3353333333333333	0.09375	0.0	0.0	0.0	0.0	0.0	0.0	0.0	0.0	0.3088462550446	0.23900889732668776	0.38856373095503527	0.26944094157208914	1.0	1.0	0.0	0.75
0.0	0.10364589370114233	0.0	0.0	0.0	0.0	0.0	0.0	0.0	0.0	0.0	0.164987639289983	0.21628328683260695	0.1172061090093877	0.1301267038971957	1.0	1.0	0.0	0.75
0.0	0.02613462187930273	0.0	0.0	0.0	0.0	0.0	0.0	0.0	0.0	0.0	0.02068742110965897	0.022775306207123456	0.03947616800377537	0.44514501891551067	1.0	1.0	0.0	0.75
0.0	0.02604227339209671	0.0	0.0	0.0	0.0	0.0	0.0	0.0	0.0	1.0	0.04132206818587494	0.09108350937160292	0.03930736337578122	0.13493064312736444	1.0	1.0	0.0	0.75
0.0	0.07785172573904968	0.0	0.0	0.0	0.0	0.0	0.0	0.0	0.0	0.0	0.12380828582570427	0.18214327046133172	0.11741998877035373	0.17528373266078187	1.0	1.0	0.0	0.75
0.0	0.18211205503187347	0.4	0.0	0.14583333333333334	0.0	0.0	0.0	0.0	0.0	0.0	0.16522805843648936	0.10246472124595292	0.353334584878209	0.6680570375400137	0.0	0.391304347826087	0.0	1.0
0.0	0.3331677430038086	0.0	0.0	0.0	0.0	0.0	0.0	0.0	0.0	0.0	0.3697426796805679	0.46653281793512236	0.5783057565562059	0.1799759523739699	1.0	1.0	0.0	0.75
0.0	0.10385454170054069	0.0	0.0	0.0	0.0	0.0	0.0	0.0	0.0	0.0	0.16510776134261496	0.1707624603512936	0.1566552741233204	0.19664713300200287	1.0	1.0	0.0	0.75
0.0	0.15562516919982983	0.0	0.0	0.0	0.0	0.0	0.0	0.0	0.0	0.0	0.2063095980750379	0.18213964830657964	0.23469721767594107	0.13864737505807392	1.0	1.0	0.0	0.75
0.0	0.10406403144678486	0.0	0.0	0.0	0.0	0.0	0.0	0.0	0.0	0.0	0.1445745511319282	0.11384995866168564	0.157037593279204	0.12639441264914153	1.0	1.0	0.0	0.75
0.0	0.36094773126257385	0.0	0.3333333333333333	0.0	0.0	0.0	0.0	0.0	0.0	0.0	0.3087901827397626	0.307293965234912	0.4271621558887702	0.24459992677866818	0.0	0.1497584541062802	1.0	0.25
0.0	0.10422170422170421	0.25	0.0	0.0	0.0	0.0	0.0	0.0	0.0	0.0	0.12398879726849735	0.09108552224904615	0.11799416964453639	0.39722572509457765	1.0	1.0	0.0	0.75
0.0	0.25756237438713725	0.08571428571428572	0.0	0.0	0.0	0.0	0.0	0.0	0.0	0.0	0.28809955924293495	0.3414259397339336	0.4266471924699773	0.2825862661928236	1.0	1.0	0.0	0.75
0.0	0.02604227339209671	0.0	0.0	0.0	0.0	0.0	0.0	0.0	0.0	0.0	0.10330517046468733	0.09108350937160292	0.03930736337578122	0.24406740800183427	1.0	1.0	0.0	0.75
0.0	0.15625364035258027	0.46153846153846156	0.0	0.16666666666666666	0.0	0.0	0.0	0.0	0.0	0.0	0.10330517046468733	0.09108350937160292	0.19653681687890606	0.5668921242691735	0.0	0.391304347826087	0.0	1.0
0.0	0.15586025253698968	0.16666666666666666	0.0	0.0	0.0	0.0	0.0	0.0	0.0	0.0	0.14449559179215105	0.1479966142413267	0.19593834910521876	0.5012610340479193	1.0	1.0	0.0	0.75
0.0	0.026121389159363843	0.0	0.0	0.0	0.0	0.0	0.0	0.0	0.0	0.0	0.04136729482015353	0.034161348688412356	0.0	0.07440100882723834	1.0	1.0	0.0	0.75
0.0	0.1564906276736408	0.6000000000000001	0.0	0.21212121212121213	0.0	0.0	0.0	0.0	0.0	0.0	0.10336167283686493	0.06831706050854273	0.11813859335279164	0.5851197982345523	0.0	0.391304347826087	0.0	1.0
0.0	0.25989795259316667	0.35294117647058826	0.0	0.12962962962962962	0.0	0.0	0.0	0.0	0.0	0.0	0.18581387398367943	0.14799963302377941	0.23526930108282942	0.6467423287095416	0.0	0.391304347826087	0.0	1.0
0.0	0.05221633966573237	0.0	0.0	0.0	0.0	0.0	0.0	0.0	0.0	0.0	0.04135975017400723	0.04554698855150886	0.03942779034690799	0.07271963009667928	1.0	1.0	0.0	0.75
0.0	0.20584436345034846	0.08108108108108109	0.0	0.0	0.0	0.0	0.0	0.0	0.0	0.0	0.2879950238440805	0.37555550161039614	0.3873940628907516	0.30816069176724914	1.0	1.0	0.0	0.75
0.0	0.10401157981803143	0.1875	0.0	0.0	0.0	0.0	0.0	0.0	0.0	0.0	0.08259898386599222	0.13661761576362524	0.1177063789868668	0.36768149882903983	1.0	1.0	0.0	0.75
0.0	0.20656553989887322	0.0	0.0	0.0	0.0	0.0	0.0	0.0	0.0	0.15053763440860216	0.3501529222043041	0.2959292463432314	0.35013022044460984	0.18933525490902545	1.0	1.0	0.0	0.75
0.0	0.07804802358508864	0.2	0.0	0.0	0.0	0.0	0.0	0.0	0.0	0.0	0.16522805843648936	0.12523519607741837	0.157037593279204	0.32738383936366283	1.0	1.0	0.0	0.75
0.0	0.3623965932044206	0.24000000000000002	0.0	0.08974358974358976	0.0	0.0	0.0	0.0	0.0	0.0	0.22677551020408165	0.22765806125580776	0.27314922797033164	0.4327539887055212	0.0	0.391304347826087	0.0	1.0
0.0	0.1823879823879824	0.5	0.0	0.17948717948717952	0.0	0.0	0.0	0.0	0.0	0.35897435897435903	0.1446535968132469	0.07969968099143082	0.19665694940756065	0.4970996216897857	0.0	0.391304347826087	0.0	1.0
0.0	0.0	0.0	0.0	0.0	0.0	0.0	0.0	0.0	0.0	0.0	0.06205094223023029	0.01138765308220456	0.0	0.23177805800756623	1.0	1.0	0.0	0.75
0.0	0.13008003930848105	0.0	0.0	0.0	0.0	0.0	0.0	0.0	0.0	0.0	0.10326753652280585	0.12523519607741837	0.157037593279204	0.3359200698418858	1.0	1.0	0.0	0.75
0.0	0.07836416747809152	0.8571428571428571	0.0	0.2916666666666667	0.0	0.0	0.0	0.0	0.0	0.0	0.06205094223023029	0.034161348688412356	0.0789039286893364	0.8754098360655738	0.0	0.391304347826087	0.0	1.0
0.0	0.07840386563790819	1.0	0.0	0.3333333333333333	0.0	0.0	0.0	0.0	0.0	0.0	0.04137484221931794	0.022775306207123456	0.07895233600755074	1.0	0.0	0.391304347826087	0.0	1.0
0.0	0.38692307692307687	0.1875	0.0	0.07070707070707072	0.0	0.0	0.0	0.0	0.0	0.0	0.32943600538090667	0.3186816153082775	0.5051328502415459	0.4772593526691887	1.0	1.0	0.0	0.75
0.0	0.13027713027713028	0.5	0.0	0.17948717948717952	0.0	0.0	0.0	0.0	0.0	0.0	0.1446535968132469	0.09108552224904615	0.19665694940756065	0.46481715006305174	0.0	0.391304347826087	0.0	1.0
0.0	0.10416909356838684	0.46153846153846156	0.0	0.16666666666666666	0.0	0.0	0.0	0.0	0.0	0.0	0.10330517046468733	0.10246914934147393	0.15722945350312487	0.753066605525622	0.0	0.391304347826087	0.0	1.0
0.0	0.0	0.0	0.0	0.0	0.0	0.0	0.0	0.0	0.0	0.0	0.06206226332897692	0.022775306207123456	0.0	0.041614123581336704	1.0	1.0	0.0	0.75
0.0	0.1823879823879824	0.5	0.0	0.17948717948717952	0.0	0.0	0.0	0.0	0.0	0.0	0.1446535968132469	0.09108552224904615	0.23598833928907278	0.8552332912988649	0.0	0.391304347826087	0.0	1.0
0.0	0.1824801440769101	0.5454545454545455	0.0	0.19444444444444445	0.0	0.0	0.0	0.0	0.0	0.0	0.12401139821586675	0.07970149264518538	0.23613267466478477	0.9083648591845316	0.0	0.391304347826087	0.0	1.0
0.0	0.15586025253698968	0.3333333333333333	0.0	0.12280701754385964	0.0	0.0	0.0	0.0	0.0	0.0	0.16513781919102977	0.1479966142413267	0.2351260189262625	0.610970996216898	0.0	0.391304347826087	0.0	1.0
0.0	0.23343775379974477	0.2857142857142857	0.0	0.10606060606060606	0.0	0.0	0.0	0.0	0.0	0.0	0.24757151769004546	0.18213964830657964	0.3520458265139116	0.5692573173159886	0.0	0.391304347826087	0.0	1.0
0.0	0.13021136696048355	0.46153846153846156	0.0	0.16666666666666666	0.0	0.0	0.0	0.0	0.0	0.0	0.12396620455762482	0.10246914934147393	0.19653681687890606	0.4467499713401353	0.0	0.391304347826087	0.0	1.0
0.0	0.13021136696048355	0.46153846153846156	0.0	0.16666666666666666	0.0	0.0	0.0	0.0	0.0	0.0	0.10330517046468733	0.10246914934147393	0.15722945350312487	0.5402957698039665	0.0	0.391304347826087	0.0	1.0
0.0	0.0	0.0	0.0	0.0	0.0	0.0	0.0	0.0	0.0	0.0	0.06205094223023029	0.034161348688412356	0.0	0.05624211853720051	1.0	1.0	0.0	0.75
0.0	0.28219153629397287	0.06976744186046512	0.0	0.0	0.0	0.0	0.0	0.0	0.0	0.0	0.32877928264455475	0.432411295481359	0.46319966775875593	0.16494940485344325	1.0	1.0	0.0	0.75
0.0	0.05224277831872769	0.0	0.0	0.0	0.0	0.0	0.0	0.0	0.0	0.0	0.08273458964030705	0.02277450088530846	0.0789039286893364	0.24590163934426237	1.0	1.0	0.0	0.75
0.0	0.0	0.0	0.0	0.0	0.0	0.0	0.0	0.0	0.0	0.0	0.08271950034801447	0.02277369559197019	0.0	0.24085750315258517	1.0	1.0	0.0	0.75
0.0	0.15546884055171348	0.0	0.23913043478260868	0.0	0.0	0.0	0.0	0.0	0.0	0.0	0.22685800402372666	0.21628328683260695	0.15627481201251694	0.18633279289017	0.0	0.1497584541062802	1.0	0.25
0.0	0.07828489163845764	0.0	0.0	0.0	0.0	0.0	0.0	0.0	0.0	0.0	0.08270441655874604	0.05693222581776785	0.039403645956003576	0.2516663664204648	1.0	1.0	0.0	0.75
0.0	0.026081771278940135	0.0	0.0	0.0	0.0	0.0	0.0	0.0	0.0	0.0	0.020672334567372986	0.056930816654086495	0.039379531117597205	0.22320302648171492	1.0	1.0	0.0	0.75
0.0	0.026081771278940135	0.0	0.0	0.0	0.0	0.0	0.0	0.0	0.0	0.0	0.062017003702118954	0.06831706050854273	0.07875906223519441	0.14880201765447668	1.0	1.0	0.0	0.75
0.0	0.052110852110852104	0.0	0.0	0.0	0.0	0.0	0.0	0.0	0.0	0.0	0.061994398634248674	0.09108552224904615	0.15732555952604851	0.10870113493064315	1.0	1.0	0.0	0.75
0.0	0.2573054543129356	0.16216216216216217	0.14864864864864866	0.06140350877192982	0.0	0.0	0.0	0.0	0.0	0.0	0.3702793163709606	0.3527938792139673	0.3873940628907516	0.2874076742929204	1.0	1.0	0.0	0.75
0.0	0.0	0.0	0.0	0.0	0.0	0.0	0.0	0.0	0.0	0.0	0.020679875087003616	0.04554698855150886	0.03942779034690799	0.1483816729718369	1.0	1.0	0.0	0.75
0.0	0.02613462187930273	0.0	0.0	0.0	0.0	0.0	0.0	0.0	0.0	0.0	0.02068742110965897	0.022775306207123456	0.03947616800377537	0.38461538461538464	1.0	1.0	0.0	0.75
0.0	0.3614896948230281	0.2	0.0	0.07526881720430108	0.0	0.0	0.0	0.0	0.0	0.0	0.32955569148640385	0.2959292463432314	0.5446470095805042	0.6198883084128984	1.0	1.0	0.0	0.75
0.0	0.2592449426620281	0.27272727272727276	0.0	0.10144927536231885	0.0	0.0	0.0	0.0	0.0	0.0	0.26815368679762247	0.1935198549802658	0.3518319469109263	0.5379571248423707	0.0	0.391304347826087	0.0	1.0
0.0	0.0	0.0	0.0	0.0	0.0	0.0	0.0	0.0	0.0	0.0	0.0	0.022775306207123456	0.0	0.15006305170239598	1.0	1.0	0.0	0.75
0.0	0.052189927758971764	0.0	0.611111111111111	0.0	0.0	0.0	0.0	0.0	0.0	0.0	0.10338052069843257	0.045545780654214274	0.07880729191200715	0.4246081787065394	0.0	0.1497584541062802	1.0	0.25
0.0	0.18183696129315463	0.0	0.3055555555555555	0.0	0.0	0.0	0.0	0.0	0.0	0.0	0.18578004658990852	0.15938124787922228	0.2743136887473063	0.3694829760403531	0.0	0.1497584541062802	1.0	0.25
0.0	0.15570345147809936	0.30000000000000004	0.275	0.1111111111111111	0.0	0.0	0.0	0.0	0.0	0.0	0.16507771443427235	0.17075903930641845	0.23483997754070746	0.4599971977021157	0.0	0.391304347826087	0.0	1.0
0.0	0.15609604717017728	0.4	0.0	0.14583333333333334	0.0	0.0	0.0	0.0	0.0	0.0	0.10326753652280585	0.11384995866168564	0.23555638991880604	0.6471044718207392	0.0	0.391304347826087	0.0	1.0
0.0	0.10406403144678486	0.0	0.0	0.0	0.0	0.0	0.0	0.0	0.0	0.0	0.06196052191368351	0.11384995866168564	0.157037593279204	0.26219807934814243	1.0	1.0	0.0	0.75
0.0	0.02614786801304794	0.0	0.0	0.0	0.0	0.0	0.0	0.0	0.0	0.0	0.0206911961865038	0.011388861086285727	0.0	0.010508617065994118	1.0	1.0	0.0	0.75
0.0	0.13040885639470068	0.6000000000000001	0.0	0.21212121212121213	0.0	0.0	0.0	0.0	0.0	0.0	0.12403400740423791	0.06831706050854273	0.15751812447038882	0.6860025220680959	0.0	0.391304347826087	0.0	1.0
0.0	0.026108169832866186	0.0	0.0	0.0	0.0	0.0	0.0	0.0	0.0	0.0	0.020679875087003616	0.04554698855150886	0.07885558069381599	0.2879361076082388	1.0	1.0	0.0	0.75
0.0	0.10411653600351885	0.0	0.0	0.0	0.0	0.0	0.0	0.0	0.0	0.0	0.10328635006562291	0.11385237394381607	0.11785009861932938	0.22572509457755366	1.0	1.0	0.0	0.75
0.0	0.05226924375860546	0.0	0.0	0.0	0.0	0.75	0.0	0.0	0.0	0.0	0.04137484221931794	0.011388257073565803	0.03947616800377537	0.16015132408575034	1.0	1.0	0.0	0.75
0.0	0.23250260005392706	0.20689655172413793	0.3793103448275862	0.07777777777777778	0.0	0.15517241379310345	0.0	0.0	0.0	0.0	0.2884136212624585	0.28455245868025125	0.3114151426311136	0.35761991499696427	0.0	0.1497584541062802	1.0	0.25
0.0	0.10401157981803143	0.0	0.34375	0.0	0.0	0.0	0.0	0.0	0.0	0.0	0.16519796773198445	0.11384754346494917	0.15694183864915573	0.17023959646910466	0.0	0.1497584541062802	1.0	0.25
0.0	0.23355517721714905	0.15000000000000002	0.275	0.1111111111111111	0.0	0.0	0.0	0.0	0.0	0.0	0.20634714304284046	0.17075903930641845	0.3913999625678458	0.5591985428051003	0.0	0.1497584541062802	1.0	0.25
0.0	0.31172050507397936	0.3333333333333333	0.3055555555555555	0.24561403508771928	0.8888888888888888	0.5	0.35294117647058826	0.0	0.0	0.0	0.24770672878654465	0.1479966142413267	0.4310643680314813	0.7042875157629257	0.16666666666666666	0.06280193236714976	0.3333333333333333	0.25
0.0	0.4398323174652161	0.23076923076923078	0.0	0.08641975308641975	0.0	0.0	0.0	0.0	0.0	0.0	0.22673428578848376	0.2504196827136169	0.506969696969697	0.5451870533837747	0.0	0.391304347826087	0.0	1.0
0.0	0.12994897629658334	0.35294117647058826	0.0	0.12962962962962962	0.0	0.0	0.0	0.0	0.0	0.0	0.10322992999093301	0.14799963302377941	0.19605775090235786	0.3851197982345524	0.0	0.391304347826087	0.0	1.0
0.0	0.13001447477253927	0.1875	0.0	0.0	0.0	0.0	0.0	0.0	0.0	0.0	0.12389847579898833	0.11384754346494917	0.15694183864915573	0.22284273103945246	1.0	1.0	0.0	0.75
0.0	0.1296876409998582	0.14285714285714285	0.0	0.0	0.0	0.0	0.0	0.0	0.0	0.0	0.12378575884502273	0.18213964830657964	0.15646481178396074	0.18908873697484568	1.0	1.0	0.0	0.75
0.0	0.07800868486352357	0.0	0.0	0.0	0.0	0.0	0.0	0.0	0.0	0.0	0.08259898386599222	0.13661761576362524	0.07847091932457786	0.27832822914790123	1.0	1.0	0.0	0.75
0.0	0.15641155206592294	0.5454545454545455	1.0	0.19444444444444445	0.0	0.0	0.0	0.0	0.0	0.0	0.12401139821586675	0.07970149264518538	0.23613267466478477	0.7379851478212134	0.0	0.391304347826087	0.0	1.0
0.0	0.1823879823879824	0.0	0.9166666666666666	0.0	0.0	0.0	0.0	0.0	0.0	0.0	0.10332399772374778	0.07969968099143082	0.23598833928907278	0.4506935687263557	0.0	0.1497584541062802	1.0	0.25
0.0	0.17993433240070011	0.0	0.0	0.0	0.0	0.0	0.0	0.0	0.0	0.0	0.14394528213897095	0.31863937923647373	0.19346408252000555	0.11911659452643066	1.0	1.0	0.0	0.75
0.0	0.18211205503187347	0.0	0.0	0.0	0.0	0.0	0.42857142857142855	0.0	0.0	0.0	0.12392104382736702	0.10246472124595292	0.19629699159900504	0.3009991269764284	1.0	1.0	0.0	0.75
0.0	0.18138031397699905	0.0	0.0	0.0	0.0	0.0	0.0	0.0	0.15217391304347827	0.0	0.14436418437873513	0.20489965934881102	0.07813740600625847	0.11427370443763886	1.0	1.0	0.0	0.75
0.0	0.026108169832866186	0.0	0.0	0.0	0.0	0.0	0.0	0.0	0.0	0.0	0.020679875087003616	0.03416034207173953	0.0	0.07440100882723834	1.0	1.0	0.0	0.75
0.0	0.23238623238623238	0.0	0.18333333333333332	0.0	0.0	0.15	0.0	0.0	0.0	0.0	0.22656953789690265	0.27316480800963583	0.19451678913589432	0.19437939110070254	1.0	1.0	0.0	0.75
0.0	0.026016007861696215	0.0	0.0	0.0	0.0	0.3	0.0	0.0	0.0	0.0	0.10326753652280585	0.12523519607741837	0.11777819495940302	0.09768163740420993	1.0	1.0	0.0	0.75
0.0	0.20635897435897435	0.0	0.0	0.0	0.0	0.0	0.1935483870967742	0.0	0.0	0.0	0.22648725369937336	0.2731543478902262	0.19428186547751763	0.2038671710802858	1.0	1.0	0.0	0.75
0.0	0.02604227339209671	0.0	0.0	0.0	0.0	0.0	0.0	0.0	0.0	0.0	0.04132206818587494	0.10246914934147393	0.0	0.14043333715464862	1.0	1.0	0.0	0.75
0.0	0.026094963879485882	0.0	0.0	0.0	0.0	0.0	0.0	0.0	0.0	0.0	0.04135220827937302	0.05693222581776785	0.039403645956003576	0.1219600072059089	1.0	1.0	0.0	0.75
0.0	0.052189927758971764	0.0	0.0	0.0	0.0	0.0	0.0	0.0	0.0	0.0	0.08270441655874604	0.05693222581776785	0.11821093786801073	0.1954602774274906	1.0	1.0	0.0	0.75
0.0	0.0	0.0	0.0	0.0	0.0	0.0	0.0	0.0	0.0	0.0	0.0206911961865038	0.011388861086285727	0.0	0.020596889449348472	1.0	1.0	0.0	0.75
0.0	0.20802315963606285	0.0	0.0	0.0	0.0	0.0	0.0	0.0	0.0	0.0	0.10324872983249028	0.13661761576362524	0.31388367729831146	0.28841650153125564	1.0	1.0	0.0	0.75
0.0	0.07804802358508864	0.0	0.0	0.0	0.0	0.0	0.0	0.0	0.0	0.2916666666666667	0.12392104382736702	0.11384995866168564	0.11777819495940302	0.19468425647492485	1.0	1.0	0.0	0.75
0.0	0.07820577603296147	0.0	0.0	0.0	0.0	0.4090909090909091	0.0	0.0	0.0	0.0	0.062005699107933375	0.07970149264518538	0.11806633733239238	0.36247723132969034	1.0	1.0	0.0	0.75
0.0	0.02604227339209671	0.0	0.0	0.0	0.0	0.0	0.0	0.0	0.0	0.0	0.02066103409293747	0.09108350937160292	0.03930736337578122	0.13493064312736444	1.0	1.0	0.0	0.75
0.0	0.10411653600351885	0.0	0.0	0.0	0.0	0.0	0.0	0.0	0.0	0.0	0.06197181003937374	0.11385237394381607	0.07856673241288625	0.09457755359394707	1.0	1.0	0.0	0.75
0.0	0.026121389159363843	0.0	0.0	0.0	0.0	0.0	0.0	0.0	0.0	0.0	0.020683647410076764	0.034161348688412356	0.0394519643446682	0.3427490542244641	1.0	1.0	0.0	0.75
0.0	0.052110852110852104	0.0	0.0	0.0	0.0	0.0	0.0	0.0	0.0	0.0	0.08265919817899824	0.09108552224904615	0.07866277976302426	0.2953341740226987	1.0	1.0	0.0	0.75
0.0	0.051953417512329896	0.0	0.0	0.0	0.0	0.0	0.0	0.0	0.0	0.0	0.06192668219663616	0.15938124787922228	0.07837533964208751	0.2370744010088272	1.0	1.0	0.0	0.75
0.0	0.12994897629658334	0.0	0.0	0.0	0.0	0.2647058823529412	0.0	0.0	0.0	0.0	0.12387591598911961	0.14799963302377941	0.19605775090235786	0.20823875577973938	1.0	1.0	0.0	0.75
0.0	0.07789090627540551	0.0	0.0	0.0	0.0	0.23684210526315788	0.0	0.0	0.0	0.0	0.08255388067130748	0.15937802795844652	0.11749145559249029	0.17647058823529413	1.0	1.0	0.0	0.75
0.0	0.10416909356838684	0.0	0.0	0.0	0.0	0.3461538461538462	0.0	0.0	0.0	0.0	0.10330517046468733	0.10246914934147393	0.11792209012734364	0.24406740800183427	1.0	1.0	0.0	0.75
0.0	0.052110852110852104	0.0	0.0	0.0	0.0	0.0	0.0	0.0	0.0	0.0	0.061994398634248674	0.07969968099143082	0.11799416964453639	0.2610340479192938	1.0	1.0	0.0	0.75
0.0	0.13014567000439856	0.0	0.39285714285714285	0.0	0.0	0.0	0.46153846153846156	0.0	0.0	0.0	0.18591543011812123	0.10246693525457246	0.1571334648257725	0.3123160992013452	0.0	0.1497584541062802	1.0	0.25
0.0	0.23390815733385	0.0	0.6470588235294117	0.0	0.0	0.0	0.0	0.0	0.0	0.0	0.18581387398367943	0.1252299632436612	0.3529039516242441	0.4651534258091635	0.0	0.1497584541062802	1.0	0.25
0.0	0.26002894954507855	0.375	0.34375	0.13725490196078433	0.0	0.0	0.0	0.0	0.0	0.0	0.20649745966498056	0.12523257961428721	0.3923545966228893	0.6263736263736265	0.0	0.391304347826087	0.0	1.0
0.0	0.10375011279988654	0.0	0.0	0.0	0.0	0.0	0.0	0.0	0.0	0.0	0.08252383923001516	0.17075561838248596	0.23469721767594107	0.1195327537001394	1.0	1.0	0.0	0.75
0.0	0.026108169832866186	0.0	0.6875	0.0	0.0	0.0	0.0	0.0	0.0	0.0	0.08271950034801447	0.04554698855150886	0.07885558069381599	0.31988230348886093	0.0	0.1497584541062802	1.0	0.25
0.0	0.05216354255788027	0.0	0.55	0.0	0.0	0.0	0.0	0.0	0.0	0.0	0.04134466913474597	0.06831706050854273	0.039379531117597205	0.23959646910466587	0.0	0.1497584541062802	1.0	0.25
0.0	0.2848831222325198	0.0	0.22916666666666666	0.0	0.0	0.0	0.2608695652173913	0.0	0.0	0.0	0.24743645412338422	0.21627906143354797	0.11713498879761015	0.2445259658374413	0.0	0.1497584541062802	1.0	0.25
0.0	0.07800868486352357	0.0	0.34375	0.0	0.0	0.0	0.4	0.0	0.0	0.0	0.12389847579898833	0.12523257961428721	0.1177063789868668	0.24806341199783818	0.0	0.1497584541062802	1.0	0.25
0.0	0.13021136696048355	0.0	0.4230769230769231	0.0	0.0	0.0	0.0	0.0	0.0	0.0	0.08264413637174987	0.10246914934147393	0.07861472675156243	0.27524934082311137	0.0	0.1497584541062802	1.0	0.25
0.0	0.38309215536938307	0.0	0.10576923076923077	0.0	0.0	0.0	0.0	0.0	0.0	0.0	0.47185061830051367	0.5461168744384161	0.4607123187075454	0.24085750315258508	1.0	1.0	0.0	0.75
0.0	0.15601736972704713	0.0	0.34375	0.0	0.0	0.0	0.0	0.0	0.0	0.0	0.10324872983249028	0.12523257961428721	0.1177063789868668	0.21851918573230056	0.0	0.1497584541062802	1.0	0.25
0.0	0.15609604717017728	0.0	0.36666666666666664	0.0	0.0	0.0	0.0	0.0	0.0	0.0	0.08261402921824468	0.12523519607741837	0.19629699159900504	0.19002813075953057	0.0	0.1497584541062802	1.0	0.25
0.0	0.10432708511576054	0.0	0.55	0.0	0.0	0.0	0.6666666666666666	0.0	0.0	0.0	0.062017003702118954	0.056930816654086495	0.15751812447038882	0.5296343001261034	0.0	0.1497584541062802	1.0	0.25
0.0	0.20781367004931958	0.0	0.3055555555555555	0.0	0.0	0.0	0.0	0.0	0.0	0.0	0.16513781919102977	0.15938124787922228	0.19593834910521876	0.27805800756620425	0.0	0.1497584541062802	1.0	0.25
0.0	0.3078453123206977	0.0	0.12790697674418605	0.0	0.0	0.0	0.14285714285714285	0.0	0.0	0.0	0.3082305774792701	0.432411295481359	0.46319966775875593	0.1578137975578999	1.0	1.0	0.0	0.75
0.0	0.18147145986341967	0.0	0.5	0.0	0.0	0.20454545454545456	0.2857142857142857	0.0	0.0	0.0	0.2268992734441421	0.1935198549802658	0.46910926254790164	0.4168978562421185	0.0	0.1497584541062802	1.0	0.25
0.0	0.5164138497471831	0.2	0.0	0.22580645161290322	0.26666666666666666	0.3	0.0	0.0	0.0	0.0	0.4119446143580048	0.28454702717643365	0.6613570830620408	0.41560079264997307	0.16666666666666666	0.06280193236714976	0.3333333333333333	0.25
0.0	0.31046987115191726	0.0	0.4230769230769231	0.0	0.0	0.0	0.0	0.0	0.0	0.0	0.24734649358743682	0.2504196827136169	0.428974358974359	0.3635981504833964	0.0	0.1497584541062802	1.0	0.25
0.0	0.10432708511576054	0.0	0.0	0.0	0.0	0.0	0.6666666666666666	0.0	0.0	0.0	0.10336167283686493	0.056930816654086495	0.07875906223519441	0.2572509457755359	1.0	1.0	0.0	0.75
0.0	0.4941546320856665	0.0	0.04583333333333333	0.0	0.0	0.0	0.05042016806722689	0.0	0.0	0.0	0.5269136072659627	1.0	0.6272274170783345	0.08380533054053473	1.0	1.0	0.0	0.75
0.0	0.1553128256590374	0.0	0.0	0.0	0.0	0.0	0.25	0.0	0.0	0.0	0.14431168831168834	0.20489161111190643	0.23412790968885572	0.16387959866220736	1.0	1.0	0.0	0.75
0.0	0.02604227339209671	0.0	0.0	0.0	0.0	0.0	0.0	0.0	0.0	0.0	0.06198310227881241	0.07969786940173193	0.07861472675156243	0.08265504986816463	1.0	1.0	0.0	0.75
0.0	0.026121389159363843	0.0	0.0	0.0	0.0	0.0	0.0	0.0	0.0	0.0	0.04136729482015353	0.034161348688412356	0.0789039286893364	0.18335435056746535	1.0	1.0	0.0	0.75
0.0	0.0	0.0	0.0	0.0	0.0	0.0	0.0	0.0	0.0	0.0	0.062017003702118954	0.06831706050854273	0.07875906223519441	0.15384615384615388	1.0	1.0	0.0	0.75
0.0	0.07812682017629013	0.0	0.0	0.0	0.0	0.0	0.5	0.0	0.0	0.0	0.06198310227881241	0.07969786940173193	0.07861472675156243	0.3568726355611602	1.0	1.0	0.0	0.75
0.0	0.052058268001759424	0.0	0.0	0.0	0.0	0.0	0.0	0.0	0.0	0.0	0.06197181003937374	0.04553974180835446	0.03928336620644313	0.20891130727196308	1.0	1.0	0.0	0.75
0.0	0.05216354255788027	0.0	0.0	0.0	0.0	0.0	0.0	0.0	0.0	0.0	0.10336167283686493	0.056930816654086495	0.11813859335279164	0.26355611601513246	1.0	1.0	0.0	0.75
0.0	0.2826131371948105	0.0	0.1375	0.0	0.0	0.0	0.0	0.0	0.0	0.0	0.2878383629063593	0.40967500948273583	0.38669563609467456	0.25174221809252006	1.0	1.0	0.0	0.75
0.0	0.23343775379974477	0.0	0.0	0.0	0.0	0.0	0.0	0.6000000000000001	0.0	0.0	0.24757151769004546	0.15937158845839222	0.27381342062193126	0.22519413287316659	1.0	1.0	0.0	0.75
0.0	0.05224277831872769	0.0	0.0	0.0	0.0	0.0	0.0	0.0	0.0	0.0	0.04136729482015353	0.01138765308220456	0.0394519643446682	0.15914249684741488	1.0	1.0	0.0	0.75
0.0	0.07820577603296147	0.0	0.0	0.0	0.0	0.0	0.0	0.0	0.0	0.0	0.062005699107933375	0.04554336498775454	0.11806633733239238	0.1730418943533698	1.0	1.0	0.0	0.75
0.0	0.026081771278940135	0.0	0.0	0.0	0.0	0.0	0.0	0.0	0.0	0.0	0.020672334567372986	0.04554457279963026	0.039379531117597205	0.049180327868852465	1.0	1.0	0.0	0.75
0.0	0.10443267933146475	0.0	0.0	0.0	0.0	0.0	0.0	0.0	0.0	0.0	0.10339937543501808	0.04554698855150886	0.15771116138763197	0.20386717108028585	1.0	1.0	0.0	0.75
0.0	0.7417464373339435	0.0	0.22448979591836732	0.0	0.0	0.0	0.0	0.0	0.0	0.0	0.7389498884274928	0.4664982386373529	1.0	0.3476429395508573	1.0	1.0	0.0	0.75
0.0	0.10427436804394864	0.0	0.0	0.0	0.0	0.0	0.0	0.0	0.0	0.0	0.08267426547724449	0.07970149264518538	0.1574217831098565	0.31091495025921256	1.0	1.0	0.0	0.75
0.0	0.3625785192050252	0.125	0.0	0.28	0.3333333333333333	0.375	0.0	0.0	0.0	0.0	0.30929556765423033	0.21627906143354797	0.3904499626587005	0.2968015590966411	0.16666666666666666	0.06280193236714976	0.3333333333333333	0.25
0.0	0.13027713027713028	0.0	0.0	0.0	0.0	0.375	0.0	0.0	0.0	0.0	0.10332399772374778	0.07969968099143082	0.19665694940756065	0.3407313997477932	1.0	1.0	0.0	0.75
0.0	0.12981817712567587	0.0	0.0	0.0	0.0	0.0	0.3333333333333333	0.0	0.0	0.0	0.12383082100696123	0.1252247307799052	0.19581909265415046	0.24827535049328683	1.0	1.0	0.0	0.75
0.0	0.20739595412962247	0.0	0.25	0.0	0.0	0.0	0.0	0.0	0.0	0.2028985507246377	0.14439044673718132	0.20490368368065387	0.19546219272829235	0.262547288776797	0.0	0.1497584541062802	1.0	0.25
0.0	0.2587248926265977	0.23076923076923078	0.0	0.08641975308641975	0.0	0.0	0.24000000000000002	0.0	0.0	0.0	0.16489766239162454	0.20488758720682954	0.428974358974359	0.4102564102564102	0.0	0.391304347826087	0.0	1.0
0.0	0.18192856681521669	0.35294117647058826	0.0	0.12962962962962962	0.0	0.0	0.0	0.0	0.0	0.0	0.20645985998186603	0.14799963302377941	0.27448085126330096	0.47456914670029426	0.0	0.391304347826087	0.0	1.0
0.0	0.02606859201098716	0.0	0.0	0.0	0.7272727272727273	0.0	0.0	0.0	0.0	0.0	0.062005699107933375	0.04554336498775454	0.039355445777464124	0.1629536219700154	1.0	1.0	0.0	0.75
0.0	0.23296923848855608	0.24000000000000002	0.0	0.08974358974358976	0.32	0.0	0.0	0.0	0.0	0.0	0.16492764378478664	0.19350838603995574	0.42923450109623545	0.34371401940895885	0.0	0.391304347826087	0.0	1.0
0.0	0.3106256513180748	0.24000000000000002	0.0	0.08974358974358976	0.0	0.0	0.25	0.0	0.0	0.0	0.2680074211502783	0.21627483618385707	0.5853197742221393	0.4687208728548715	0.0	0.391304347826087	0.0	1.0
0.0	0.02613462187930273	0.0	0.0	0.0	0.0	0.0	0.0	0.0	0.0	0.0	0.04137484221931794	0.022775306207123456	0.03947616800377537	0.2282471626733922	1.0	1.0	0.0	0.75
0.0	0.1823879823879824	0.0	0.0	0.0	0.0	0.0	0.0	0.0	0.2916666666666667	0.0	0.10332399772374778	0.09108552224904615	0.2753197291705849	0.30441361916771753	0.08333333333333333	0.0	0.3333333333333333	0.0
0.0	0.3093837696536347	0.0	0.16666666666666666	0.0	0.0	0.0	0.0	0.0	0.0	0.0	0.2882041705571117	0.23900427098070112	0.3106633861009238	0.23320994182971985	1.0	1.0	0.0	0.75
0.0	0.052189927758971764	0.0	0.0	0.0	0.0	0.0	0.0	0.0	0.0	0.0	0.08270441655874604	0.05693222581776785	0.11821093786801073	0.28769591064673045	1.0	1.0	0.0	0.75
0.0	0.182295913744677	0.0	0.0	0.0	0.0	0.0	0.0	0.0	0.0	0.0	0.16528827274349975	0.10246914934147393	0.27515154363046845	0.45408689670984753	1.0	1.0	0.0	0.75
0.0	0.18092595447304866	0.0	0.19642857142857142	0.0	0.0	0.0	0.0	0.0	0.0	0.0	0.20604716536805529	0.2390274043459634	0.3116036505867014	0.30681928412067133	1.0	1.0	0.0	0.75
0.0	0.10416909356838684	0.0	0.0	0.0	0.0	0.0	0.0	0.0	0.0	0.0	0.14462723865056226	0.09108350937160292	0.23584418025468729	0.21196835950934323	1.0	1.0	0.0	0.75
0.0	0.10401157981803143	0.0	0.0	0.0	0.0	0.0	0.0	0.0	0.0	0.0	0.10324872983249028	0.12523257961428721	0.1177063789868668	0.2768870473788507	1.0	1.0	0.0	0.75
0.0	0.02604227339209671	0.0	0.0	0.0	0.0	0.0	0.0	1.0	0.0	0.0	0.02066103409293747	0.09108350937160292	0.0	0.08907485956666286	1.0	1.0	0.0	0.75
0.0	0.02598979525931667	0.0	0.0	0.0	0.0	0.0	0.0	0.0	0.0	0.0	0.08258394399274642	0.1252299632436612	0.11763465054141471	0.07709121479613285	1.0	1.0	0.0	0.75
0.0	0.026094963879485882	0.0	0.0	0.0	0.0	0.0	0.0	0.0	0.0	0.0	0.04135220827937302	0.022772890327107144	0.07880729191200715	0.31796072779679335	1.0	1.0	0.0	0.75
0.0	0.026161127581005875	0.0	0.0	0.0	0.0	0.0	0.0	0.0	0.0	0.0	0.020694972641365363	2.013304541260267e-06	0.03952466452466452	0.09457755359394704	1.0	1.0	0.0	0.75
0.0	0.2837435897435897	0.1875	0.0	0.21212121212121213	0.0	0.28125	0.0	0.0	0.0	0.0	0.2676667543719867	0.18209981305412365	0.46627647714604237	0.4221101303068516	0.16666666666666666	0.06280193236714976	0.3333333333333333	0.25
0.0	0.052189927758971764	0.0	0.0	0.0	0.0	0.0	0.0	0.0	0.0	0.0	0.06202831241905953	0.05693222581776785	0.07880729191200715	0.21131327688704743	1.0	1.0	0.0	0.75
0.0	0.02614786801304794	0.0	0.0	0.0	0.0	0.0	0.0	0.0	0.0	0.0	0.0413823923730076	0.011388861086285727	0.03950040137885441	0.1820092475830181	1.0	1.0	0.0	0.75
0.0	0.026161127581005875	0.0	0.0	0.0	0.0	0.0	0.0	0.0	0.0	0.0	0.020694972641365363	2.013304541260267e-06	0.03952466452466452	0.09457755359394704	1.0	1.0	0.0	0.75
0.0	0.07808740200263913	0.0	0.0	0.0	0.0	0.0	0.0	0.0	0.0	0.0	0.16525816010499667	0.10246693525457246	0.11785009861932938	0.2971836906263136	1.0	1.0	0.0	0.75
0.0	0.3110939311944337	0.27272727272727276	0.25	0.10144927536231885	0.0	0.0	0.2857142857142857	0.0	0.0	0.0	0.28878089347436264	0.1935198549802658	0.5082017010935601	0.5843631778058007	0.0	0.391304347826087	0.0	1.0
0.0	0.05213718402197432	0.5454545454545455	0.0	0.19444444444444445	0.0	0.0	0.0	0.0	0.0	0.0	0.08267426547724449	0.05692940754023148	0.11806633733239238	0.5328569426930083	0.0	0.391304347826087	0.0	1.0
0.0	0.18147145986341967	0.27272727272727276	0.0	0.10144927536231885	0.0	0.0	0.0	0.0	0.0	0.0	0.14439044673718132	0.15936836887910166	0.43001682400224317	0.3977301387137453	0.0	0.391304347826087	0.0	1.0
0.0	0.05216354255788027	0.0	0.0	0.0	0.0	0.0	0.6666666666666666	0.0	0.0	0.0	0.08268933826949194	0.04554457279963026	0.11813859335279164	0.33039092055485497	1.0	1.0	0.0	0.75
0.0	0.25950575246349894	0.30000000000000004	0.275	0.1111111111111111	0.0	0.0	0.3157894736842105	0.0	0.0	0.0	0.20634714304284046	0.15937480815150518	0.4696799550814149	0.5435056746532156	0.0	0.391304347826087	0.0	1.0
0.0	0.2592449426620281	0.27272727272727276	0.5	0.10144927536231885	0.0	0.0	0.0	0.0	0.0	0.0	0.26815368679762247	0.18213602627987774	0.46910926254790164	0.375031525851198	0.0	0.1497584541062802	1.0	0.25
0.0	0.07836416747809152	0.0	0.0	0.0	0.0	0.0	0.0	0.0	1.0	0.0	0.06205094223023029	0.02277450088530846	0.0789039286893364	0.15107187894073143	0.08333333333333333	0.0	0.3333333333333333	0.0
0.0	0.20615282153743691	0.0	0.0	0.0	0.0	0.0	0.0	0.36363636363636365	0.0	0.0	0.16465820308882312	0.2162368156568964	0.2716665120163311	0.09331651954602772	1.0	1.0	0.0	0.75
0.0	0.13021136696048355	0.0	0.0	0.0	0.0	0.0	0.5	0.0	0.0	0.0	0.14462723865056226	0.07969786940173193	0.15722945350312487	0.44124727731285107	1.0	1.0	0.0	0.75
0.0	0.052110852110852104	0.0	0.4583333333333333	0.0	0.0	0.0	0.0	0.0	0.0	0.0	0.08265919817899824	0.06831383973381548	0.03933138988151213	0.16620428751576294	0.0	0.1497584541062802	1.0	0.25
0.0	0.18092595447304866	0.0	0.0	0.0	0.0	0.0	0.2222222222222222	0.0	0.0	0.0	0.1442330157576387	0.2390274043459634	0.23370273794002608	0.32777184983994573	1.0	1.0	0.0	0.75
0.0	0.02614786801304794	0.0	0.0	0.0	0.0	0.0	0.0	0.0	0.0	0.0	0.0206911961865038	0.011388861086285727	0.0	0.17864649012189995	1.0	1.0	0.0	0.75
0.0	0.182020264681555	0.0	0.34375	0.0	0.0	0.5625	0.0	0.0	0.0	0.0	0.14454822176548637	0.13661761576362524	0.2354127579737336	0.330931363718249	0.0	0.1497584541062802	1.0	0.25
0.0	0.13047481939742941	0.6666666666666666	0.0	0.23333333333333336	0.0	0.0	0.0	0.0	0.0	0.0	0.10338052069843257	0.05693222581776785	0.19701822978001787	0.780580075662043	0.0	0.391304347826087	0.0	1.0
0.0	0.4127179487179487	0.1875	0.171875	0.07070707070707072	0.0	0.28125	0.0	0.0	0.0	0.0	0.3088462550446	0.3186816153082775	0.582845596432553	0.4184110970996216	0.0	0.1497584541062802	1.0	0.25
0.0	0.0	0.0	0.0	0.0	0.0	0.0	0.0	0.0	0.0	0.0	0.020683647410076764	0.034161348688412356	0.0	0.12484237074401008	1.0	1.0	0.0	0.75
0.0	0.10437985551794353	0.0	0.0	0.0	0.0	1.0	0.75	0.0	0.0	0.0	0.12405662483811906	0.045545780654214274	0.19701822978001787	0.4851378130066656	1.0	1.0	0.0	0.75
0.0	0.20739595412962247	0.27272727272727276	0.0	0.10144927536231885	0.0	0.4090909090909091	0.2857142857142857	0.0	0.0	0.0	0.16501765341392152	0.1935198549802658	0.46910926254790164	0.4769230769230769	0.0	0.391304347826087	0.0	1.0
0.0	0.0	0.0	0.0	0.0	0.0	0.0	0.0	0.0	0.0	0.0	0.04135220827937302	0.05693222581776785	0.039403645956003576	0.23148982165375606	1.0	1.0	0.0	0.75
0.0	0.1564906276736408	0.6000000000000001	0.0	0.21212121212121213	0.0	0.9000000000000001	0.0	0.0	0.0	0.0	0.12403400740423791	0.06831706050854273	0.2362771867055833	0.6040353089533418	0.0	0.391304347826087	0.0	1.0
0.0	0.05213718402197432	0.0	0.0	0.0	0.0	0.0	0.6000000000000001	0.0	0.0	0.0	0.10334283184655563	0.06831545009270841	0.11806633733239238	0.3030685161832703	1.0	1.0	0.0	0.75
0.0	0.18211205503187347	0.4	0.36666666666666664	0.14583333333333334	0.0	0.6	0.0	0.0	0.0	0.0	0.16522805843648936	0.12523519607741837	0.314075186558408	0.5330293917935784	0.0	0.391304347826087	0.0	1.0
0.0	0.10390683502465979	0.3333333333333333	0.0	0.12280701754385964	0.0	0.0	0.0	0.0	0.0	0.0	0.24770672878654465	0.15938124787922228	0.2351260189262625	0.47288776796973525	0.0	0.391304347826087	0.0	1.0
0.0	0.07828489163845764	0.0	0.0	0.0	0.0	1.0	0.0	0.0	0.0	0.0	0.10338052069843257	0.05693222581776785	0.11821093786801073	0.20266618627274366	1.0	1.0	0.0	0.75
0.0	0.13021136696048355	0.46153846153846156	0.0	0.16666666666666666	0.0	0.6923076923076924	0.0	0.0	0.0	0.0	0.16528827274349975	0.10246914934147393	0.19653681687890606	0.5146165310099737	0.0	0.391304347826087	0.0	1.0
0.0	0.10437985551794353	0.0	0.0	0.0	0.0	1.0	0.75	0.0	0.0	0.0	0.12405662483811906	0.045545780654214274	0.19701822978001787	0.4851378130066656	1.0	1.0	0.0	0.75
0.0	0.20750022559977307	0.2857142857142857	0.0	0.10606060606060606	0.0	0.42857142857142855	0.30000000000000004	0.0	0.0	0.0	0.16504767846003032	0.18213964830657964	0.46939443535188213	0.49863941063250816	0.0	0.391304347826087	0.0	1.0
0.0	0.2851694369282309	0.27272727272727276	0.25	0.10144927536231885	0.0	0.4090909090909091	0.2857142857142857	0.0	0.0	0.0	0.26815368679762247	0.1935198549802658	0.3909243854565847	0.5243379571248422	0.0	0.391304347826087	0.0	1.0
0.0	0.182020264681555	0.375	0.0	0.13725490196078433	0.0	0.5625	0.0	0.0	0.0	0.0	0.18584771369848252	0.13661761576362524	0.2354127579737336	0.38353449828859676	0.0	0.391304347826087	0.0	1.0
0.0	0.13001447477253927	0.375	0.0	0.13725490196078433	0.0	0.0	0.0	0.0	0.0	0.0	0.20649745966498056	0.12523257961428721	0.2354127579737336	0.46928481354710877	0.0	0.391304347826087	0.0	1.0
0.0	0.10432708511576054	0.0	0.0	0.0	0.0	0.9000000000000001	0.6666666666666666	0.0	0.0	0.0	0.10336167283686493	0.056930816654086495	0.11813859335279164	0.30643127364438844	1.0	1.0	0.0	0.75
0.0	0.20760460197079916	0.30000000000000004	0.0	0.1111111111111111	0.0	0.45000000000000007	0.3157894736842105	0.0	0.0	0.0	0.1444430001299883	0.17075903930641845	0.3913999625678458	0.46279949558638084	0.0	0.391304347826087	0.0	1.0
0.0	0.07796938577795	0.0	0.0	0.0	0.0	0.0	0.0	0.0	0.0	0.0	0.08258394399274642	0.1252299632436612	0.1568462007218863	0.13156788566624633	1.0	1.0	0.0	0.75
0.0	0.41066462558999867	0.14285714285714285	0.13095238095238093	0.16279069767441862	0.19047619047619047	0.21428571428571427	0.0	0.0	0.0	0.0	0.3699437360588608	0.4096597270181703	0.6565934065934065	0.3813366960907944	0.16666666666666666	0.06280193236714976	0.3333333333333333	0.25
0.0	0.05221633966573237	0.0	0.0	0.0	0.0	0.0	0.0	0.0	0.0	0.0	0.04135975017400723	0.03416034207173953	0.07885558069381599	0.42076502732240445	1.0	1.0	0.0	0.75
0.0	0.5768420527778816	0.06741573033707865	0.06179775280898876	0.05185185185185186	0.0898876404494382	0.05056179775280899	0.0	0.0	0.0	0.0	0.5706069631303277	0.830004327009831	0.6385782926938793	0.2613239408038728	1.0	1.0	0.0	0.75
0.0	0.12981817712567587	0.3157894736842105	0.0	0.11666666666666668	0.0	0.0	0.0	0.0	0.0	0.0	0.16510776134261496	0.15937802795844652	0.23498291118498058	0.5076032935242194	0.0	0.391304347826087	0.0	1.0
0.0	0.15633255633255633	0.5	0.4583333333333333	0.17948717948717952	0.0	0.0	0.0	0.0	0.0	0.0	0.12398879726849735	0.09108552224904615	0.19665694940756065	0.5889029003783102	0.0	0.391304347826087	0.0	1.0
0.0	0.10416909356838684	0.23076923076923078	0.0	0.0	0.0	0.6923076923076924	0.0	0.0	0.0	0.0	0.08264413637174987	0.10246914934147393	0.11792209012734364	0.27708357216553936	1.0	1.0	0.0	0.75
0.0	0.13008003930848105	0.0	0.0	0.0	0.0	0.0	0.0	0.0	0.0	0.0	0.10326753652280585	0.11384995866168564	0.27481578823860703	0.13415462217479873	1.0	1.0	0.0	0.75
0.0	0.0	0.0	0.0	0.0	0.0	0.0	0.0	0.0	0.0	0.0	0.020694972641365363	2.013304541260267e-06	0.0	0.19546027742749056	1.0	1.0	0.0	0.75
0.0	0.3366800535475234	0.25	0.4583333333333333	0.09333333333333334	0.0	0.1875	0.0	0.0	0.0	0.0	0.24743645412338422	0.19351220888491416	0.5075849514563107	0.5228705720508999	0.0	0.1497584541062802	1.0	0.25
0.0	0.02606859201098716	0.0	0.0	0.0	0.0	0.0	0.0	0.0	0.0	0.0	0.062005699107933375	0.07970149264518538	0.039355445777464124	0.15062351127924897	1.0	1.0	0.0	0.75
0.0	0.12981817712567587	0.3157894736842105	0.0	0.11666666666666668	0.0	0.47368421052631576	0.0	0.0	0.0	0.0	0.12383082100696123	0.1707624603512936	0.19581909265415046	0.3705214746680514	0.0	0.391304347826087	0.0	1.0
0.0	0.28502620767814135	0.2608695652173913	0.0	0.09722222222222222	0.0	0.0	0.0	0.0	0.0	0.0	0.22685800402372666	0.21628328683260695	0.42975573303442155	0.6153245661442382	0.0	0.391304347826087	0.0	1.0
0.0	0.3622148496772368	0.0	0.21153846153846154	0.0	0.0	0.0	0.0	0.0	0.0	0.0	0.2679587013863899	0.2504196827136169	0.31198135198135196	0.24211853720050433	1.0	1.0	0.0	0.75
0.0	0.3368491545287125	0.2608695652173913	0.23913043478260868	0.09722222222222222	0.0	0.0	0.0	0.0	0.0	0.0	0.20623454911247877	0.20489965934881102	0.2344122180187754	0.4188434516303369	0.0	0.391304347826087	0.0	1.0
0.0	0.20750022559977307	0.0	0.0	0.0	0.0	0.0	0.30000000000000004	0.0	0.3333333333333333	0.0	0.16504767846003032	0.18213964830657964	0.3129296235679215	0.21032720515032854	0.08333333333333333	0.0	0.3333333333333333	0.0
0.0	0.28388553250984466	0.1935483870967742	0.3548387096774193	0.07291666666666667	0.0	0.0	0.0	0.0	0.0	0.0	0.20593489847809812	0.30730563187880017	0.5054380664652568	0.3700917510979692	0.0	0.1497584541062802	1.0	0.25
0.0	0.07800868486352357	0.0	0.0	0.0	0.0	0.0	0.0	0.0	0.0	0.0	0.08259898386599222	0.07969243501693508	0.15694183864915573	0.20843091334894615	1.0	1.0	0.0	0.75
0.0	0.23367271882621657	0.0	0.0	0.0	0.0	0.0	0.0	0.0	0.0	0.0	0.16510776134261496	0.1479935955655994	0.5482934594316213	0.3141458348787182	1.0	1.0	0.0	0.75
0.0	0.0	0.0	0.0	0.0	0.0	0.0	0.0	0.0	0.0	0.0	0.062005699107933375	0.04554336498775454	0.039355445777464124	0.16743729858483958	1.0	1.0	0.0	0.75
0.0	0.10380230098539958	0.30000000000000004	0.0	0.1111111111111111	0.0	0.0	0.0	0.0	0.0	0.0	0.1444430001299883	0.12522211468676536	0.23483997754070746	0.40955583578534405	0.0	0.391304347826087	0.0	1.0
0.0	0.10380230098539958	0.0	0.0	0.0	0.0	0.0	0.3157894736842105	0.0	0.17500000000000002	0.0	0.12380828582570427	0.17075903930641845	0.1956999812839229	0.19097660081266637	1.0	1.0	0.0	0.75
0.0	0.25950575246349894	0.30000000000000004	0.55	0.1111111111111111	0.0	0.0	0.3157894736842105	0.0	0.0	0.0	0.1857124287385564	0.17075903930641845	0.3913999625678458	0.5345383214235673	0.0	0.1497584541062802	1.0	0.25
0.0	0.18192856681521669	0.35294117647058826	0.0	0.12962962962962962	0.0	0.2647058823529412	0.0	0.0	0.0	0.0	0.22710584598005265	0.14799963302377941	0.5097501523461304	0.3709962168978563	0.0	0.391304347826087	0.0	1.0
0.0	0.31125033839965965	0.2857142857142857	0.0	0.10606060606060606	0.0	0.0	0.30000000000000004	0.0	0.0	0.0	0.3094643971125568	0.1366035286102048	0.664975450081833	0.5097896064246366	0.0	0.391304347826087	0.0	1.0
0.0	0.4398323174652161	0.23076923076923078	0.4230769230769231	0.08641975308641975	0.0	0.1730769230769231	0.24000000000000002	0.0	0.0	0.0	0.22673428578848376	0.23903665883692005	0.857948717948718	0.3375367801597308	0.0	0.1497584541062802	1.0	0.25
0.0	0.026121389159363843	0.0	0.0	0.0	0.0	0.0	0.0	0.0	0.0	0.0	0.08273458964030705	0.01138765308220456	0.1578078573786728	0.13291298865069356	1.0	1.0	0.0	0.75
0.0	0.2860318444995864	0.1875	0.0	0.27450980392156865	0.0	0.5625	0.0	0.0	0.0	0.0	0.2271472056314786	0.10246250731561114	0.5492964352720451	0.2704017294181229	0.16666666666666666	0.06280193236714976	0.3333333333333333	0.25
0.0	0.1823879823879824	0.5	0.0	0.17948717948717952	0.0	0.0	0.0	0.0	0.0	0.0	0.1446535968132469	0.09108552224904615	0.3933138988151213	0.7099621689785623	0.0	0.391304347826087	0.0	1.0
0.0	0.1823879823879824	0.0	0.0	0.0	0.0	0.0	0.0	0.0	0.0	0.0	0.12398879726849735	0.07969968099143082	0.3933138988151213	0.30340479192938213	1.0	1.0	0.0	0.75
0.0	0.18183696129315463	0.3333333333333333	0.0	0.12280701754385964	0.0	0.25	0.0	0.0	0.0	0.0	0.22706450138766596	0.1366119806034311	0.5878150473156563	0.3398486759142496	0.0	0.391304347826087	0.0	1.0
0.0	0.3618519089460973	0.21428571428571427	0.0	0.08045977011494253	0.0	0.0	0.0	0.0	0.0	0.0	0.2678613149784719	0.19349691831586416	0.9348109517601043	0.25249781744107097	0.0	0.391304347826087	0.0	1.0
0.0	0.23355517721714905	0.0	0.0	0.0	0.0	0.0	0.0	0.0	0.17500000000000002	0.0	0.16507771443427235	0.1479905769965919	0.6653799363653378	0.07720330671150344	1.0	1.0	0.0	0.75
1.0	0.07832450949859857	0.375	0.6875	0.0	0.0	0.0	0.0	0.0	0.0	0.0	0.062039625261010846	0.03416034207173953	0.07885558069381599	0.5216477511559479	0.0	0.1497584541062802	1.0	0.25
1.0	0.05224277831872769	0.0	0.0	0.0	0.0	0.0	1.0	0.0	0.0	0.0	0.06205094223023029	0.01138765308220456	0.0789039286893364	0.44161412358133667	1.0	1.0	0.0	0.75
1.0	0.026081771278940135	0.0	0.0	0.0	0.0	0.0	0.0	0.0	0.0	0.0	0.04134466913474597	0.0227720850907178	0.039379531117597205	0.0	1.0	1.0	0.0	0.75
1.0	0.10437985551794353	0.6666666666666666	0.0	0.23333333333333336	0.0	0.0	0.75	0.0	0.0	0.0	0.06202831241905953	0.034159335490660706	0.1576145838240143	0.8252567105026122	0.0	0.391304347826087	0.0	1.0
1.0	0.052189927758971764	0.0	0.0	0.0	0.0	0.0	0.0	0.0	0.0	0.0	0.06202831241905953	0.0	0.11821093786801073	0.0181949198342641	1.0	1.0	0.0	0.75
