is_a_highlight	abstract	keyword1	keyword2	keyword3	keyword4	keyword5	keyword6	keyword7	introduction	conclusion	text	word freq. in sentence	n_sents_intro	n_sents_text	n_sents_abst	n_sents_conclu
0.0	0.23331699186194726	0.3333333333333333	0.0	0.0	0.0	0.0	0.35000000000000003	0.16666666666666666	0.10513662700274677	0.052744699242331355	0.07956588749036732	0.26277581430891206	0.375	0.13709677419354838	1.0	0.2857142857142857
0.0	0.20796790812915406	0.0	0.2807017543859649	0.0	0.0	0.0	0.0	0.0	0.08905613375836519	0.04898331558773927	0.07962724935732647	0.4827586206896552	0.5	0.07258064516129033	0.6666666666666666	0.0
0.0	0.10475850865723682	0.0	0.0	0.0	0.0	0.0	0.0	0.0	0.04871387742140362	0.02261482135464304	0.06205993474154216	0.5621597096188747	1.0	1.0	0.3333333333333333	1.0
0.0	0.27170232339642586	0.0	0.3333333333333333	0.0	0.0	0.0	0.0	0.0	0.12930757437661675	0.0640426924395981	0.13254172015404364	0.8693284936479129	0.5	0.07258064516129033	0.6666666666666666	0.0
0.0	0.25876411752040557	0.30434782608695654	0.2222222222222222	0.0	0.0	0.36363636363636365	0.31818181818181823	0.0	0.11314412757953965	0.06781021194097982	0.13254172015404364	0.41923774954627946	0.375	0.13709677419354838	1.0	0.2857142857142857
0.0	0.1692868400315209	0.4375	0.0	0.0	0.0	0.0	0.4666666666666667	0.0	0.0729156763950946	0.04145056048128801	0.09737225651577504	0.49183303085299457	0.375	0.13709677419354838	1.0	0.2857142857142857
0.0	0.0909859598065049	0.3888888888888889	0.42105263157894735	0.0	0.0	0.0	0.0	0.0	0.11334417023791932	0.04521508267611304	0.09732219365895459	0.647912885662432	0.5	0.07258064516129033	0.6666666666666666	0.0
0.0	0.0	0.0	0.0	0.0	0.0	0.0	0.0	0.0	0.04873115797387663	0.003768375106801952	0.008867989349823928	0.019963702359346643	1.0	1.0	0.3333333333333333	1.0
0.0	0.05146872749216484	0.0	0.08888888888888889	0.0	0.0	0.0	0.0	0.0	0.19355143970180796	0.05649310592816037	0.03529009655643852	0.10022181891510383	1.0	1.0	0.3333333333333333	1.0
0.0	0.0	0.0	0.0	0.0	0.0	0.0	0.0	0.0	0.08908763575120507	0.011301700043835515	0.017699494300162853	0.04150030248033877	1.0	1.0	0.3333333333333333	1.0
0.0	0.026140947559914574	0.0	0.20512820512820515	0.0	0.0	0.0	0.0	0.0	0.06490580407671072	0.015074358077175545	0.026583419155509783	0.16515426497277674	1.0	1.0	0.3333333333333333	1.0
0.0	0.07835002666982753	0.5384615384615385	0.5714285714285714	0.0	0.0	0.0	0.0	0.0	0.089213866903527	0.03391823442646687	0.08858858858858858	0.7195182313149646	0.5	0.07258064516129033	0.6666666666666666	0.0
0.0	0.1298599241665193	0.0	0.26666666666666666	0.28947368421052627	0.0	0.0	0.0	0.3684210526315789	0.10521095477015771	0.045213084824838226	0.07960678488820354	0.23988470161204237	0.5	0.07258064516129033	0.6666666666666666	0.0
0.0	0.026140947559914574	0.0	0.0	0.0	0.0	0.0	0.0	0.0	0.07301902958629955	0.026381626159090493	0.035444558874013044	0.18802177858439204	1.0	1.0	0.3333333333333333	1.0
0.0	0.03939448119673401	1.0	0.0	0.0	0.0	0.0	0.0	0.0	0.04063812990425933	0.011308838741316189	0.03549024662713758	0.5818511796733212	0.375	0.13709677419354838	1.0	0.2857142857142857
0.0	0.14232026463622305	0.30434782608695654	0.0	0.0	0.0	0.0	0.31818181818181823	0.0	0.1373892977751553	0.056507653436834705	0.08836114676936242	0.42770719903206295	0.375	0.13709677419354838	1.0	0.2857142857142857
0.0	0.1562647754137116	0.0	0.4705882352941177	0.0	0.0	0.0	0.0	0.0	0.10532264368180332	0.04145056048128801	0.08852023319615912	0.5063520871143375	0.5	0.07258064516129033	0.6666666666666666	0.0
0.0	0.05237925432861841	0.0	0.24242424242424243	0.0	0.0	0.0	0.0	0.0	0.0649518365618715	0.02261482135464304	0.04432852481538726	0.31125226860254085	1.0	1.0	0.3333333333333333	1.0
0.0	0.1416686150728704	0.25	0.27586206896551724	0.39285714285714285	0.32142857142857145	0.2962962962962963	0.25925925925925924	0.0	0.1936196396453252	0.0790963682212878	0.16767094017094017	0.44855507468937583	0.0	0.0	0.0	0.35714285714285715
0.0	0.0909859598065049	0.3888888888888889	0.42105263157894735	0.0	0.0	0.0	0.0	0.0	0.12953619455762208	0.041446849764486794	0.10616966580976864	0.48911070780399274	0.5	0.07258064516129033	0.6666666666666666	0.0
0.0	0.026140947559914574	0.5833333333333334	0.0	0.0	0.0	0.0	0.0	0.0	0.08113225509588838	0.026381626159090493	0.017722279437006522	0.19310344827586207	0.375	0.13709677419354838	1.0	0.2857142857142857
0.0	0.05194396966660773	0.3684210526315789	0.0	0.0	0.0	0.0	0.3888888888888889	0.0	0.12949040587096333	0.04144499461687446	0.08845198320911504	0.5956015800149461	0.375	0.13709677419354838	1.0	0.2857142857142857
0.0	0.039284440746463804	0.0	0.0	0.0	0.0	0.0	0.0	0.0	0.056832856991637565	0.01507607149431869	0.026597114889232353	0.5049909255898366	1.0	1.0	0.3333333333333333	1.0
0.0	0.026262987464489344	0.0	0.0	0.0	0.0	0.0	0.0	0.0	0.03251050392340746	0.007539035375722079	0.026617684970353182	0.22613430127041742	1.0	1.0	0.3333333333333333	1.0
0.0	0.013070473779957287	0.0	0.0	0.0	0.0	0.0	0.0	0.0	0.06490580407671072	0.01884344743781386	0.035444558874013044	0.3023593466424683	1.0	1.0	0.3333333333333333	1.0
0.0	0.03892203815655178	0.35000000000000003	0.0	0.55	0.0	0.0	0.0	0.17500000000000002	0.08090290596487527	0.04897903463998494	0.07958633093525179	0.4277071990320628	0.375	0.13709677419354838	1.0	0.2857142857142857
0.0	0.013070473779957287	0.0	0.0	0.9166666666666666	0.0	0.0	0.0	0.0	0.01622645101917768	0.01884344743781386	0.026583419155509783	0.08638838475499094	1.0	1.0	0.3333333333333333	1.0
0.0	0.013070473779957287	0.0	0.0	0.0	0.0	0.0	0.0	0.0	0.024339676528766514	0.02261253679845218	0.017722279437006522	0.0813067150635209	1.0	1.0	0.3333333333333333	1.0
0.0	0.0390661938534279	0.4375	0.0	0.0	0.0	0.0	0.0	0.0	0.04050870910838589	0.04145056048128801	0.05311213991769547	0.4246823956442831	0.375	0.13709677419354838	1.0	0.2857142857142857
0.0	0.03910239977914933	0.0	0.0	0.0	0.0	0.0	0.0	0.0	0.024313829084665173	0.030146432788086548	0.05312580396192436	0.22965238028758897	1.0	1.0	0.3333333333333333	1.0
0.0	0.0	0.0	0.0	0.0	0.6	0.0	0.0	0.0	0.03241843877955356	0.03768375496303473	0.044271503301603635	0.21401647354460426	0.0	0.0	0.0	0.35714285714285715
0.0	0.11548765336232335	0.21875	0.0	0.0	0.0	0.0	0.0	0.0	0.06444904261241295	0.06778454278203176	0.08815744535519125	0.23206291591046585	1.0	1.0	0.3333333333333333	1.0
0.0	0.02606826651943289	0.0	0.0	0.0	0.0	0.0	0.0	0.0	0.03241843877955356	0.03768375496303473	0.07083440528256582	0.4837358648610917	1.0	1.0	0.3333333333333333	1.0
0.0	0.16666343412401327	0.21212121212121213	0.0	0.0	0.0	0.0	0.21875	0.0	0.11274615315963273	0.10544262664251779	0.18508322663252239	0.4520227152976994	1.0	1.0	0.3333333333333333	1.0
0.0	0.05151586002649832	0.25	0.0	0.0	0.0	0.0	0.0	0.0	0.056472394896553174	0.060262336415213405	0.04412393162393162	0.14951835822979204	1.0	1.0	0.3333333333333333	1.0
0.0	0.026312123081822344	0.0	0.0	0.0	0.0	0.0	0.0	0.0	0.016266800986188067	0.0	0.01775427736222165	0.11433756805807624	1.0	1.0	0.3333333333333333	1.0
0.0	0.09090194691656352	0.3684210526315789	0.13333333333333333	0.0	0.0	0.0	0.0	0.0	0.06474520293548167	0.05651735544872949	0.07076158656729203	0.5148927084445394	0.375	0.13709677419354838	1.0	0.2857142857142857
0.0	0.06451298067538552	0.0	0.0	0.21153846153846154	0.0	0.0	0.0	0.13461538461538464	0.08880491758415258	0.06780165361098765	0.09712245596032153	0.33136721113127654	1.0	1.0	0.3333333333333333	1.0
0.0	0.06523112146212451	0.0	0.0	0.0	0.0	0.0	0.0	0.0	0.048644877595027704	0.0376854679259168	0.07970921255790016	0.6182698124621899	1.0	1.0	0.3333333333333333	1.0
0.0	0.026020036609128664	0.411764705882353	0.0	0.0	0.0	0.0	0.0	0.0	0.03239550390952912	0.03014357817432539	0.02654924145024428	0.25154264972776774	0.375	0.13709677419354838	1.0	0.2857142857142857
0.0	0.05184822041376606	0.0	0.0	0.0	0.0	0.0	0.0	0.0	0.048524597078190825	0.06028030890845457	0.07956588749036732	0.3657464896360685	1.0	1.0	0.3333333333333333	1.0
0.0	0.07770071705654166	0.31818181818181823	0.0	0.0	0.4090909090909091	0.0	0.0	0.0	0.09701492537313433	0.06404540298791597	0.10606060606060606	0.35317604355716875	0.0	0.0	0.0	0.35714285714285715
0.0	0.09056744113214195	0.30434782608695654	0.0	0.0	0.0	0.0	0.0	0.0	0.08081723398538547	0.06781021194097982	0.09719726144629867	0.5039322444041138	0.375	0.13709677419354838	1.0	0.2857142857142857
0.0	0.039284440746463804	0.0	0.0	0.0	0.0	0.0	0.0	0.0	0.04059489785116969	0.02261482135464304	0.04432852481538726	0.6193284936479129	1.0	1.0	0.3333333333333333	1.0
0.0	0.03939448119673401	1.0	0.0	0.0	0.0	0.0	0.0	1.0	0.04063812990425933	0.011308838741316189	0.03549024662713758	0.9375680580762251	0.375	0.13709677419354838	1.0	0.2857142857142857
0.0	0.05247697681803747	0.0	0.0	0.0	0.0	0.0	1.0	0.4375	0.032498967193839184	0.011308124628157333	0.03548109965635739	0.2329098608590442	0.0	0.0	0.0	0.35714285714285715
0.0	0.11311391249786093	0.1272727272727273	0.0	0.19999999999999998	0.16363636363636364	0.0	0.0	0.0	0.1838034956109505	0.146741184567121	0.2191027926322044	0.20830051707016398	1.0	1.0	0.3333333333333333	1.0
0.0	0.11676611446965533	0.7000000000000001	0.0	0.0	0.0	0.0	0.0	0.35000000000000003	0.06472232477190022	0.05274698215509423	0.08842925659472421	0.3246622302883646	0.375	0.13709677419354838	1.0	0.2857142857142857
0.0	0.03939448119673401	1.0	0.0	0.0	0.0	0.0	0.0	0.0	0.03251050392340746	0.011308838741316189	0.026617684970353182	0.4192377495462795	0.375	0.13709677419354838	1.0	0.2857142857142857
0.0	0.10398395406457703	0.0	0.0	0.0	0.0	0.0	0.0	0.0	0.0404800607992569	0.04521508267611304	0.07962724935732647	0.5796279491833032	1.0	1.0	0.3333333333333333	1.0
0.0	0.1036009560753889	0.0	0.0	0.0	0.0	0.0	0.0	0.0	0.04042288557213931	0.06027774082609648	0.09722222222222222	0.2833030852994555	1.0	1.0	0.3333333333333333	1.0
0.0	0.09149331645970102	0.5833333333333334	0.0	0.0	0.0	0.0	0.0	0.0	0.04056612754794419	0.030150715519728814	0.07088911774802609	0.47513611615245016	0.375	0.13709677419354838	1.0	0.2857142857142857
0.0	0.25408906571335216	0.0	0.06060606060606061	0.0	0.0	0.0	0.0	0.0	0.16852645290895682	0.13928189573960922	0.21098339719029374	0.5233500066398126	1.0	1.0	0.3333333333333333	1.0
0.0	0.013119244204509368	0.0	0.0	0.0	0.0	0.0	0.0	0.0	0.032498967193839184	0.015077785171119676	0.008870274914089347	0.457350272232305	1.0	1.0	0.3333333333333333	1.0
0.0	0.12938205876020278	0.30434782608695654	0.0	0.0	0.0	0.0	0.0	0.0	0.08889895738392402	0.0640426924395981	0.09719726144629867	0.6636418632788869	0.375	0.13709677419354838	1.0	0.2857142857142857
0.0	0.02616526472043543	0.0	0.0	0.5	0.0	0.0	0.0	0.0	0.024348304560148568	0.026382911173267545	0.026590265258820498	0.19903206291591047	1.0	1.0	0.3333333333333333	1.0
0.0	0.1036009560753889	0.31818181818181823	0.0	0.0	0.0	0.0	0.0	0.0	0.08084577114427861	0.06404540298791597	0.08838383838383837	0.23375680580762245	0.375	0.13709677419354838	1.0	0.2857142857142857
0.0	0.10341051314142678	0.0	0.0	0.0	0.0	0.0	0.0	0.0	0.09694646035875669	0.07157473580003336	0.0883384668035592	0.4665896716713414	1.0	1.0	0.3333333333333333	1.0
0.0	0.07777233062064909	0.0	0.0	0.0	0.0	0.4	0.35000000000000003	0.0	0.11322405984911194	0.06028030890845457	0.09724719582156005	0.5342439583532336	1.0	1.0	0.3333333333333333	1.0
0.0	0.06511032308904649	0.875	0.0	0.0	0.0	0.0	0.4666666666666667	0.0	0.05671219275174024	0.03768204212990782	0.0708161865569273	0.5172413793103449	0.375	0.13709677419354838	1.0	0.2857142857142857
0.0	0.0262140350181436	0.0	0.0	0.0	0.0	1.0	0.875	0.0	0.016243719324625542	0.015076928300258264	0.017735978699647856	0.12159709618874773	0.0	0.0	0.0	0.35714285714285715
0.0	0.0524280700362872	0.0	0.0	0.0	0.0	0.0	0.0	0.0	0.032487438649251084	0.015076928300258264	0.044339946749119646	0.5099818511796733	1.0	1.0	0.3333333333333333	1.0
0.0	0.1164438528841825	0.30434782608695654	0.0	0.0	0.0	0.36363636363636365	0.0	0.0	0.10506240418100111	0.06781021194097982	0.09719726144629867	0.6624319419237751	0.375	0.13709677419354838	1.0	0.2857142857142857
0.0	0.025900239018847224	0.0	0.0	0.0	0.0	0.38095238095238093	0.0	0.0	0.04042288557213931	0.05651007866427698	0.0707070707070707	0.17404718693284935	1.0	1.0	0.3333333333333333	1.0
0.0	0.10350564700816223	0.0	0.0	0.0	0.0	0.36363636363636365	0.0	0.0	0.06465378718830837	0.06781021194097982	0.10603337612323491	0.34422262552934063	1.0	1.0	0.3333333333333333	1.0
0.0	0.013082632360217715	0.6363636363636365	0.0	0.0	0.0	0.0	0.0	0.0	0.03246440608019809	0.022613679033276223	0.04431710876470083	0.42770719903206295	0.375	0.13709677419354838	1.0	0.2857142857142857
0.0	0.10388793933321545	0.3684210526315789	0.0	0.0	0.0	0.0	0.0	0.0	0.10521095477015771	0.05651735544872949	0.11498757817184956	0.6449236681968613	0.375	0.13709677419354838	1.0	0.2857142857142857
0.0	0.0775578848560701	0.0	0.0	0.0	0.0	0.0	0.0	0.0	0.040394358482815286	0.0414357209860571	0.0441692334017796	0.2263652862563934	1.0	1.0	0.3333333333333333	1.0
0.0	0.013070473779957287	0.0	0.0	0.0	0.0	0.0	0.0	0.0	0.04056612754794419	0.030150715519728814	0.062027978029522826	0.368421052631579	1.0	1.0	0.3333333333333333	1.0
0.0	0.0393577326135281	0.0	0.0	0.0	0.0	0.0	0.0	0.0	0.024374225395379385	0.015077785171119676	0.02661082474226804	0.4361766485178463	1.0	1.0	0.3333333333333333	1.0
0.0	0.026312123081822344	0.0	0.0	0.0	0.0	0.0	0.0	0.0	0.016266800986188067	0.0037700890433271803	0.01775427736222165	0.8003629764065335	1.0	1.0	0.3333333333333333	1.0
0.0	0.013058337778304589	0.0	0.0	0.0	0.0	0.0	0.0	0.0	0.04055175768342137	0.03391823442646687	0.04429429429429429	0.310674806137601	1.0	1.0	0.3333333333333333	1.0
0.0	0.0	0.0	0.0	0.0	0.0	0.0	0.0	0.0	0.008116101520049523	0.022613679033276223	0.017726843505880333	0.13974591651542653	1.0	1.0	0.3333333333333333	1.0
0.0	0.05184822041376606	0.3333333333333333	0.12121212121212122	0.0	0.0	0.0	0.0	0.0	0.05661202992455597	0.06028030890845457	0.07956588749036732	0.37778202311586584	0.375	0.13709677419354838	1.0	0.2857142857142857
0.0	0.06511032308904649	0.0	0.0	0.0	0.0	0.0	0.0	0.0	0.008101741821677177	0.03391352377852764	0.05311213991769547	0.3121597096188748	1.0	1.0	0.3333333333333333	1.0
0.0	0.06475059754711807	0.31818181818181823	0.0	0.0	0.0	0.0	0.0	0.0	0.048507462686567165	0.06404540298791597	0.07954545454545454	0.38874773139745905	0.375	0.13709677419354838	1.0	0.2857142857142857
0.0	0.026140947559914574	0.0	0.0	0.0	0.0	0.0	0.0	0.0	0.024339676528766514	0.02261253679845218	0.035444558874013044	0.5183303085299457	1.0	1.0	0.3333333333333333	1.0
0.0	0.026020036609128664	0.0	0.0	0.0	0.0	0.0	0.0	0.0	0.03239550390952912	0.04898545630481526	0.05309848290048856	0.15499092558983668	1.0	1.0	0.3333333333333333	1.0
0.0	0.0	0.0	0.0	0.0	0.0	0.0	0.0	0.0	0.0	0.01130741056910616	0.026603968049471783	0.04537205081669691	1.0	1.0	0.3333333333333333	1.0
0.0	0.03885035852827083	0.0	0.0	0.0	0.0	0.0	0.0	0.0	0.05659203980099503	0.06781306514973545	0.09722222222222222	0.3125226860254083	1.0	1.0	0.3333333333333333	1.0
0.0	0.03921142133987186	0.0	0.0	0.0	0.0	0.0	0.0	0.0	0.04056612754794419	0.030150715519728814	0.062027978029522826	0.5488203266787658	1.0	1.0	0.3333333333333333	1.0
0.0	0.03892203815655178	0.0	0.0	0.275	0.0	0.0	0.0	0.0	0.056632034175412696	0.05651492967020351	0.07074340527577938	0.1326880419439403	1.0	1.0	0.3333333333333333	1.0
0.0	0.013131493732244672	0.0	0.3333333333333333	0.0	0.0	0.0	0.0	0.0	0.01625525196170373	0.011308838741316189	0.026617684970353182	0.24646098003629766	0.5	0.07258064516129033	0.6666666666666666	0.0
0.0	0.0	0.0	0.0	0.0	0.0	0.0	0.0	0.0	0.0	0.02261482135464304	0.017731409926154903	0.12386569872958259	1.0	1.0	0.3333333333333333	1.0
0.0	0.025995988516144257	0.0	0.0	0.0	0.0	0.0	0.0	0.0	0.01619202431970276	0.041446849764486794	0.04423736075407026	0.21279491833030856	1.0	1.0	0.3333333333333333	1.0
0.0	0.0	0.0	0.0	0.0	0.0	0.0	0.0	0.0	0.016220703073368547	0.01884244805805915	0.026576576576576576	0.22059066160699567	1.0	1.0	0.3333333333333333	1.0
0.0	0.05204007321825733	0.0	0.0	0.0	0.0	0.0	0.0	0.0	0.03239550390952912	0.04144870505261932	0.035398988600325705	0.19225650332728375	1.0	1.0	0.3333333333333333	1.0
0.0	0.051752823504081114	0.0	0.0	0.0	0.0	0.0	0.0	0.0	0.04849034039123128	0.060275172938216395	0.08836114676936242	0.19419237749546275	1.0	1.0	0.3333333333333333	1.0
0.0	0.012997994258072128	0.0	0.0	0.0	0.0	0.0	0.0	0.0	0.0404800607992569	0.03767861685286055	0.05308483290488432	0.24773139745916506	1.0	1.0	0.3333333333333333	1.0
0.0	0.013094813582154603	0.0	0.0	0.0	0.0	0.0	0.0	0.0	0.03247591828093575	0.02261482135464304	0.04432852481538726	0.3715970961887477	1.0	1.0	0.3333333333333333	1.0
0.0	0.0	0.0	0.0	0.0	0.0	0.0	0.0	0.0	0.0	0.0037700890433271803	0.008877138681110825	0.12280701754385964	1.0	1.0	0.3333333333333333	1.0
0.0	0.013082632360217715	0.6363636363636365	0.0	1.0	0.0	0.0	0.0	0.31818181818181823	0.024348304560148568	0.022613679033276223	0.053180530517640996	0.1538616656583989	0.375	0.13709677419354838	1.0	0.2857142857142857
0.0	0.013070473779957287	0.0	0.0	0.0	0.0	0.0	0.0	0.0	0.01622645101917768	0.02261253679845218	0.062027978029522826	0.1397459165154265	1.0	1.0	0.3333333333333333	1.0
0.0	0.06511032308904649	0.0	0.0	0.0	0.0	0.0	0.0	0.0	0.05671219275174024	0.04521907883266819	0.09737225651577504	0.5372050816696915	1.0	1.0	0.3333333333333333	1.0
0.0	0.0130462242924249	0.0	0.0	0.39285714285714285	0.0	0.0	0.0	0.0	0.016214959198342566	0.03014786025715494	0.044282895865500084	0.1820931639443436	1.0	1.0	0.3333333333333333	1.0
0.0	0.0782773457545494	0.0	0.0	0.39285714285714285	0.0	0.0	0.0	0.0	0.016214959198342566	0.03391666409153587	0.09742237090410019	0.45735027223230496	1.0	1.0	0.3333333333333333	1.0
0.0	0.03903005491369299	0.0	0.0	0.0	0.0	0.0	0.0	0.0	0.02429662793214684	0.037680329426521345	0.07079797720065141	0.26339987900786443	1.0	1.0	0.3333333333333333	1.0
0.0	0.0391386728772747	0.0	0.0	0.0	0.0	0.0	0.0	0.0	0.016214959198342566	0.03391666409153587	0.0531394750386001	0.28584392014519056	1.0	1.0	0.3333333333333333	1.0
0.0	0.07849579416130628	0.0	0.0	0.0	0.0	0.0	0.0	0.0	0.04058050760024761	0.026382911173267545	0.06204395227058116	0.8257713248638839	1.0	1.0	0.3333333333333333	1.0
0.0	0.09031817294553973	0.0	0.0	0.0	0.0	0.0	0.0	0.0	0.02421952297749616	0.08287001995051606	0.09712245596032153	0.2593768905021174	1.0	1.0	0.3333333333333333	1.0
0.0	0.07784407631310356	0.35000000000000003	0.0	0.0	0.0	0.0	0.0	0.0	0.04854174357892516	0.0602828771853128	0.13264388489208634	0.5039322444041138	0.375	0.13709677419354838	1.0	0.2857142857142857
0.0	0.025852628285356696	0.0	0.0	0.0	0.0	0.0	0.0	0.0	0.016157743393126114	0.06780735894828632	0.10600616016427104	0.18247813892097023	1.0	1.0	0.3333333333333333	1.0
0.0	0.05189605087540237	0.0	0.0	0.0	0.0	0.0	0.0	0.0	0.03236116238595011	0.05651492967020351	0.09727218225419663	0.3966525509175237	1.0	1.0	0.3333333333333333	1.0
0.0	0.03903005491369299	0.0	0.0	0.0	0.0	0.0	0.0	0.0	0.02429662793214684	0.04898545630481526	0.07964772435073283	0.4683605565638234	1.0	1.0	0.3333333333333333	1.0
0.0	0.09115445232466508	0.4375	0.4705882352941177	0.34375	0.0	0.0	0.0	0.0	0.08101741821677177	0.04521907883266819	0.09737225651577504	0.5499092558983667	0.5	0.07258064516129033	0.6666666666666666	0.0
0.0	0.22035493675850573	0.0	0.3636363636363636	0.0	0.0	0.0	0.0	0.0	0.11322405984911194	0.0640481137415162	0.12376915831834916	0.811061228388576	0.5	0.07258064516129033	0.6666666666666666	0.0
0.0	0.1298599241665193	0.0	0.26666666666666666	0.28947368421052627	0.0	0.0	0.0	0.3684210526315789	0.10521095477015771	0.045213084824838226	0.07960678488820354	0.23988470161204237	0.5	0.07258064516129033	0.6666666666666666	0.0
0.0	0.026140947559914574	0.0	0.0	0.0	0.0	0.0	0.0	0.0	0.07301902958629955	0.026381626159090493	0.035444558874013044	0.18802177858439204	1.0	1.0	0.3333333333333333	1.0
0.0	0.10446670222643671	0.0	0.5714285714285714	0.0	0.0	0.0	0.0	0.0	0.07299316383015846	0.03391823442646687	0.07087087087087086	0.6248143870648407	0.5	0.07258064516129033	0.6666666666666666	0.0
0.0	0.11676611446965533	0.0	0.12698412698412698	0.0	0.0	0.0	0.0	0.0	0.11326406835082539	0.0602828771853128	0.09727218225419663	0.594273038919137	1.0	1.0	0.3333333333333333	1.0
0.0	0.09140836444813212	0.0	0.0	0.0	0.0	0.0	0.0	0.0	0.07299316383015846	0.03391823442646687	0.05315315315315315	0.7172083814552055	1.0	1.0	0.3333333333333333	1.0
0.0	0.02616526472043543	0.0	0.2222222222222222	0.0	0.0	0.0	0.0	0.0	0.06492881216039618	0.026382911173267545	0.053180530517640996	0.5462794918330309	1.0	1.0	0.3333333333333333	1.0
0.0	0.02616526472043543	0.6363636363636365	0.0	0.5	0.0	0.0	0.0	0.0	0.0730449136804457	0.026382911173267545	0.026590265258820498	0.24984875983061103	0.375	0.13709677419354838	1.0	0.2857142857142857
0.0	0.06541316180108857	0.6363636363636365	0.0	0.5	0.0	0.0	0.0	0.0	0.05681271064034666	0.026382911173267545	0.06204395227058116	0.4248840492034685	0.375	0.13709677419354838	1.0	0.2857142857142857
0.0	0.10379210175080474	0.0	0.0	0.0	0.0	0.0	0.0	0.0	0.08899319656136281	0.0602828771853128	0.10611510791366906	0.4037104254890098	1.0	1.0	0.3333333333333333	1.0
0.0	0.013143766156293498	0.0	0.0	0.0	0.0	0.0	0.0	0.0	0.008130512211668928	0.007539606709540227	0.017749699157641397	0.24773139745916517	1.0	1.0	0.3333333333333333	1.0
0.0	0.09115445232466508	0.0	0.0	0.0	0.0	0.0	0.0	0.0	0.04050870910838589	0.03768204212990782	0.05311213991769547	0.5063520871143377	1.0	1.0	0.3333333333333333	1.0
0.0	0.03885035852827083	0.0	0.0	0.0	0.0	0.0	0.0	0.0	0.1050995024875622	0.06781306514973545	0.05303030303030303	0.16515426497277677	1.0	1.0	0.3333333333333333	1.0
0.0	0.06475059754711807	0.0	0.0	0.25	0.0	0.0	0.0	0.0	0.08084577114427861	0.05651007866427698	0.07954545454545454	0.2566243194192378	1.0	1.0	0.3333333333333333	1.0
0.0	0.14218945556946183	0.0	0.0	0.0	0.0	0.0	0.0	0.0	0.08078871696563057	0.07534211265178041	0.07950462012320328	0.4862233954792939	1.0	1.0	0.3333333333333333	1.0
0.0	0.026140947559914574	0.0	0.0	0.0	0.0	0.0	0.0	0.0	0.03245290203835536	0.030150715519728814	0.008861139718503261	0.14990925589836657	1.0	1.0	0.3333333333333333	1.0
0.0	0.0131070175090718	0.0	0.0	0.0	0.0	0.0	0.0	0.0	0.032487438649251084	0.018846446031410367	0.017735978699647856	0.0780399274047187	1.0	1.0	0.3333333333333333	1.0
0.0	0.0907343857240906	0.0	0.0	0.0	0.0	0.0	0.0	0.0	0.05661202992455597	0.0640481137415162	0.044203270827981846	0.1771897984525743	1.0	1.0	0.3333333333333333	1.0
0.0	0.0260924485848498	0.0	0.0	0.0	0.0	0.0	0.0	0.0	0.016214959198342566	0.0376854679259168	0.044282895865500084	0.11222020568663037	1.0	1.0	0.3333333333333333	1.0
0.0	0.026044129235618597	0.0	0.0	0.0	0.0	0.0	0.0	0.0	0.03240696728670871	0.04521907883266819	0.026556069958847735	0.09437386569872959	1.0	1.0	0.3333333333333333	1.0
0.0	0.0	0.0	0.0	0.0	0.0	0.0	0.0	0.0	0.04056612754794419	0.026381626159090493	0.017722279437006522	0.07876588021778584	1.0	1.0	0.3333333333333333	1.0
0.0	0.026116675556609178	0.0	0.19047619047619047	0.0	0.0	0.0	0.0	0.0	0.05677246075678991	0.030149287834364935	0.03543543543543543	0.30374525655832374	1.0	1.0	0.3333333333333333	1.0
0.0	0.11698194832264915	0.3888888888888889	0.0	0.0	0.0	0.0	0.0	0.0	0.0404800607992569	0.052751548499365516	0.07077977720651242	0.32395644283121594	0.375	0.13709677419354838	1.0	0.2857142857142857
0.0	0.06498997129036065	0.0	0.0	0.0	0.0	0.0	0.0	0.0	0.048576072959108284	0.04521508267611304	0.06193230505569837	0.40335753176043554	1.0	1.0	0.3333333333333333	1.0
0.0	0.14115157633172853	0.21875	0.0	0.171875	0.28125	0.25806451612903225	0.22580645161290322	0.0	0.15306647620448077	0.08661572299920331	0.1674991461748634	0.4090744101633394	0.0	0.0	0.0	0.35714285714285715
0.0	0.039175013334913765	0.0	0.0	0.0	0.0	0.0	0.0	0.0	0.04055175768342137	0.03391823442646687	0.04429429429429429	0.5786173898696585	1.0	1.0	0.3333333333333333	1.0
0.0	0.0913235700469743	0.0	0.0	0.0	0.0	0.0	0.0	0.0	0.040537397995856414	0.0376854679259168	0.07085263338480013	0.7940108892921962	1.0	1.0	0.3333333333333333	1.0
0.0	0.06523112146212451	0.0	0.0	0.0	0.0	0.0	0.0	0.0	0.048644877595027704	0.03014786025715494	0.0531394750386001	0.719903206291591	1.0	1.0	0.3333333333333333	1.0
0.0	0.07806010982738598	0.0	0.0	0.0	0.0	0.0	0.0	0.0	0.03239550390952912	0.04898545630481526	0.07079797720065141	0.5479733817301876	1.0	1.0	0.3333333333333333	1.0
0.0	0.05189605087540237	0.0	0.0	0.0	0.0	0.0	0.0	0.0	0.02427087178946258	0.0602828771853128	0.07958633093525179	0.3345432546884452	1.0	1.0	0.3333333333333333	1.0
0.0	0.026189627164309205	0.0	0.0	0.0	0.0	0.0	0.0	0.0	0.02435693871070181	0.02261482135464304	0.04432852481538726	0.33348457350272237	1.0	1.0	0.3333333333333333	1.0
0.0	0.026189627164309205	0.0	0.0	0.0	0.0	0.0	0.0	0.0	0.03247591828093575	0.02261482135464304	0.026597114889232353	0.38747731397459156	1.0	1.0	0.3333333333333333	1.0
0.0	0.0131070175090718	0.0	0.0	0.0	0.0	0.0	0.0	0.0	0.032487438649251084	0.018846446031410367	0.03547195739929571	0.36116152450090744	1.0	1.0	0.3333333333333333	1.0
0.0	0.0	0.0	0.0	0.0	0.0	0.0	0.0	0.0	0.02433105461005282	0.01884244805805915	0.008858858858858858	0.16515426497277674	1.0	1.0	0.3333333333333333	1.0
0.0	0.03924789708065314	0.0	0.0	0.0	0.0	0.0	0.0	0.0	0.04058050760024761	0.026382911173267545	0.017726843505880333	0.42770719903206295	1.0	1.0	0.3333333333333333	1.0
0.0	0.026116675556609178	0.0	0.0	0.0	0.0	0.0	0.0	0.0	0.04055175768342137	0.03391823442646687	0.05315315315315315	0.2783369081009734	1.0	1.0	0.3333333333333333	1.0
0.0	0.013058337778304589	0.0	0.0	0.0	0.0	0.0	0.0	0.0	0.032441406146737094	0.030149287834364935	0.05315315315315315	0.4862233954792939	1.0	1.0	0.3333333333333333	1.0
0.0	0.07777233062064909	0.0	0.0	0.0	0.0	0.0	0.0	0.0	0.06469946277092109	0.04144128474314654	0.06188457915917458	0.2601012513134015	1.0	1.0	0.3333333333333333	1.0
0.0	0.026020036609128664	0.0	0.0	0.0	0.0	0.0	0.0	0.0	0.02429662793214684	0.026375202548227415	0.008849747150081426	0.11941923774954627	1.0	1.0	0.3333333333333333	1.0
0.0	0.052088258471237193	0.0	0.0	0.0	0.0	0.0	0.0	0.0	0.016203483643354354	0.03768204212990782	0.0796682098765432	0.4519056261343013	1.0	1.0	0.3333333333333333	1.0
0.0	0.0262140350181436	0.0	0.0	0.0	0.0	0.0	0.0	0.0	0.008121859662312771	0.018846446031410367	0.026603968049471783	0.2413793103448276	1.0	1.0	0.3333333333333333	1.0
0.0	0.0	0.0	0.0	0.0	0.0	0.0	0.0	0.0	0.024374225395379385	0.015077785171119676	0.03548109965635739	0.1482153660012099	1.0	1.0	0.3333333333333333	1.0
0.0	0.013082632360217715	0.0	0.0	0.0	0.0	0.0	0.0	0.0	0.024348304560148568	0.022613679033276223	0.026590265258820498	0.17080056462996573	1.0	1.0	0.3333333333333333	1.0
0.0	0.039175013334913765	0.0	0.0	0.0	0.0	0.0	0.0	0.0	0.02433105461005282	0.03391823442646687	0.06201201201201201	0.20673156244844082	1.0	1.0	0.3333333333333333	1.0
0.0	0.026189627164309205	0.0	0.0	0.0	0.0	0.0	0.0	0.0	0.008118979570233938	0.018845446424480865	0.026597114889232353	0.1429219600725953	1.0	1.0	0.3333333333333333	1.0
0.0	0.026044129235618597	0.0	0.0	0.0	0.0	0.0	0.0	0.0	0.03240696728670871	0.04521907883266819	0.03540809327846365	0.279491833030853	1.0	1.0	0.3333333333333333	1.0
0.0	0.0	0.0	0.0	0.0	0.0	0.0	0.0	0.0	0.016237959140467877	0.018845446424480865	0.035462819852309806	0.4382940108892922	1.0	1.0	0.3333333333333333	1.0
0.0	0.0	0.0	0.0	0.0	0.0	0.0	0.0	0.0	0.008130512211668928	0.007539606709540227	0.026624548736462094	0.33666061705989114	1.0	1.0	0.3333333333333333	1.0
0.0	0.03874333274720122	0.0	0.0	0.0	0.0	0.0	0.0	0.0	0.03230408802548106	0.060270037745801974	0.07948421862971516	0.32312790972934585	1.0	1.0	0.3333333333333333	1.0
0.0	0.10417651694247439	0.0	0.0	0.0	0.0	0.0	0.0	0.0	0.05671219275174024	0.04521907883266819	0.09737225651577504	0.8802177858439203	1.0	1.0	0.3333333333333333	1.0
0.0	0.039175013334913765	0.0	0.0	0.0	0.0	0.0	0.0	0.0	0.016220703073368547	0.03391823442646687	0.04429429429429429	0.5047021943573669	1.0	1.0	0.3333333333333333	1.0
0.0	0.10417651694247439	0.0	0.0	0.0	0.0	0.0	0.0	0.0	0.04861045093006306	0.04521907883266819	0.09737225651577504	1.0	1.0	1.0	0.3333333333333333	1.0
0.0	0.05194396966660773	0.0	0.0	0.0	0.0	0.0	0.0	0.0	0.024279451100805625	0.05651735544872949	0.09729718153002655	0.5119034909789687	1.0	1.0	0.3333333333333333	1.0
0.0	0.06517066629858222	0.0	0.0	0.0	0.0	0.0	0.0	0.0	0.024313829084665173	0.03768375496303473	0.06198010462224508	0.40555633114616774	1.0	1.0	0.3333333333333333	1.0
0.0	0.013143766156293498	0.0	0.0	0.0	0.0	0.0	0.0	0.0	0.008130512211668928	0.00376966051049158	0.008874849578820699	0.46370235934664245	1.0	1.0	0.3333333333333333	1.0
0.0	0.052233351113218356	0.0	0.0	0.0	0.0	0.0	0.0	0.0	0.02433105461005282	0.03391823442646687	0.07087087087087086	0.4400263982841115	1.0	1.0	0.3333333333333333	1.0
0.0	0.06475059754711807	0.0	0.0	0.0	0.0	0.0	0.0	0.0	0.04042288557213931	0.06781306514973545	0.09722222222222222	0.39128856624319425	1.0	1.0	0.3333333333333333	1.0
0.0	0.0521848971696996	0.0	0.0	0.0	0.0	0.0	0.0	0.0	0.048644877595027704	0.03391666409153587	0.044282895865500084	0.5124016938898971	1.0	1.0	0.3333333333333333	1.0
0.0	0.06511032308904649	0.0	0.0	0.0	0.0	0.0	0.0	0.0	0.03240696728670871	0.04521907883266819	0.08852023319615912	0.5789473684210527	1.0	1.0	0.3333333333333333	1.0
0.0	0.06505009152282165	0.0	0.0	0.0	0.0	0.0	0.0	0.0	0.040494379886911396	0.0452170806787173	0.061948230050569986	0.4971566848154869	1.0	1.0	0.3333333333333333	1.0
0.0	0.026189627164309205	0.0	0.0	0.0	0.0	0.0	0.0	0.0	0.02435693871070181	0.018845446424480865	0.035462819852309806	0.6129764065335753	1.0	1.0	0.3333333333333333	1.0
0.0	0.013094813582154603	0.0	0.0	0.0	0.0	0.0	0.0	0.0	0.04059489785116969	0.01507607149431869	0.035462819852309806	0.45735027223230484	1.0	1.0	0.3333333333333333	1.0
0.0	0.0	0.0	0.0	0.611111111111111	1.0	1.0	0.0	0.0	0.032487438649251084	0.01130741056910616	0.026603968049471783	0.35753176043557167	0.0	0.0	0.0	0.35714285714285715
0.0	0.02616526472043543	0.0	0.0	0.0	0.0	0.0	0.0	0.0	0.024348304560148568	0.011305982613302254	0.026590265258820498	0.25549505948779994	1.0	1.0	0.3333333333333333	1.0
0.0	0.0	0.0	0.0	0.0	0.0	0.0	0.0	0.0	0.0	0.007539606709540227	0.0	0.006352087114337565	1.0	1.0	0.3333333333333333	1.0
0.0	0.11709016474107899	0.0	0.4444444444444444	0.32352941176470584	0.0	0.0	0.0	0.0	0.08098875977382279	0.04898545630481526	0.11504671295105853	0.7088929219600726	0.5	0.07258064516129033	0.6666666666666666	0.0
0.0	0.14311020135020763	0.0	0.4444444444444444	0.0	0.0	0.0	0.0	0.0	0.08908763575120507	0.04898545630481526	0.10619696580097712	0.7783424077434967	0.5	0.07258064516129033	0.6666666666666666	0.0
0.0	0.07835002666982753	0.0	0.5714285714285714	0.0	0.0	0.0	0.0	0.0	0.05677246075678991	0.03391823442646687	0.07972972972972972	0.6871803332783369	0.5	0.07258064516129033	0.6666666666666666	0.0
0.0	0.07798796554843276	0.0	0.0	0.0	0.0	0.0	0.411764705882353	0.19444444444444445	0.06476809727881104	0.04898331558773927	0.10616966580976864	0.4509981851179674	1.0	1.0	0.3333333333333333	1.0
0.0	0.05252597492897869	0.0	1.0	0.0	0.0	0.0	0.0	0.0	0.03251050392340746	0.011308838741316189	0.04436280828392197	0.9070780399274049	0.5	0.07258064516129033	0.6666666666666666	0.0
0.0	1.0	0.0	0.0	0.0	0.01744186046511628	0.0	0.0	0.0	1.0	0.933501213841877	1.0	0.8474081215970963	1.0	1.0	0.3333333333333333	1.0
0.0	0.05252597492897869	0.0	1.0	0.0	0.0	0.0	0.0	0.0	0.03251050392340746	0.011308838741316189	0.04436280828392197	0.8918330308529947	0.5	0.07258064516129033	0.6666666666666666	0.0
0.0	0.7948660392182013	0.02661596958174905	0.0	0.0	0.017110266159695818	0.0	0.026717557251908396	0.0	0.8940653063999884	0.9519926113352283	0.8905884723901651	0.7019421323820857	1.0	1.0	0.3333333333333333	1.0
0.0	0.07849579416130628	0.6363636363636365	0.0	0.0	0.0	0.8	0.0	0.0	0.03246440608019809	0.0188444468932849	0.04431710876470083	0.6535591853196209	0.375	0.13709677419354838	1.0	0.2857142857142857
0.0	0.065535087545359	0.0	0.0	0.0	0.0	0.0	0.0	0.0	0.032487438649251084	0.018846446031410367	0.044339946749119646	0.7749546279491835	1.0	1.0	0.3333333333333333	1.0
0.0	0.039468184622733514	0.0	0.0	0.0	0.0	0.0	0.0	0.0	0.016266800986188067	0.0037700890433271803	0.008877138681110825	0.4192377495462795	1.0	1.0	0.3333333333333333	1.0
0.0	0.10417651694247439	0.0	0.0	0.0	0.0	0.0	0.0	0.0	0.08101741821677177	0.04145056048128801	0.10622427983539094	0.45735027223230496	1.0	1.0	0.3333333333333333	1.0
0.0	0.051991977032288514	0.0	0.0	0.0	0.0	0.0	0.0	0.0	0.05667208511895966	0.04898331558773927	0.08847472150814052	0.45258620689655177	1.0	1.0	0.3333333333333333	1.0
0.0	0.10398395406457703	0.0	0.42105263157894735	0.0	0.0	0.0	0.0	0.0	0.05667208511895966	0.052751548499365516	0.1327120822622108	0.5748638838475498	0.5	0.07258064516129033	0.6666666666666666	0.0
0.0	0.039321052527215405	0.0	0.0	0.0	0.0	0.0	0.0	0.0	0.032487438649251084	0.018846446031410367	0.03547195739929571	0.4083484573502722	1.0	1.0	0.3333333333333333	1.0
0.0	0.10303172005299664	0.25	0.0	0.0	0.0	0.0	0.0	0.0	0.07260736486699694	0.0790963682212878	0.08824786324786324	0.4495323188608125	1.0	1.0	0.3333333333333333	1.0
0.0	0.07849579416130628	0.0	0.6666666666666666	0.0	0.0	0.0	0.0	0.0	0.04058050760024761	0.026382911173267545	0.07090737402352133	0.729784230691672	0.5	0.07258064516129033	0.6666666666666666	0.0
0.0	0.21954555223414024	0.0	0.0	0.0	0.0	0.0	0.2916666666666667	0.0	0.11306430808918372	0.07910620881037318	0.1766315969549226	0.7042531365896	1.0	1.0	0.3333333333333333	1.0
0.0	0.026238488409018736	0.0	0.0	0.0	0.0	0.0	0.0	0.0	0.008124741798459796	0.015077785171119676	0.02661082474226804	0.4361766485178463	1.0	1.0	0.3333333333333333	1.0
0.0	0.06547406791077301	0.0	0.7272727272727272	0.0	0.0	0.0	0.0	0.0	0.03247591828093575	0.02261482135464304	0.07092563970461961	0.8257713248638839	0.5	0.07258064516129033	0.6666666666666666	0.0
0.0	0.9858314690529455	0.0	0.02877697841726619	0.0	0.01624548736462094	0.028985507246376812	0.0	0.0	0.9419278727837973	1.0	0.9954205832730778	0.7697805642633218	1.0	1.0	0.3333333333333333	1.0
0.0	0.1175250400047413	0.0	0.5714285714285714	0.0	0.0	0.0	0.0	0.0	0.06488281229347419	0.03391823442646687	0.08858858858858858	0.786503877247979	0.5	0.07258064516129033	0.6666666666666666	0.0
0.0	0.051991977032288514	0.0	0.0	0.3055555555555555	0.0	0.0	0.0	0.0	0.07286410943866242	0.052751548499365516	0.05308483290488432	0.37159709618874764	1.0	1.0	0.3333333333333333	1.0
0.0	0.012962055103441514	0.0	0.0	0.0	0.0	0.0	0.0	0.0	0.048524597078190825	0.052744699242331355	0.02652196249678911	0.19992358391441403	1.0	1.0	0.3333333333333333	1.0
0.0	0.05237925432861841	0.0	0.7272727272727272	0.55	0.0	0.0	0.0	0.0	0.056832856991637565	0.02261482135464304	0.053194229778464705	0.530399274047187	0.5	0.07258064516129033	0.6666666666666666	0.0
0.0	0.06475059754711807	0.0	0.0	0.25	0.0	0.0	0.0	0.0	0.08893034825870648	0.06781306514973545	0.11489898989898989	0.38747731397459145	1.0	1.0	0.3333333333333333	1.0
0.0	0.0	0.0	0.0	0.0	0.0	0.0	0.0	0.0	0.0	0.007539606709540227	0.0	0.0	1.0	1.0	0.3333333333333333	1.0
0.0	0.0	0.0	0.0	0.0	0.0	0.0	0.0	0.0	0.0	0.007539606709540227	0.0	0.0	1.0	1.0	0.3333333333333333	1.0
0.0	0.0	0.0	0.0	0.0	0.0	0.0	0.0	0.0	0.0	0.007539606709540227	0.0	0.0	1.0	1.0	0.3333333333333333	1.0
0.0	0.25069215307012555	0.1206896551724138	0.13559322033898305	0.1896551724137931	0.15517241379310345	0.14035087719298245	0.12280701754385964	0.0603448275862069	0.2714253002768584	0.17682394789341963	0.44662849872773536	0.4260435571687837	0.0	0.0	0.0	0.35714285714285715
0.0	0.20644153816123367	0.0	0.19753086419753085	0.0	0.0	0.32	0.28	0.0	0.14531713786497696	0.07910292836563397	0.2030742260988541	0.7114337568058077	1.0	1.0	0.3333333333333333	1.0
0.0	0.052233351113218356	0.0	0.0	0.0	0.6923076923076924	0.0	0.0	0.0	0.06488281229347419	0.030149287834364935	0.09744744744744745	0.5578287411318266	0.0	0.0	0.0	0.35714285714285715
0.0	0.026020036609128664	0.0	0.0	0.0	0.0	0.0	0.0	0.0	0.03239550390952912	0.026375202548227415	0.09734721865089568	0.16854204476709012	1.0	1.0	0.3333333333333333	1.0
0.0	0.05184822041376606	0.3333333333333333	0.0	0.0	0.0	0.0	0.0	0.0	0.05661202992455597	0.04144128474314654	0.12376915831834916	0.4285987200305665	0.375	0.13709677419354838	1.0	0.2857142857142857
0.0	0.06487006359425296	0.0	0.0	0.0	0.0	0.0	0.0	0.0	0.06472232477190022	0.04897903463998494	0.15917266187050358	0.2766686832022585	1.0	1.0	0.3333333333333333	1.0
0.0	0.0779159544999116	0.0	0.0	0.0	0.47368421052631576	0.0	0.0	0.0	0.05665205256854646	0.04898117503280197	0.1503683714554956	0.3968186185544998	0.0	0.0	0.0	0.35714285714285715
0.0	0.09048419899874843	0.0	0.10666666666666667	0.0	0.0	0.0	0.0	0.0	0.048473230179378345	0.04897047468955116	0.19434462696783025	0.2563933344332619	1.0	1.0	0.3333333333333333	1.0
0.0	0.013131493732244672	0.0	0.0	0.0	0.0	0.0	0.0	0.0	0.01625525196170373	0.0037692320101279696	0.03549024662713758	0.18039927404718695	1.0	1.0	0.3333333333333333	1.0
0.0	0.0391386728772747	0.0	0.0	0.0	0.0	0.0	0.0	0.0	0.040537397995856414	0.02637905642277401	0.07085263338480013	0.13551119177253482	1.0	1.0	0.3333333333333333	1.0
0.0	0.14245131460365973	0.0	0.0	0.0	0.0	0.38095238095238093	0.3333333333333333	0.0	0.0646766169154229	0.06404540298791597	0.16792929292929293	0.4840290381125226	1.0	1.0	0.3333333333333333	1.0
0.0	0.0131070175090718	0.0	0.0	0.0	0.0	0.0	0.0	0.0	0.032487438649251084	0.01130741056910616	0.0620759254487675	0.4192377495462795	1.0	1.0	0.3333333333333333	1.0
0.0	0.06505009152282165	0.0	0.0	0.0	0.0	0.0	0.0	0.0	0.040494379886911396	0.037680329426521345	0.12389646010113997	0.13127646702964305	1.0	1.0	0.3333333333333333	1.0
0.0	0.0781323877068558	0.4375	0.0	0.0	0.0	0.0	0.0	0.0	0.05671219275174024	0.03768204212990782	0.12392832647462276	0.4736842105263158	0.375	0.13709677419354838	1.0	0.2857142857142857
0.0	0.05233052944087086	0.6363636363636365	0.0	0.0	0.0	0.0	0.0	0.0	0.03246440608019809	0.022613679033276223	0.0797707957764615	0.6337971365194596	0.375	0.13709677419354838	1.0	0.2857142857142857
0.0	0.0130462242924249	0.5	0.0	0.0	0.0	0.0	0.0	0.0	0.016214959198342566	0.01130384108525029	0.09742237090410019	0.1503327283726558	0.375	0.13709677419354838	1.0	0.2857142857142857
0.0	0.039321052527215405	0.0	0.0	0.0	0.0	0.0	0.0	0.0	0.04060929831156385	0.015076928300258264	0.0620759254487675	0.4482758620689655	1.0	1.0	0.3333333333333333	1.0
0.0	0.013070473779957287	0.0	0.0	0.0	0.0	0.0	0.0	0.0	0.024339676528766514	0.02261253679845218	0.08861139718503261	0.26678765880217786	1.0	1.0	0.3333333333333333	1.0
0.0	0.06498997129036065	0.0	0.0	0.0	0.0	0.0	0.0	0.0	0.048576072959108284	0.04521508267611304	0.1327120822622108	0.4224137931034483	1.0	1.0	0.3333333333333333	1.0
0.0	0.03921142133987186	0.0	0.0	0.0	0.0	0.0	0.0	0.0	0.03245290203835536	0.01884344743781386	0.08861139718503261	0.2566243194192377	1.0	1.0	0.3333333333333333	1.0
0.0	0.052088258471237193	0.0	0.0	0.0	0.5625	0.5333333333333333	0.0	0.21875	0.04050870910838589	0.03391352377852764	0.10622427983539094	0.20689655172413793	0.0	0.0	0.0	0.35714285714285715
0.0	0.013131493732244672	0.0	0.0	0.0	0.0	0.0	0.0	0.0	0.03251050392340746	0.007539035375722079	0.04436280828392197	0.6225045372050817	1.0	1.0	0.3333333333333333	1.0
0.0	0.012950119509423612	0.0	0.0	0.0	0.4090909090909091	0.0	0.3333333333333333	0.0	0.08084577114427861	0.06027774082609648	0.15025252525252525	0.2744101633393829	0.0	0.0	0.0	0.35714285714285715
1.0	0.10466105888174172	0.6363636363636365	0.6666666666666666	0.0	0.0	0.0	0.0	0.0	0.06492881216039618	0.022613679033276223	0.06204395227058116	0.5660415406331922	0.5	0.07258064516129033	0.6666666666666666	0.0
1.0	0.05237925432861841	0.7000000000000001	0.7272727272727272	0.0	0.0	0.0	0.0	0.0	0.0649518365618715	0.018845446424480865	0.06205993474154216	0.7686025408348457	0.5	0.07258064516129033	0.6666666666666666	0.0
1.0	0.07856888149292761	0.0	0.7272727272727272	0.0	0.0	0.0	0.7777777777777778	0.0	0.0649518365618715	0.02261482135464304	0.07092563970461961	0.70508166969147	0.5	0.07258064516129033	0.6666666666666666	0.0
1.0	0.05237925432861841	0.7000000000000001	0.0	0.0	0.0	0.0	0.0	0.0	0.03247591828093575	0.02261482135464304	0.07092563970461961	0.7368421052631581	0.375	0.13709677419354838	1.0	0.2857142857142857
