is_a_highlight	abstract	keyword1	keyword2	keyword3	keyword4	keyword5	keyword6	introduction	conclusion	text	word freq. in sentence	n_sents_intro	n_sents_text	n_sents_abst	n_sents_conclu
0.0	0.6595836947094535	0.6	0.0	0.0	0.0	0.0	0.0	0.26248102921659394	0.23087578425616578	0.34752986144290493	0.19978106185002736	1.0	1.0	0.0	0.625
0.0	0.708477508650519	0.0	0.0	0.5263157894736842	0.0	0.18421052631578946	0.0	0.2862856761930157	0.33347015857581275	0.30868535635169203	0.35046202389001574	0.10714285714285714	0.022388059701492536	0.0	0.0
0.0	0.9093264248704662	0.0	0.0	0.0	0.19047619047619047	0.3333333333333333	0.42857142857142855	0.4293712686034221	0.41041064613259143	0.6170643252529109	0.4219600725952813	0.0	0.0	0.0	0.0625
0.0	0.6590121317157712	0.0	0.5294117647058824	0.0	0.47058823529411764	0.2058823529411765	0.0	0.31018417100822593	0.3591360168672976	0.30883870228132526	0.4291187739463602	0.25	0.332089552238806	1.0	1.0
0.0	0.9077586206896551	0.0	0.0	0.0	0.34782608695652173	0.30434782608695654	0.1956521739130435	0.35776169848145856	0.4360452003049736	0.3854739010989011	0.260901295384054	0.25	0.332089552238806	1.0	1.0
0.0	0.708477508650519	0.0	0.0	0.2631578947368421	0.21052631578947367	0.3684210526315789	0.23684210526315788	0.31014281587576703	0.3847742517194217	0.30868535635169203	0.3003155285102546	0.25	0.332089552238806	1.0	1.0
0.0	0.40240756663800514	0.36000000000000004	0.0	0.0	0.0	0.0	0.0	0.5246122702812469	0.2821273988628203	0.3466685730626251	0.070242656449553	1.0	1.0	0.0	0.625
0.0	0.149616368286445	0.0	0.0	0.0	0.0	0.0	0.0	0.6434136179441813	0.3333606229516476	0.0768470096034991	0.019157088122605352	1.0	1.0	0.0	0.625
0.0	0.2543478260869565	0.0	0.0	0.0	0.0	0.0	0.0	0.23866685720637038	0.20523478859712335	0.038643231457751594	0.11145942180424942	1.0	1.0	0.0	0.625
0.0	0.20242214532871972	0.0	0.0	0.5263157894736842	0.0	0.0	0.0	0.3817142349240209	0.3078181120040082	0.07717133908792301	0.07888212756366914	0.10714285714285714	0.022388059701492536	0.0	0.0
0.0	0.40068493150684925	0.0	0.0	0.0	0.0	0.0	0.0	0.5482756214455409	0.4616254487337232	0.5001237623762376	0.0762980578676179	1.0	1.0	0.0	0.625
0.0	0.35240963855421686	0.0	0.0	0.0	0.0	0.0	0.0	0.4054092217282728	0.38473006056141834	0.23116967316273218	0.18032650341495915	1.0	1.0	0.0	0.625
0.0	0.6923076923076922	0.0	0.0	0.10869565217391304	0.0	0.0	0.0	0.8096854126265892	0.692250936306078	0.5749312339941194	0.11276558690351805	1.0	1.0	0.0	0.625
0.0	0.3530172413793103	0.0	0.0	0.0	0.0	0.0	0.0	0.45316481807651415	0.35909458468256966	0.346926510989011	0.272304324028462	1.0	1.0	0.0	0.625
0.0	0.35240963855421686	0.0	0.0	0.0	0.0	0.0	0.0	0.4054092217282728	0.23083435281484269	0.34675450974409827	0.36023654839247027	1.0	1.0	0.0	0.625
0.0	0.05100261551874455	0.0	0.0	0.0	0.0	0.0	0.0	0.1432287696295167	0.10262245961222442	0.07734415373131472	0.24425287356321837	1.0	1.0	0.0	0.625
0.0	0.25346620450606583	0.0	0.0	0.588235294117647	0.0	0.0	0.0	0.3579048127017992	0.28217711480794805	0.11581451335549697	0.2049808429118774	0.10714285714285714	0.022388059701492536	0.0	0.0
0.0	0.2530276816608997	0.0	0.0	0.2631578947368421	0.0	0.18421052631578946	0.0	0.3817142349240209	0.3847742517194217	0.2700996868077305	0.38990308767185033	0.10714285714285714	0.022388059701492536	0.0	0.0
0.0	0.3533218291630716	0.42857142857142855	0.0	0.0	0.0	0.0	0.0	0.4054902819565576	0.3591014894270757	0.46268343415453317	0.19827586206896552	1.0	1.0	0.0	0.625
0.0	0.20312499999999997	0.0	0.0	0.0	0.0	0.0	0.0	0.2624985314523222	0.17957261217482098	0.15449610032115002	0.31461833185971116	1.0	1.0	0.0	0.625
0.0	0.10209424083769633	0.0	0.0	0.0	0.0	0.0	0.0	0.11936526995562417	0.10262476226799615	0.11604510472106291	0.2681992337164751	1.0	1.0	0.0	0.625
0.0	0.1511627906976744	0.0	0.0	0.0	0.0	0.0	0.0	0.3815870477205943	0.25648870055512424	0.34684048904232395	0.1920062695924765	1.0	1.0	0.0	0.625
0.0	0.05113636363636363	0.0	0.0	0.0	0.0	0.0	0.0	0.0955049576038301	0.025656651073348292	0.038700965369292066	0.32375478927203066	1.0	1.0	0.0	0.625
0.0	0.10227272727272727	0.0	0.0	0.0	0.0	0.0	0.0	0.11938119700478764	0.07697179557614665	0.038700965369292066	0.19731800766283522	1.0	1.0	0.0	0.625
0.0	0.10218340611353711	0.0	0.0	0.0	0.0	0.0	0.0	0.09549858635916007	0.07696995331925809	0.11607399322111796	0.070242656449553	1.0	1.0	0.0	0.625
0.0	0.2510729613733905	0.0	0.0	0.0	0.0	0.0	0.0	0.5006995336442371	0.3077642569294707	0.23099788494883863	0.08104921898025345	1.0	1.0	0.0	0.625
0.0	0.1520797227036395	0.0	0.0	0.0	0.0	0.0	0.0	0.28632385016143935	0.1539122780423655	0.11581451335549697	0.11621966794380587	1.0	1.0	0.0	0.625
0.0	0.10165073848827105	0.0	0.0	0.0	0.0	0.0	0.0	0.28638113020615025	0.28219369035896147	0.07726725176389605	0.2490421455938697	1.0	1.0	0.0	0.625
0.0	0.4003421727972626	0.0	0.0	0.0	0.0	0.0	0.0	0.6435850349197891	0.5385548948608053	0.3076923076923077	0.2164750957854407	1.0	1.0	0.0	0.625
0.0	0.2521551724137931	0.4090909090909091	0.0	0.0	0.0	0.0	0.0	0.4054632582789864	0.3334443794751017	0.346926510989011	0.3402663747491335	1.0	1.0	0.0	0.625
0.0	0.10236220472440945	0.0	0.0	0.0	0.0	0.0	0.0	0.07163349727400968	0.05131560506701962	0.11613181339208738	0.10057471264367814	1.0	1.0	0.0	0.625
0.0	0.1528745644599303	0.0	0.0	0.0	0.0	0.0	0.0	0.16708908601791947	0.15393161722654183	0.19331228473019518	0.22562792677735205	1.0	1.0	0.0	0.625
0.0	0.10156249999999999	0.0	0.0	0.0	0.0	0.0	0.0	0.2624985314523222	0.2052265003753549	0.11587207524086252	0.20925434718538166	1.0	1.0	0.0	0.625
0.0	0.15168539325842695	0.0	0.0	0.0	0.0	0.0	0.0	0.3101221424444994	0.3334637134536504	0.1543043702388453	0.2330779054916986	1.0	1.0	0.0	0.625
0.0	0.3033707865168539	0.0	0.0	0.0	0.0	0.0	0.0	0.4293998895385377	0.3334637134536504	0.23145655535826795	0.1878458918688804	1.0	1.0	0.0	0.625
0.0	0.05100261551874455	0.0	0.0	0.0	0.0	0.0	0.0	0.16710023123443613	0.10262245961222442	0.07734415373131472	0.00359195402298851	1.0	1.0	0.0	0.625
0.0	0.6923076923076922	0.0	0.0	0.10869565217391304	0.0	0.07608695652173914	0.0	0.9287567968363816	0.87172829373996	0.919889974390591	0.36964472309299895	1.0	1.0	0.0	0.625
0.0	0.4932546374367621	0.0	0.0	0.0	0.08163265306122448	0.0	0.0	1.0	0.897318246647932	0.7660082647761307	0.21358115268606828	1.0	1.0	0.0	0.625
0.0	0.2008583690987124	0.0	0.0	0.17857142857142855	0.0	0.0	0.0	0.4768566987087973	0.4103558724245232	0.3079971799317848	0.23467432950191572	1.0	1.0	0.0	0.625
0.0	0.10245183887915936	0.0	0.0	0.0	0.0	0.0	0.0	0.047758851321939334	0.025658493429450074	0.07744049672300793	0.06385696040868453	1.0	1.0	0.0	0.625
0.0	0.2029488291413703	0.0	0.0	0.0	0.0	0.0	0.0	0.28634294096355706	0.153915500950481	0.23168657429526995	0.15941434044882322	1.0	1.0	0.0	0.625
0.0	0.10138648180242633	0.0	0.0	0.0	0.0	0.0	0.0	0.31018417100822593	0.28217711480794805	0.07720967557033132	0.012771392081736905	1.0	1.0	0.0	0.625
0.0	0.2547909407665505	0.0	0.0	0.0	0.0	0.0	0.0	0.1909589554490508	0.20524307741396808	0.11598737083811711	0.2469135802469136	1.0	1.0	0.0	0.625
0.0	0.3533218291630716	0.0	0.0	0.0	0.0	0.0	0.0	0.45319502101027026	0.4104028204746125	0.385569528462111	0.3544061302681992	1.0	1.0	0.0	0.625
0.0	0.2532467532467532	0.5294117647058824	0.0	0.5555555555555555	0.0	0.0	0.0	0.3340222222222222	0.25651908306672544	0.2315715077075892	0.24784482758620685	0.10714285714285714	0.022388059701492536	0.0	0.0
0.0	0.30284728213977563	0.0	0.0	0.0	0.0	0.0	0.0	0.357785542902845	0.3334508239033073	0.3470125756158999	0.26772030651340994	1.0	1.0	0.0	0.625
0.0	0.15221162185602774	0.0	0.0	0.0	0.0	0.0	0.0	0.23861911746963085	0.153915500950481	0.07722885809842332	0.1628352490421456	1.0	1.0	0.0	0.625
0.0	0.3527131782945736	0.0	0.0	0.0	0.0	0.0	0.0	0.4769838096507429	0.41038717000125574	0.23122699269488262	0.23598049460118428	1.0	1.0	0.0	0.625
0.0	0.2029488291413703	0.0	0.0	0.0	0.0	0.21875	0.28125	0.3340667644574832	0.28218263979328895	0.34752986144290493	0.29830322933771203	0.25	0.332089552238806	1.0	1.0
0.0	0.15194805194805194	0.0	0.0	0.0	0.0	0.0	0.0	0.31016349206349203	0.2052140691583299	0.192976256422991	0.12931034482758622	1.0	1.0	0.0	0.625
0.0	0.2034782608695652	0.0	0.0	0.0	0.0	0.2692307692307693	0.3461538461538462	0.23866685720637038	0.23088959771118706	0.23185938874650958	0.2211772901428074	0.25	0.332089552238806	1.0	1.0
0.0	0.2015503875968992	0.391304347826087	0.0	0.0	0.0	0.0	0.0	0.4769838096507429	0.3590876801858785	0.34684048904232395	0.1994078718216649	1.0	1.0	0.0	0.625
0.0	0.40137221269296736	0.0	0.3103448275862069	0.0	0.0	0.1206896551724138	0.0	0.45298368498022085	0.4359954923889068	0.50037147102526	0.21675890449836815	1.0	1.0	0.0	0.625
0.0	0.3536269430051813	0.0	0.0	0.0	0.0	0.0	0.0	0.3578093905028518	0.28215501684963806	0.2699656422981485	0.18652954224642063	1.0	1.0	0.0	0.625
0.0	0.2034782608695652	0.0	0.0	0.0	0.0	0.2692307692307693	0.3461538461538462	0.23866685720637038	0.17957997948305968	0.15457292583100637	0.21508185301288751	0.25	0.332089552238806	1.0	1.0
0.0	0.10138648180242633	0.0	0.0	0.0	0.0	0.0	0.0	0.2624635293146527	0.17956524539548202	0.1930241889258283	0.16858237547892718	1.0	1.0	0.0	0.625
0.0	0.2543478260869565	0.0	0.0	0.0	0.0	0.2692307692307693	0.3461538461538462	0.2625335429270074	0.23088959771118706	0.2705026202042612	0.42493904562870083	0.25	0.332089552238806	1.0	1.0
0.0	0.20224719101123595	0.0	0.0	0.0	0.0	0.0	0.0	0.3578332412821148	0.2821605410417789	0.3857609255971133	0.09046402724563647	1.0	1.0	0.0	0.625
0.0	0.3015463917525773	0.0	0.16666666666666666	0.0	0.0	0.12962962962962962	0.16666666666666666	0.45304404658792025	0.3590669681825616	0.19254593275901502	0.16360153256704976	0.25	0.332089552238806	1.0	1.0
0.0	0.45348837209302323	0.391304347826087	0.0	0.41666666666666663	0.16666666666666666	0.0	0.0	0.4292854286856686	0.38473742509356706	0.5395296496213928	0.309125740160223	0.10714285714285714	0.022388059701492536	0.0	0.0
0.0	0.25237273511647973	0.0	0.0	0.0	0.0	0.15909090909090912	0.4090909090909091	0.31008080384913234	0.28214949285577057	0.385569528462111	0.25909961685823757	0.25	0.332089552238806	1.0	1.0
0.0	0.45387931034482754	0.0	0.0	0.0	0.0	0.15217391304347827	0.0	0.4770155979752781	0.3334443794751017	0.3854739010989011	0.31244298485677796	0.25	0.332089552238806	1.0	1.0
0.0	0.20312499999999997	0.0	0.0	0.0	0.0	0.0	0.0	0.3102255371709262	0.2052265003753549	0.19312012540143755	0.3573533745947539	1.0	1.0	0.0	0.625
0.0	0.20365535248041772	0.0	0.0	0.0	0.0	0.2916666666666667	0.375	0.23868277469718044	0.17958366333553416	0.19326420905630057	0.3936781609195403	0.25	0.332089552238806	1.0	1.0
0.0	0.20034246575342463	0.0	0.0	0.0	0.0	0.11290322580645161	0.0	0.6436279034360697	0.6411511116359448	0.30776846915460776	0.27777777777777785	1.0	1.0	0.0	0.625
0.0	0.3038961038961039	0.0	0.0	0.0	0.0	0.19444444444444445	0.25	0.31016349206349203	0.25651908306672544	0.34735726156138375	0.1652298850574713	0.25	0.332089552238806	1.0	1.0
0.0	0.40240756663800514	0.0	0.0	0.0	0.0	0.13461538461538464	0.1730769230769231	0.5246122702812469	0.4873179937243339	0.3851873034029168	0.2945402298850575	0.25	0.332089552238806	1.0	1.0
0.0	0.3505993150684931	0.0	0.0	0.0	0.0	0.0	0.0	0.6674659739337019	0.5898580650924529	0.5385948210205637	0.32500990883868414	1.0	1.0	0.0	0.625
0.0	0.3530172413793103	0.0	0.0	0.0	0.0	0.0	0.0	0.38161247838022244	0.3334443794751017	0.3083791208791209	0.24402481299033027	1.0	1.0	0.0	0.625
0.0	0.3512006861063464	0.0	0.3103448275862069	0.0	0.0	0.0	0.0	0.4291424384023145	0.4359954923889068	0.2694307920905246	0.16602809706257984	1.0	1.0	0.0	0.625
0.0	0.45703124999999994	0.0	0.0	0.0	0.26666666666666666	0.0	0.0	0.2863620343116242	0.28218816497695653	0.3862402508028751	0.20557029177718839	1.0	1.0	0.0	0.625
0.0	0.30468749999999994	0.0	0.0	0.6666666666666666	0.0	0.0	0.0	0.2386350285930202	0.25653427677642265	0.23174415048172503	0.4376657824933687	0.10714285714285714	0.022388059701492536	0.0	0.0
0.0	0.6005132591958939	0.0	0.0	0.0	0.25	0.21875	0.140625	0.4767296554961401	0.5129088317567029	0.5384615384615384	0.31289910600255433	0.25	0.332089552238806	1.0	1.0
0.0	0.5012853470437018	0.0	0.0	0.0	0.0	0.0	0.0	0.5959914607996143	0.6155160929681319	0.4232864189536633	0.2384373289545702	1.0	1.0	0.0	0.625
0.0	0.1534090909090909	0.0	0.0	0.0	0.0	0.0	0.0	0.11938119700478764	0.10262936782754584	0.11610289610787619	0.36398467432950193	1.0	1.0	0.0	0.625
0.0	0.2033014769765421	0.0	0.0	0.0	0.0	0.0	0.0	0.23865094183845853	0.25653934170992715	0.2704353811736362	0.12931034482758616	1.0	1.0	0.0	0.625
0.0	0.10182767624020886	0.0	0.0	0.0	0.0	0.0	0.0	0.23868277469718044	0.23089420252678022	0.03865284181126012	0.04980842911877393	1.0	1.0	0.0	0.625
0.0	0.10227272727272727	0.0	0.0	0.0	0.0	0.0	0.0	0.0955049576038301	0.10262936782754584	0.15480386147716826	0.4406130268199234	1.0	1.0	0.0	0.625
0.0	0.9093264248704662	0.0	0.0	0.0	0.19047619047619047	0.3333333333333333	0.42857142857142855	0.4293712686034221	0.41041064613259143	0.6170643252529109	0.4219600725952813	0.0	0.0	0.0	0.0625
0.0	0.6590121317157712	0.0	0.5294117647058824	0.0	0.47058823529411764	0.2058823529411765	0.0	0.31018417100822593	0.3591360168672976	0.30883870228132526	0.4291187739463602	0.25	0.332089552238806	1.0	1.0
0.0	0.1527415143603133	0.0	0.75	0.0	0.3333333333333333	0.0	0.0	0.19094621975774434	0.23089420252678022	0.1546113672450405	0.41666666666666674	1.0	1.0	0.0	0.625
0.0	0.10209424083769633	0.0	1.0	0.0	0.0	0.3888888888888889	0.0	0.09549221596449933	0.15393806454697462	0.15472680629475055	0.8839627805145046	0.25	0.332089552238806	1.0	1.0
0.0	0.35150214592274676	0.0	0.0	0.0	0.0	0.25	0.16071428571428573	0.4053281939024777	0.4360037762982864	0.42349612240620416	0.23577954612437368	0.25	0.332089552238806	1.0	1.0
0.0	0.7054263565891472	0.0	0.0	0.0	0.3333333333333333	0.2916666666666667	0.1875	0.50083300013328	0.48733640472432144	0.6551431459688342	0.4288575409265064	0.25	0.332089552238806	1.0	1.0
0.0	0.40554592720970534	0.0	0.0	0.2941176470588235	0.23529411764705882	0.2058823529411765	0.0	0.33404449185501256	0.3078300821610646	0.3474435400664909	0.49744572158365263	0.10714285714285714	0.022388059701492536	0.0	0.0
0.0	0.1020052310374891	0.0	0.0	0.0	0.0	0.0	0.0	0.16710023123443613	0.17959103143722915	0.15468830746262943	0.1508620689655172	1.0	1.0	0.0	0.625
0.0	0.25128865979381443	0.0	0.0	0.0	0.0	0.25925925925925924	0.16666666666666666	0.33382192906478336	0.5129571528273663	0.38509186551803004	0.345977011494253	0.25	0.332089552238806	1.0	1.0
0.0	0.3049522154648132	0.0	0.0	0.0	0.0	0.25	0.0	0.23865094183845853	0.28219369035896147	0.3477026329375323	0.4837164750957854	0.25	0.332089552238806	1.0	1.0
0.0	0.2543478260869565	0.0	0.0	0.0	0.0	0.2692307692307693	0.0	0.1909334857650963	0.2565444068252508	0.386432314577516	0.8472657610588645	0.25	0.332089552238806	1.0	1.0
0.0	0.4066029539530842	0.6923076923076924	0.0	0.0	0.0	0.25	0.0	0.26251603602230433	0.28219369035896147	0.3090690070555842	0.45577905491698595	0.25	0.332089552238806	1.0	1.0
0.0	0.2521551724137931	0.0	0.0	0.43478260869565216	0.0	0.15217391304347827	0.0	0.4054632582789864	0.5129958159273775	0.3854739010989011	0.3562306148513046	0.10714285714285714	0.022388059701492536	0.0	0.0
0.0	0.15314136125654448	0.0	0.0	0.0	0.0	0.3888888888888889	0.0	0.11936526995562417	0.1282814134074854	0.1934085078684382	0.5514504652435686	0.25	0.332089552238806	1.0	1.0
0.0	0.2033014769765421	0.0	0.0	0.0	0.0	0.25	0.6428571428571429	0.21478584765461267	0.28219369035896147	0.2704353811736362	0.17480842911877395	0.0	0.0	0.0	0.0625
0.0	0.3	0.0	0.0	0.0	0.0	0.10606060606060606	0.13636363636363638	0.5243676957962672	0.7693551981126844	0.42297225288318807	0.1992955135335559	1.0	1.0	0.0	0.625
0.0	0.0	0.0	0.0	0.0	0.0	0.0	0.0	0.0954858464196778	0.17959103143722915	0.11601623059697208	0.1352969348659004	1.0	1.0	0.0	0.625
0.0	0.30206540447504304	0.0	0.0	0.0	0.0	0.28	0.18000000000000002	0.4054092217282728	0.5642750529324232	0.5008676251859198	0.2998500749625187	0.25	0.332089552238806	1.0	1.0
0.0	0.25128865979381443	0.0	0.0	0.0	0.0	0.12962962962962962	0.0	0.28613308205552856	0.5899022451497686	0.500619425173439	0.3478927203065134	1.0	1.0	0.0	0.625
0.0	0.0	0.0	0.0	0.0	0.0	0.0	0.0	0.09549221596449933	0.15393806454697462	0.07736340314737528	0.1696770662287903	1.0	1.0	0.0	0.625
0.0	0.2521551724137931	0.0	0.0	0.0	0.0	0.0	0.0	0.31006013868393073	0.48734561071990956	0.346926510989011	0.14002919175332973	1.0	1.0	0.0	0.625
0.0	0.10086206896551723	0.0	0.0	0.0	0.0	0.15217391304347827	0.0	0.21465701908887513	0.5129958159273775	0.346926510989011	0.2504105090311987	0.25	0.332089552238806	1.0	1.0
0.0	0.20277296360485267	0.0	0.0	0.0	0.0	0.2058823529411765	0.0	0.16702224592750628	0.33348304951418106	0.2702338644961596	0.2969348659003831	0.25	0.332089552238806	1.0	1.0
0.0	0.05078124999999999	0.0	0.0	0.0	0.0	0.0	0.0	0.19090802287441616	0.25653427677642265	0.23174415048172503	0.19525493663424695	1.0	1.0	0.0	0.625
0.0	0.05100261551874455	0.0	0.0	0.0	0.0	0.0	0.0	0.11935730802459725	0.12827865022055934	0.11601623059697208	0.21910919540229887	1.0	1.0	0.0	0.625
0.0	0.2015503875968992	0.0	0.0	0.0	0.0	0.14583333333333334	0.0	0.2861902857904457	0.51298614963201	0.5395296496213928	0.38836642284918144	0.25	0.332089552238806	1.0	1.0
0.0	0.051047120418848166	0.0	0.0	0.0	0.0	0.0	0.0	0.14323832394674899	0.1282814134074854	0.11604510472106291	0.2859879584017515	1.0	1.0	0.0	0.625
0.0	0.15300784655623365	0.0	0.0	0.0	0.0	0.0	0.0	0.16710023123443613	0.17959103143722915	0.11601623059697208	0.3723659003831418	1.0	1.0	0.0	0.625
0.0	0.1524761077324066	0.0	0.0	0.0	0.0	0.25	0.0	0.16705565928692095	0.23088499306089288	0.3090690070555842	0.39431673052362703	0.25	0.332089552238806	1.0	1.0
0.0	0.30521739130434783	0.0	0.6923076923076924	0.0	0.3076923076923077	0.2692307692307693	0.6923076923076924	0.23866685720637038	0.2565444068252508	0.2705026202042612	0.39272030651340994	0.0	0.0	0.0	0.0625
0.0	0.2530276816608997	0.0	0.47368421052631576	0.0	0.0	0.18421052631578946	0.23684210526315788	0.16699997777925915	0.3078181120040082	0.07717133908792301	0.12564796033355866	0.25	0.332089552238806	1.0	1.0
0.0	0.0	0.0	0.0	0.0	0.0	0.0	0.0	0.11933342860318519	0.2565444068252508	0.038643231457751594	0.11407175200278649	1.0	1.0	0.0	0.625
0.0	0.050737207285342575	0.0	0.28125	0.0	0.0	0.0	0.0	0.23861911746963085	0.28218263979328895	0.1930721452460583	0.3092501368363437	1.0	1.0	0.0	0.625
0.0	0.20312499999999997	0.0	0.0	0.0	0.0	0.23333333333333334	0.3	0.2386350285930202	0.28218816497695653	0.19312012540143755	0.1790450928381963	0.25	0.332089552238806	1.0	1.0
0.0	0.2525906735751295	0.0	0.0	0.0	0.0	0.0	0.0	0.3816633498697086	0.4617128978457728	0.5013647642679901	0.19106674732809034	1.0	1.0	0.0	0.625
0.0	0.05109170305676856	0.0	0.0	0.0	0.0	0.0	0.0	0.04774929317958004	0.12828417669361217	0.07738266214741196	0.2650063856960409	1.0	1.0	0.0	0.625
0.0	0.15194805194805194	0.0	0.0	0.0	0.0	0.0	0.0	0.31016349206349203	0.3847816178377143	0.30876201027678557	0.26580459770114945	1.0	1.0	0.0	0.625
0.0	0.3015463917525773	0.0	0.0	0.0	0.0	0.0	0.0	0.3815107760740381	0.5129571528273663	0.42360105206983306	0.19310344827586207	1.0	1.0	0.0	0.625
0.0	0.051047120418848166	0.0	0.0	0.0	0.0	0.0	0.0	0.07161916197337449	0.1282814134074854	0.07736340314737528	0.008210180623973736	1.0	1.0	0.0	0.625
0.0	0.2964527027027027	0.0	0.09574468085106383	0.0	0.0	0.0	0.0	0.4762538457395068	0.9999080093910607	0.5364701866181156	0.15644955300127705	1.0	1.0	0.0	0.625
0.0	0.0	0.0	0.0	0.0	0.0	0.0	0.0	0.07163349727400968	0.05131560506701962	0.07742120892805825	0.39750957854406127	1.0	1.0	0.0	0.625
0.0	0.0	0.0	0.23684210526315788	0.0	0.0	0.0	0.0	0.2385713968275131	0.35912220514761717	0.19292834771980752	0.1988956502141086	1.0	1.0	0.0	0.625
0.0	0.051047120418848166	0.0	0.0	0.0	0.0	0.0	0.0	0.09549221596449933	0.1282814134074854	0.07736340314737528	0.2257799671592775	1.0	1.0	0.0	0.625
0.0	0.0508695652173913	0.0	0.0	0.0	0.0	0.0	0.0	0.1909334857650963	0.20523478859712335	0.2705026202042612	0.4223267154301637	1.0	1.0	0.0	0.625
0.0	0.05060553633217993	0.0	0.23684210526315788	0.0	0.0	0.0	0.0	0.2385713968275131	0.4104262982912261	0.19292834771980752	0.20058598151904436	1.0	1.0	0.0	0.625
0.0	0.10147441457068515	0.0	0.0	0.0	0.0	0.0	0.0	0.14317147048177853	0.3334894953304121	0.1930721452460583	0.09031198686371102	1.0	1.0	0.0	0.625
0.0	0.15221162185602774	0.0	0.0	0.3125	0.0	0.0	0.0	0.21475720572266777	0.3334894953304121	0.07722885809842332	0.23125342090859333	0.10714285714285714	0.022388059701492536	0.0	0.0
0.0	0.10129870129870129	0.0	0.0	0.0	0.0	0.0	0.0	0.1670111111111111	0.33347660392931877	0.15438100513839279	0.18378831417624522	1.0	1.0	0.0	0.625
0.0	0.051181102362204724	0.0	0.0	0.0	0.0	0.0	0.0	0.07163349727400968	0.07697363789917619	0.11613181339208738	0.13649425287356323	1.0	1.0	0.0	0.625
0.0	0.2543478260869565	0.0	0.0	0.0	0.0	0.0	0.0	0.21480017148573335	0.2565444068252508	0.30914585166201275	0.05834204110066178	1.0	1.0	0.0	0.625
0.0	0.1020052310374891	0.0	0.0	0.0	0.0	0.0	0.0	0.11935730802459725	0.12827865022055934	0.11601623059697208	0.038314176245210725	1.0	1.0	0.0	0.625
0.0	0.050737207285342575	0.0	0.0	0.0	0.0	0.0	0.0	0.11930955873481543	0.3334894953304121	0.15445771619684664	0.3571428571428572	1.0	1.0	0.0	0.625
0.0	0.0	0.0	0.0	0.0	0.0	0.0	0.0	0.07162393976937005	0.10262706500643513	0.03869133107370598	0.003192848020434223	1.0	1.0	0.0	0.625
0.0	0.0	0.0	0.0	0.0	0.0	0.0	0.0	0.023879425660969667	0.05131698685890014	0.038720248361503964	0.36717752234993617	1.0	1.0	0.0	0.625
0.0	0.0	0.0	0.0	0.0	0.0	0.0	0.0	0.07159050857790605	0.2052265003753549	0.0	0.025788387857353372	1.0	1.0	0.0	0.625
0.0	0.25193798449612403	0.0	0.0	0.0	0.0	0.0	0.0	0.33388866675552004	0.5386358945396985	0.3853783211581377	0.2446882619296412	1.0	1.0	0.0	0.625
0.0	0.5030094582975064	0.0	0.0	0.38461538461538464	0.0	0.13461538461538464	0.1730769230769231	0.5484582825667581	0.5899132911550906	0.4237060337432085	0.36119093231162197	0.10714285714285714	0.022388059701492536	0.0	0.0
0.0	0.15221162185602774	0.0	0.0	0.3125	0.0	0.0	0.0	0.23861911746963085	0.3334894953304121	0.1930721452460583	0.181992337164751	0.10714285714285714	0.022388059701492536	0.0	0.0
0.0	0.6527896995708153	0.0	0.0	0.17857142857142855	0.0	0.125	0.16071428571428573	0.5245423685796771	0.6155391034146284	0.5389950648806234	0.4019304450338933	0.25	0.332089552238806	1.0	1.0
0.0	0.20312499999999997	0.0	0.0	0.0	0.0	0.23333333333333334	0.3	0.2386350285930202	0.28218816497695653	0.2703681755620126	0.40082522841143525	0.25	0.332089552238806	1.0	1.0
0.0	0.2532467532467532	0.0	0.0	0.0	0.0	0.19444444444444445	0.25	0.23858730158730157	0.307824096975121	0.2315715077075892	0.3879310344827587	0.25	0.332089552238806	1.0	1.0
0.0	0.30468749999999994	0.0	0.0	0.0	0.0	0.0	0.0	0.2863620343116242	0.3078420531774904	0.30899220064230004	0.3389330975537872	1.0	1.0	0.0	0.625
0.0	0.15300784655623365	0.0	0.0	0.0	0.0	0.35000000000000003	0.0	0.11935730802459725	0.17959103143722915	0.1933603843282868	0.6166187739463602	0.25	0.332089552238806	1.0	1.0
0.0	0.15168539325842695	0.0	0.0	0.25	0.0	0.0	0.0	0.28626659302569185	0.41041847207145765	0.1543043702388453	0.16443167305236275	1.0	1.0	0.0	0.625
0.0	0.20120378331900257	0.0	0.0	0.0	0.0	0.0	0.0	0.3815361965681795	0.5642644667974014	0.3851873034029168	0.41028097062579816	1.0	1.0	0.0	0.625
0.0	0.0	0.0	0.0	0.0	0.0	0.0	0.0	0.07160960829339406	0.20524307741396808	0.15464982778415615	0.17986377181779484	1.0	1.0	0.0	0.625
0.0	0.0	0.0	0.0	0.38461538461538464	0.0	0.0	0.0	0.14320011432382224	0.23088959771118706	0.15457292583100637	0.25687913618948105	0.10714285714285714	0.022388059701492536	0.0	0.0
0.0	0.10147441457068515	0.0	0.0	0.0	0.0	0.0	0.0	0.28634294096355706	0.3334894953304121	0.3089154323936933	0.2668308702791461	1.0	1.0	0.0	0.625
0.0	0.25280898876404495	0.0	0.0	0.0	0.0	0.0	0.0	0.28626659302569185	0.41041847207145765	0.27003264791797926	0.2894848871860366	1.0	1.0	0.0	0.625
0.0	0.3038961038961039	0.0	0.0	0.0	0.0	0.0	0.0	0.2863047619047619	0.33347660392931877	0.34735726156138375	0.35979406130268204	1.0	1.0	0.0	0.625
0.0	0.4991467576791809	0.0	0.0	0.0	0.11428571428571428	0.1	0.1285714285714286	0.5719613010017219	0.6923926221774553	0.6917941109335769	0.41623127830024376	1.0	1.0	0.0	0.625
0.0	0.20224719101123595	0.0	0.0	0.0	0.0	0.0	0.0	0.3339776918633071	0.43607005827739337	0.3857609255971133	0.2708599404001703	1.0	1.0	0.0	0.625
0.0	0.0509581881533101	0.0	0.0	0.0	0.0	0.0	0.0	0.11934934715565676	0.15393161722654183	0.03866245694603904	0.22882077479778626	1.0	1.0	0.0	0.625
0.0	0.1527415143603133	0.0	0.0	0.0	0.0	0.0	0.0	0.16707794228802633	0.2052389329311572	0.1546113672450405	0.278735632183908	1.0	1.0	0.0	0.625
0.0	0.051047120418848166	0.0	0.0	0.0	0.0	0.0	0.0	0.16711137793787384	0.15393806454697462	0.07736340314737528	0.2148330596606458	1.0	1.0	0.0	0.625
0.0	0.050737207285342575	0.0	0.0	0.0	0.0	0.0	0.0	0.28634294096355706	0.3078360675618505	0.3089154323936933	0.29556650246305416	1.0	1.0	0.0	0.625
0.0	0.050825369244135526	0.0	0.0	0.0	0.0	0.0	0.0	0.26251603602230433	0.25653934170992715	0.19316812940974015	0.11893358876117496	1.0	1.0	0.0	0.625
0.0	0.15142364106988782	0.0	0.0	0.0	0.0	0.0	0.0	0.4054902819565576	0.4360534859983809	0.3470125756158999	0.2911877394636014	1.0	1.0	0.0	0.625
0.0	0.20137693631669534	0.0	0.0	0.0	0.0	0.0	0.0	0.3338664178938718	0.5386257683079939	0.34675450974409827	0.1994835915375646	1.0	1.0	0.0	0.625
0.0	0.15300784655623365	0.0	0.0	0.0	0.0	0.0	0.0	0.1909716928393556	0.17959103143722915	0.23203246119394416	0.6429597701149427	1.0	1.0	0.0	0.625
0.0	0.24957337883959044	0.0	0.0	0.14285714285714285	0.0	0.0	0.0	0.5242978592515783	0.8206160356786885	0.6149280986076239	0.3398931847207709	1.0	1.0	0.0	0.625
0.0	0.15142364106988782	0.0	0.0	0.0	0.0	0.0	0.0	0.28622843432227596	0.4104028204746125	0.26989866992347766	0.17672413793103445	1.0	1.0	0.0	0.625
0.0	0.1017391304347826	0.0	0.0	0.0	0.0	0.2692307692307693	0.0	0.14320011432382224	0.23088959771118706	0.30914585166201275	0.7523510971786834	0.25	0.332089552238806	1.0	1.0
0.0	0.2532467532467532	0.0	0.0	0.0	0.0	0.19444444444444445	0.0	0.2863047619047619	0.3847816178377143	0.42454776413058015	0.538793103448276	0.25	0.332089552238806	1.0	1.0
0.0	0.3563968668407311	0.0	0.0	0.0	0.0	0.2916666666666667	0.375	0.2148144972274624	0.23089420252678022	0.347875576301341	0.524904214559387	0.25	0.332089552238806	1.0	1.0
0.0	0.25193798449612403	0.0	0.0	0.0	0.0	0.14583333333333334	0.0	0.3577378572380572	0.51298614963201	0.4239161532739515	0.5150644374782305	0.25	0.332089552238806	1.0	1.0
0.0	0.15314136125654448	0.0	0.0	0.0	0.0	0.3888888888888889	0.0	0.11936526995562417	0.15393806454697462	0.1934085078684382	0.5993431855500821	0.25	0.332089552238806	1.0	1.0
0.0	0.05100261551874455	0.0	0.0	0.0	0.0	0.0	0.0	0.1909716928393556	0.17959103143722915	0.27070453805960154	0.508860153256705	1.0	1.0	0.0	0.625
0.0	0.1534090909090909	0.0	0.0	0.0	0.0	0.0	0.0	0.11938119700478764	0.10262936782754584	0.15480386147716826	0.5670498084291188	1.0	1.0	0.0	0.625
0.0	0.05113636363636363	0.0	0.0	0.0	0.0	0.5	0.0	0.0955049576038301	0.10262936782754584	0.1935048268464603	1.0	0.25	0.332089552238806	1.0	1.0
0.0	0.15234374999999997	0.0	0.0	0.0	0.0	0.23333333333333334	0.0	0.21477152573371816	0.3078420531774904	0.2703681755620126	0.7648099027409373	0.25	0.332089552238806	1.0	1.0
0.0	0.25390625	0.0	0.0	0.0	0.0	0.0	0.0	0.2386350285930202	0.3078420531774904	0.3862402508028751	0.33966990863542584	1.0	1.0	0.0	0.625
0.0	0.3036332179930795	0.0	0.0	0.0	0.0	0.0	0.0	0.31014281587576703	0.4104262982912261	0.4244423649835765	0.26481857110660356	1.0	1.0	0.0	0.625
0.0	0.2029488291413703	0.0	0.0	0.0	0.25	0.4375	0.28125	0.26248102921659394	0.28218263979328895	0.3089154323936933	0.5192939244663383	0.25	0.332089552238806	1.0	1.0
0.0	0.15300784655623365	0.0	0.0	0.0	0.0	0.0	0.0	0.1909716928393556	0.17959103143722915	0.1933603843282868	0.3663793103448276	1.0	1.0	0.0	0.625
0.0	0.1017391304347826	0.0	0.0	0.0	0.0	0.0	0.0	0.11933342860318519	0.23088959771118706	0.11592969437325479	0.22988505747126436	1.0	1.0	0.0	0.625
0.0	0.10227272727272727	0.0	0.0	0.0	0.0	1.0	0.6428571428571429	0.0955049576038301	0.10262936782754584	0.15480386147716826	0.9386973180076629	0.0	0.0	0.0	0.0625
0.0	0.15314136125654448	0.0	1.0	0.0	0.0	0.3888888888888889	1.0	0.09549221596449933	0.15393806454697462	0.11604510472106291	0.24493705528188287	0.0	0.0	0.0	0.0625
0.0	0.15314136125654448	0.0	1.0	0.0	0.0	0.7777777777777778	1.0	0.11936526995562417	0.15393806454697462	0.15472680629475055	0.421455938697318	0.0	0.0	0.0	0.0625
0.0	0.05109170305676856	0.0	0.0	0.0	0.0	0.0	0.0	0.09549858635916007	0.10262706500643513	0.11607399322111796	0.2985312899106002	1.0	1.0	0.0	0.625
0.0	0.0	0.0	0.0	0.0	0.0	0.5833333333333334	0.0	0.04775566484933979	0.07697363789917619	0.11613181339208738	0.4837164750957854	0.25	0.332089552238806	1.0	1.0
0.0	0.20259740259740258	0.0	0.0	0.0	0.0	0.19444444444444445	0.0	0.19086984126984127	0.3847816178377143	0.27016675899218734	0.30890804597701155	0.25	0.332089552238806	1.0	1.0
0.0	0.45270851246775573	0.0	0.0	0.0	0.0	0.13461538461538464	0.0	0.4769202457102244	0.5899132911550906	0.6548184157849585	0.3396392081736909	1.0	1.0	0.0	0.625
0.0	0.15194805194805194	0.0	0.0	0.0	0.0	0.19444444444444445	0.0	0.23858730158730157	0.33347660392931877	0.34735726156138375	0.440014367816092	0.25	0.332089552238806	1.0	1.0
0.0	0.10138648180242633	0.0	0.0	0.0	0.0	0.0	0.0	0.2624635293146527	0.3591360168672976	0.30883870228132526	0.3033205619412516	1.0	1.0	0.0	0.625
0.0	0.4027538726333907	0.0	0.0	0.0	0.0	0.0	0.0	0.4292568230064065	0.5386257683079939	0.539395904046375	0.3219223721472596	1.0	1.0	0.0	0.625
0.0	0.051047120418848166	0.0	0.0	0.0	0.0	0.0	0.0	0.16711137793787384	0.15393806454697462	0.11604510472106291	0.23399014778325125	1.0	1.0	0.0	0.625
0.0	0.10138648180242633	0.0	0.0	0.0	0.0	0.0	0.0	0.28632385016143935	0.3078300821610646	0.23162902671099395	0.2733077905491698	1.0	1.0	0.0	0.625
0.0	0.05109170305676856	0.0	0.0	0.0	0.0	0.0	0.0	0.11937323294895008	0.07696995331925809	0.11607399322111796	0.06226053639846744	1.0	1.0	0.0	0.625
0.0	0.10129870129870129	0.0	0.0	0.0	0.0	0.0	0.0	0.31016349206349203	0.35912911088351657	0.27016675899218734	0.21611590038314182	1.0	1.0	0.0	0.625
0.0	0.45427092320966345	0.0	0.4090909090909091	0.0	0.0	0.15909090909090912	0.0	0.31008080384913234	0.4617041515221493	0.42412648130832203	0.41714559386973177	0.25	0.332089552238806	1.0	1.0
0.0	0.05100261551874455	0.0	0.0	0.0	0.0	0.35000000000000003	0.0	0.0954858464196778	0.17959103143722915	0.1933603843282868	0.6609195402298852	0.25	0.332089552238806	1.0	1.0
0.0	0.3015463917525773	0.0	0.0	0.0	0.0	0.12962962962962962	0.0	0.23844423504627382	0.5129571528273663	0.26956430586262103	0.3942528735632184	1.0	1.0	0.0	0.625
0.0	0.10182767624020886	0.0	0.0	0.0	0.0	0.2916666666666667	0.0	0.09547310987887217	0.2052389329311572	0.19326420905630057	0.38314176245210724	0.25	0.332089552238806	1.0	1.0
0.0	0.1019163763066202	0.0	0.0	0.0	0.0	0.0	0.0	0.11934934715565676	0.20524307741396808	0.11598737083811711	0.22988505747126436	1.0	1.0	0.0	0.625
0.0	0.20365535248041772	0.0	0.0	0.0	0.0	0.5833333333333334	0.375	0.19094621975774434	0.2052389329311572	0.2319170508675607	0.5871647509578543	0.0	0.0	0.0	0.0625
0.0	0.3033707865168539	0.0	0.0	0.0	0.0	0.0	0.0	0.3578332412821148	0.43607005827739337	0.4629131107165359	0.3586632609621116	1.0	1.0	0.0	0.625
0.0	0.25390625	0.6428571428571429	0.0	0.3333333333333333	0.0	0.0	0.0	0.2386350285930202	0.3078420531774904	0.23174415048172503	0.15620394930739756	0.10714285714285714	0.022388059701492536	0.0	0.0
0.0	0.15300784655623365	0.0	0.0	0.0	0.0	0.35000000000000003	0.0	0.1432287696295167	0.17959103143722915	0.23203246119394416	0.4813218390804597	0.25	0.332089552238806	1.0	1.0
0.0	0.10209424083769633	0.0	0.0	0.0	0.0	0.3888888888888889	0.0	0.09549221596449933	0.1282814134074854	0.1934085078684382	0.3229337712096333	0.25	0.332089552238806	1.0	1.0
0.0	0.5552200172562554	0.0	0.0	0.22727272727272727	0.18181818181818182	0.31818181818181823	0.20454545454545456	0.357785542902845	0.4873548170459176	0.5783542926931664	0.7092911877394635	0.25	0.332089552238806	1.0	1.0
0.0	0.40519480519480516	0.0	0.5	0.0	0.2222222222222222	0.19444444444444445	0.5	0.31016349206349203	0.3847816178377143	0.27016675899218734	0.1424808429118774	0.0	0.0	0.0	0.0625
0.0	0.4546632124352331	0.0	0.21428571428571427	0.0	0.19047619047619047	0.16666666666666666	0.21428571428571427	0.333955431135995	0.3847595202760008	0.3856652032830693	0.16838072191974188	0.25	0.332089552238806	1.0	1.0
0.0	0.1017391304347826	0.0	0.6923076923076924	0.0	0.0	0.2692307692307693	0.0	0.16706680004445926	0.2565444068252508	0.30914585166201275	0.4528039010797632	0.25	0.332089552238806	1.0	1.0
0.0	0.2525906735751295	0.0	0.0	0.0	0.0	0.16666666666666666	0.0	0.3578093905028518	0.43606177198918217	0.34709868295476237	0.5676547691066748	0.25	0.332089552238806	1.0	1.0
0.0	0.15103270223752152	0.0	0.0	0.0	0.0	0.0	0.0	0.3815616204501392	0.5642750529324232	0.23116967316273218	0.22488755622188905	1.0	1.0	0.0	0.625
0.0	0.1019163763066202	0.0	0.0	0.0	0.0	0.0	0.0	0.16708908601791947	0.17958734732025497	0.15464982778415615	0.19689229459344404	1.0	1.0	0.0	0.625
0.0	0.10227272727272727	0.0	0.0	0.0	0.0	0.0	0.0	0.07162871820287259	0.07697179557614665	0.07740193073858413	0.2950191570881226	1.0	1.0	0.0	0.625
0.0	0.20277296360485267	0.0	0.0	0.0	0.0	0.411764705882353	0.2647058823529412	0.31018417100822593	0.33348304951418106	0.23162902671099395	0.4169859514687101	0.25	0.332089552238806	1.0	1.0
0.0	0.3542387543252595	0.5	0.0	0.0	0.0	0.0	0.0	0.2862856761930157	0.4104262982912261	0.38585669543961504	0.3008789722785666	1.0	1.0	0.0	0.625
0.0	0.2038327526132404	0.0	0.0	0.45454545454545453	0.0	0.0	0.0	0.14321921658678813	0.20524307741396808	0.15464982778415615	0.3693060876968923	0.10714285714285714	0.022388059701492536	0.0	0.0
0.0	0.30284728213977563	0.0	0.0	0.0	0.0	0.0	0.0	0.23852369526856332	0.4360534859983809	0.1927847642310555	0.149904214559387	1.0	1.0	0.0	0.625
0.0	0.0	0.0	0.0	1.0	0.0	0.0	0.0	0.023879425660969667	0.05131698685890014	0.0	0.14048531289910599	0.10714285714285714	0.022388059701492536	0.0	0.0
0.0	0.10156249999999999	0.0	0.0	0.3333333333333333	0.0	0.23333333333333334	0.0	0.19090802287441616	0.3078420531774904	0.19312012540143755	0.38314176245210724	0.10714285714285714	0.022388059701492536	0.0	0.0
0.0	0.1515544041450777	0.0	0.0	0.0	0.0	0.0	0.0	0.1669777155679975	0.30780614270622875	0.23139912196984158	0.2061907642669893	1.0	1.0	0.0	0.625
0.0	0.20277296360485267	0.0	0.0	0.0	0.0	0.0	0.0	0.2386032084678661	0.3591360168672976	0.11581451335549697	0.2241379310344828	1.0	1.0	0.0	0.625
0.0	0.25237273511647973	0.0	0.0	0.0	0.0	0.0	0.0	0.357785542902845	0.4873548170459176	0.26989866992347766	0.2509578544061303	1.0	1.0	0.0	0.625
0.0	0.15181660899653976	0.0	0.0	0.2631578947368421	0.0	0.0	0.0	0.35785709524126963	0.4104262982912261	0.15434267817584602	0.23326572008113597	1.0	1.0	0.0	0.625
0.0	0.2020725388601036	0.45000000000000007	0.0	0.0	0.0	0.0	0.0	0.26239355303542466	0.41041064613259143	0.2699656422981485	0.13409961685823754	1.0	1.0	0.0	0.625
0.0	0.1524761077324066	0.0	0.0	0.0	0.0	0.0	0.0	0.11932547091922927	0.23088499306089288	0.1545345035277921	0.1277139208173691	1.0	1.0	0.0	0.625
0.0	0.3025862068965517	0.0	0.0	0.21739130434782608	0.0	0.0	0.0	0.38161247838022244	0.4616954055124416	0.346926510989011	0.25588396278051445	1.0	1.0	0.0	0.625
0.0	0.10182767624020886	0.0	0.0	0.0	0.0	0.0	0.0	0.11934138734859022	0.17958366333553416	0.2319170508675607	0.4042145593869733	1.0	1.0	0.0	0.625
0.0	0.2997438087105038	0.0	0.0	0.0	0.0	0.0	0.0	0.2859996955628282	0.6924055054844548	0.34598261001921654	0.10296934865900387	1.0	1.0	0.0	0.625
0.0	0.40379637618636754	0.0	0.0	0.0	0.0	0.0	0.0	0.26237606479541964	0.4617041515221493	0.30845562276968874	0.10680076628352492	1.0	1.0	0.0	0.625
0.0	0.448849104859335	0.0	0.0	0.0	0.0	0.0	0.0	0.4289424119627875	0.6923797393327453	0.3458115432157459	0.2048118097813838	1.0	1.0	0.0	0.625
0.0	0.5030094582975064	0.0	0.0	0.0	0.0	0.0	0.0	0.3815361965681795	0.5642644667974014	0.26963111238204174	0.17480842911877395	1.0	1.0	0.0	0.625
0.0	0.1520797227036395	0.0	0.0	0.0	0.0	0.0	0.0	0.2386032084678661	0.3078300821610646	0.1930241889258283	0.13218390804597704	1.0	1.0	0.0	0.625
0.0	0.0509581881533101	0.0	0.0	0.0	0.0	0.0	0.0	0.0954794777245254	0.17958734732025497	0.11598737083811711	0.11068539804171988	1.0	1.0	0.0	0.625
0.0	0.050737207285342575	0.0	0.0	0.0	0.0	0.0	0.0	0.1670333822287416	0.25652921202472734	0.07722885809842332	0.062260536398467445	1.0	1.0	0.0	0.625
0.0	0.05127081507449605	0.0	0.0	0.0	0.0	0.0	0.0	0.0477620382197988	0.025659414657111124	0.03872989706530699	0.7136015325670498	1.0	1.0	0.0	0.625
0.0	0.14885496183206107	0.0	0.0	0.0	0.0	0.0	0.0	0.11910308585628075	0.7692268389783736	0.07673319028539961	0.01317049808429122	1.0	1.0	0.0	0.625
0.0	0.25412684622067766	0.6923076923076924	0.0	0.0	0.0	0.0	0.0	0.23865094183845853	0.25653934170992715	0.23180175529168817	0.3679757343550447	1.0	1.0	0.0	0.625
0.0	0.20120378331900257	0.0	0.0	0.19230769230769232	0.0	0.0	0.0	0.429228221139202	0.5386156424397123	0.26963111238204174	0.2135217113665389	1.0	1.0	0.0	0.625
0.0	0.15194805194805194	0.5294117647058824	0.0	0.0	0.0	0.0	0.0	0.2863047619047619	0.3847816178377143	0.192976256422991	0.15924329501915707	1.0	1.0	0.0	0.625
0.0	0.1019163763066202	0.0	0.0	0.0	0.0	0.0	0.0	0.14321921658678813	0.17958734732025497	0.15464982778415615	0.38952745849297576	1.0	1.0	0.0	0.625
0.0	0.050825369244135526	0.0	0.0	0.3571428571428571	0.0	0.0	0.0	0.21478584765461267	0.23088499306089288	0.11590087764584409	0.1093550446998723	0.10714285714285714	0.022388059701492536	0.0	0.0
0.0	0.050737207285342575	0.0	0.28125	0.0	0.0	0.0	0.0	0.1908952939757047	0.28218263979328895	0.11584328714763498	0.11288998357963871	1.0	1.0	0.0	0.625
0.0	0.25346620450606583	0.0	0.2647058823529412	0.2941176470588235	0.0	0.0	0.0	0.2147428876210795	0.3591360168672976	0.23162902671099395	0.13793103448275862	0.10714285714285714	0.022388059701492536	0.0	0.0
0.0	0.05056179775280899	0.0	0.0	0.0	0.0	0.0	0.0	0.16698884593165356	0.43607005827739337	0.11572827767913398	0.05321413367390378	1.0	1.0	0.0	0.625
0.0	0.3545454545454545	0.5294117647058824	0.0	0.27777777777777773	0.0	0.0	0.0	0.3578809523809524	0.3847816178377143	0.385952512845982	0.3585967432950191	0.10714285714285714	0.022388059701492536	0.0	0.0
0.0	0.15300784655623365	1.0	0.0	0.0	0.0	0.0	0.0	0.0954858464196778	0.17959103143722915	0.15468830746262943	0.38553639846743293	1.0	1.0	0.0	0.625
0.0	0.051181102362204724	0.0	0.0	0.0	0.0	0.0	0.0	0.04775566484933979	0.05131560506701962	0.07742120892805825	0.43821839080459773	1.0	1.0	0.0	0.625
0.0	0.10218340611353711	0.0	0.0	0.0	0.0	0.4375	0.0	0.11937323294895008	0.12828417669361217	0.1934566553685299	0.7774584929757344	0.25	0.332089552238806	1.0	1.0
0.0	0.25280898876404495	0.0	0.0	0.0	0.0	0.17500000000000002	0.0	0.3101221424444994	0.43607005827739337	0.42433701815682456	0.435823754789272	0.25	0.332089552238806	1.0	1.0
0.0	0.0	0.0	0.0	0.0	0.0	0.4375	0.0	0.04774929317958004	0.12828417669361217	0.11607399322111796	0.37037037037037035	0.25	0.332089552238806	1.0	1.0
0.0	0.35485268630849215	0.0	0.0	0.2941176470588235	0.0	0.2058823529411765	0.0	0.2386032084678661	0.3591360168672976	0.2702338644961596	0.34355044699872295	0.10714285714285714	0.022388059701492536	0.0	0.0
0.0	0.05100261551874455	0.0	0.0	0.0	0.0	0.35000000000000003	0.0	0.07161438481475835	0.17959103143722915	0.11601623059697208	0.47174329501915707	0.25	0.332089552238806	1.0	1.0
0.0	0.051047120418848166	0.0	0.0	0.0	0.0	0.3888888888888889	0.0	0.07161916197337449	0.15393806454697462	0.11604510472106291	0.4611384783798576	0.25	0.332089552238806	1.0	1.0
0.0	0.40519480519480516	0.0	0.0	0.0	0.0	0.19444444444444445	0.0	0.31016349206349203	0.3847816178377143	0.42454776413058015	0.4154693486590039	0.25	0.332089552238806	1.0	1.0
0.0	0.6056945642795513	0.0	0.0	0.0	0.18181818181818182	0.31818181818181823	0.20454545454545456	0.357785542902845	0.4873548170459176	0.5783542926931664	0.6613984674329502	0.25	0.332089552238806	1.0	1.0
0.0	0.10227272727272727	0.0	0.0	0.0	0.0	0.0	0.0	0.07162871820287259	0.10262936782754584	0.07740193073858413	0.38697318007662834	1.0	1.0	0.0	0.625
0.0	0.35516045099739807	0.0	0.0	0.0	0.0	0.21875	0.0	0.26248102921659394	0.3334894953304121	0.4633731485905399	0.6301313628899836	0.25	0.332089552238806	1.0	1.0
0.0	0.25237273511647973	0.0	0.0	0.0	0.0	0.31818181818181823	0.20454545454545456	0.33393317337598866	0.3591014894270757	0.30845562276968874	0.23802681992337169	0.25	0.332089552238806	1.0	1.0
0.0	0.0	0.0	0.0	0.0	0.0	0.0	0.0	0.1908952939757047	0.28218263979328895	0.11584328714763498	0.08004926108374386	1.0	1.0	0.0	0.625
0.0	0.6051724137931034	0.0	0.0	0.0	0.17391304347826086	0.15217391304347827	0.0	0.38161247838022244	0.48734561071990956	0.5782108516483516	0.6253420908593323	0.25	0.332089552238806	1.0	1.0
0.0	0.4566348655680832	0.0	0.0	0.0	0.25	0.21875	0.28125	0.3102048527105201	0.3334894953304121	0.3861442904921166	0.33114395183360695	0.25	0.332089552238806	1.0	1.0
0.0	0.25280898876404495	0.0	0.45000000000000007	0.0	0.4	0.0	0.0	0.3101221424444994	0.35911529965958616	0.19288046279855664	0.09897828863346102	1.0	1.0	0.0	0.625
0.0	0.3033707865168539	0.0	0.0	0.0	0.2	0.17500000000000002	0.0	0.3101221424444994	0.43607005827739337	0.27003264791797926	0.2580885483184334	0.25	0.332089552238806	1.0	1.0
0.0	0.25412684622067766	0.0	0.0	0.7142857142857142	0.0	0.0	0.0	0.21478584765461267	0.28219369035896147	0.19316812940974015	0.15565134099616856	0.10714285714285714	0.022388059701492536	0.0	0.0
0.0	0.3530172413793103	0.0	0.0	0.0	0.17391304347826086	0.15217391304347827	0.1956521739130435	0.38161247838022244	0.4360452003049736	0.3854739010989011	0.2786900200693304	0.25	0.332089552238806	1.0	1.0
0.0	0.5025773195876289	0.0	0.0	0.0	0.0	0.0	0.0	0.5007328935971751	0.615550609257236	0.5776377982770451	0.25747126436781603	1.0	1.0	0.0	0.625
0.0	0.10209424083769633	0.0	0.0	0.0	0.0	0.3888888888888889	0.5	0.09549221596449933	0.1282814134074854	0.11604510472106291	0.32840722495894914	0.0	0.0	0.0	0.0625
0.0	0.10218340611353711	0.0	0.0	0.0	0.0	0.0	0.0	0.11937323294895008	0.12828417669361217	0.11607399322111796	0.3160919540229884	1.0	1.0	0.0	0.625
0.0	0.10227272727272727	0.0	0.0	0.0	0.0	0.5	0.6428571428571429	0.07162871820287259	0.07697179557614665	0.11610289610787619	0.4501915708812261	0.0	0.0	0.0	0.0625
0.0	0.10236220472440945	0.0	0.0	0.0	0.0	0.5833333333333334	0.75	0.07163349727400968	0.05131560506701962	0.11613181339208738	0.42624521072796934	0.0	0.0	0.0	0.0625
0.0	0.05100261551874455	0.0	0.0	0.0	0.0	0.0	0.0	0.16710023123443613	0.17959103143722915	0.27070453805960154	0.3220785440613027	1.0	1.0	0.0	0.625
0.0	0.0	0.0	0.0	0.0	0.0	0.0	0.0	0.07163827698290899	0.05131698685890014	0.0	0.2554278416347382	1.0	1.0	0.0	0.625
0.0	0.05100261551874455	0.0	0.0	0.0	0.0	0.0	0.0	0.0954858464196778	0.15393484082889425	0.11601623059697208	0.1700191570881226	1.0	1.0	0.0	0.625
0.0	0.3036332179930795	0.0	0.0	0.0	0.21052631578947367	0.3684210526315789	0.23684210526315788	0.2862856761930157	0.4104262982912261	0.34727102589565356	0.5335812485913904	0.25	0.332089552238806	1.0	1.0
0.0	0.15221162185602774	0.0	0.0	0.0	0.0	0.0	0.0	0.1670333822287416	0.28218263979328895	0.23168657429526995	0.20867542419266558	1.0	1.0	0.0	0.625
0.0	0.1498719043552519	0.0	0.0	0.0	0.0	0.0	0.0	0.2859996955628282	0.7949860767578697	0.46131014669228865	0.21102729885057472	1.0	1.0	0.0	0.625
0.0	0.0	0.0	0.0	0.0	0.0	0.0	0.0	0.07161438481475835	0.15393484082889425	0.03867207686565736	0.12092911877394635	1.0	1.0	0.0	0.625
0.0	0.10209424083769633	0.0	0.0	0.0	0.0	0.0	0.0	0.09549221596449933	0.15393806454697462	0.15472680629475055	0.18472906403940886	1.0	1.0	0.0	0.625
0.0	0.0	0.0	0.0	0.0	0.0	0.0	0.0	0.04775566484933979	0.07697363789917619	0.07742120892805825	0.17959770114942528	1.0	1.0	0.0	0.625
0.0	0.10156249999999999	0.0	0.0	0.0	0.0	0.0	0.0	0.16704452001511413	0.3078420531774904	0.15449610032115002	0.13631005010315353	1.0	1.0	0.0	0.625
0.0	0.050825369244135526	0.0	0.0	0.0	0.0	0.0	0.0	0.19092075347076679	0.25653934170992715	0.23180175529168817	0.19556194125159646	1.0	1.0	0.0	0.625
0.0	0.05122591943957968	0.0	0.0	0.0	0.0	0.0	0.0	0.047758851321939334	0.05131698685890014	0.038720248361503964	0.10855683269476374	1.0	1.0	0.0	0.625
0.0	0.05047454702329594	0.0	0.20454545454545456	0.0	0.0	0.0	0.0	0.16696658668799433	0.30780015837953895	0.03855695284621109	0.06657088122605365	1.0	1.0	0.0	0.625
0.0	0.3557775847089487	0.0	0.0	0.0	0.2857142857142857	0.25	0.0	0.21478584765461267	0.28219369035896147	0.2704353811736362	0.39272030651341	0.25	0.332089552238806	1.0	1.0
0.0	0.2510729613733905	0.0	0.0	0.0	0.0	0.0	0.0	0.4053281939024777	0.6411870072883914	0.34649682742325794	0.2696728558797524	1.0	1.0	0.0	0.625
0.0	0.3031088082901554	0.0	0.0	0.0	0.0	0.16666666666666666	0.0	0.3816633498697086	0.4617128978457728	0.5013647642679901	0.4834644081468038	0.25	0.332089552238806	1.0	1.0
0.0	0.1020052310374891	0.0	0.0	0.0	0.0	0.0	0.0	0.11935730802459725	0.17959103143722915	0.11601623059697208	0.25862068965517243	1.0	1.0	0.0	0.625
0.0	0.1534090909090909	0.0	0.0	0.0	0.5714285714285714	0.0	0.0	0.0955049576038301	0.10262936782754584	0.11610289610787619	0.4252873563218391	1.0	1.0	0.0	0.625
0.0	0.15314136125654448	0.0	0.0	0.0	0.0	0.0	0.0	0.11936526995562417	0.15393806454697462	0.1934085078684382	0.2134646962233169	1.0	1.0	0.0	0.625
0.0	0.2532467532467532	0.0	0.0	0.0	0.0	0.0	0.0	0.31016349206349203	0.3847816178377143	0.27016675899218734	0.280771072796935	1.0	1.0	0.0	0.625
0.0	0.10209424083769633	0.0	0.0	0.0	0.0	0.3888888888888889	0.0	0.09549221596449933	0.15393806454697462	0.1934085078684382	0.5596606458675424	0.25	0.332089552238806	1.0	1.0
0.0	0.15300784655623365	0.0	0.0	0.0	0.0	0.35000000000000003	0.0	0.11935730802459725	0.17959103143722915	0.15468830746262943	0.6369731800766283	0.25	0.332089552238806	1.0	1.0
0.0	0.051181102362204724	0.0	0.0	0.0	0.0	0.0	0.0	0.07163349727400968	0.07697363789917619	0.11613181339208738	0.4501915708812261	1.0	1.0	0.0	0.625
0.0	0.40484429065743943	0.0	0.0	0.0	0.0	0.0	0.0	0.2862856761930157	0.4104262982912261	0.38585669543961504	0.24059048906919095	1.0	1.0	0.0	0.625
0.0	0.20277296360485267	0.0	0.0	0.0	0.0	0.0	0.0	0.2624635293146527	0.3591360168672976	0.3474435400664909	0.2784163473818646	1.0	1.0	0.0	0.625
0.0	0.05100261551874455	0.0	0.0	0.0	0.0	0.0	0.0	0.0477429232098389	0.17959103143722915	0.15468830746262943	0.14846743295019157	1.0	1.0	0.0	0.625
0.0	0.2029488291413703	0.0	0.0	0.0	0.0	0.0	0.0	0.14317147048177853	0.3334894953304121	0.15445771619684664	0.14641488779419812	1.0	1.0	0.0	0.625
0.0	0.2038327526132404	0.0	0.0	0.0	0.0	0.0	0.0	0.11934934715565676	0.17958734732025497	0.15464982778415615	0.18624946785866323	1.0	1.0	0.0	0.625
0.0	0.0	0.0	0.0	0.0	0.0	0.0	0.0	0.16704452001511413	0.3078420531774904	0.15449610032115002	0.2623047450633657	1.0	1.0	0.0	0.625
0.0	0.10218340611353711	0.0	0.0	0.0	0.0	0.0	0.0	0.11937323294895008	0.12828417669361217	0.07738266214741196	0.3113026819923371	1.0	1.0	0.0	0.625
0.0	0.051181102362204724	0.0	0.0	0.0	0.0	0.0	0.0	0.04775566484933979	0.07697363789917619	0.11613181339208738	0.08141762452107278	1.0	1.0	0.0	0.625
0.0	0.1524761077324066	0.0	0.0	0.0	0.0	0.0	0.0	0.21478584765461267	0.28219369035896147	0.19316812940974015	0.15245849297573436	1.0	1.0	0.0	0.625
0.0	0.10182767624020886	0.0	0.0	0.0	0.0	0.0	0.0	0.19094621975774434	0.23089420252678022	0.1546113672450405	0.13505747126436782	1.0	1.0	0.0	0.625
0.0	0.20312499999999997	0.0	0.0	0.0	0.0	0.0	0.0	0.2863620343116242	0.3078420531774904	0.30899220064230004	0.23725316828765106	1.0	1.0	0.0	0.625
0.0	0.15168539325842695	0.0	0.0	0.0	0.0	0.0	0.0	0.21469994476926885	0.43607005827739337	0.27003264791797926	0.13197105151128144	1.0	1.0	0.0	0.625
0.0	0.25412684622067766	0.0	0.0	0.0	0.2857142857142857	0.0	0.0	0.21478584765461267	0.28219369035896147	0.1545345035277921	0.1516602809706258	1.0	1.0	0.0	0.625
0.0	0.15221162185602774	0.0	0.0	0.0	0.25	0.0	0.0	0.1908952939757047	0.25652921202472734	0.11584328714763498	0.04105090311986863	1.0	1.0	0.0	0.625
0.0	0.5043103448275862	0.0	0.0	0.0	0.17391304347826086	0.0	0.0	0.35776169848145856	0.4103949950975056	0.346926510989011	0.11448640758985586	1.0	1.0	0.0	0.625
0.0	0.30284728213977563	0.0	0.0	0.0	0.18181818181818182	0.31818181818181823	0.20454545454545456	0.28622843432227596	0.4873548170459176	0.26989866992347766	0.2188697318007663	0.25	0.332089552238806	1.0	1.0
0.0	0.3545454545454545	0.0	0.0	0.0	0.2222222222222222	0.0	0.0	0.38173968253968255	0.3847816178377143	0.34735726156138375	0.23587164750957854	1.0	1.0	0.0	0.625
0.0	0.10182767624020886	0.0	0.0	0.0	0.0	0.0	0.0	0.11934138734859022	0.2052389329311572	0.19326420905630057	0.37068965517241387	1.0	1.0	0.0	0.625
0.0	0.3557775847089487	0.0	0.0	0.0	0.2857142857142857	0.5	0.32142857142857145	0.26251603602230433	0.28219369035896147	0.3863362588194803	0.5547573435504469	0.0	0.0	0.0	0.0625
0.0	0.10209424083769633	0.0	0.0	0.0	0.4444444444444444	0.0	0.0	0.11936526995562417	0.15393806454697462	0.07736340314737528	0.11220580186097427	1.0	1.0	0.0	0.625
0.0	0.1527415143603133	0.0	0.0	0.0	0.0	0.0	0.0	0.1432096648183083	0.15392839373991113	0.1546113672450405	0.054597701149425276	1.0	1.0	0.0	0.625
0.0	0.0	0.0	0.0	0.0	0.0	0.0	0.0	0.023879425660969667	0.05131698685890014	0.0	0.01596424010217114	1.0	1.0	0.0	0.625
0.0	0.10209424083769633	0.0	0.0	0.0	0.0	0.0	0.0	0.07161916197337449	0.1282814134074854	0.11604510472106291	0.07799671592775041	1.0	1.0	0.0	0.625
0.0	0.2040104620749782	0.0	0.0	0.0	0.8	0.35000000000000003	0.45000000000000007	0.16710023123443613	0.17959103143722915	0.15468830746262943	0.21192528735632188	0.0	0.0	0.0	0.0625
0.0	0.0	0.0	0.0	0.0	0.0	0.0	0.0	0.023873053991124833	0.1282814134074854	0.0	0.028735632183908046	1.0	1.0	0.0	0.625
0.0	0.051047120418848166	0.0	0.0	0.0	0.0	0.0	0.0	0.14323832394674899	0.15393806454697462	0.1934085078684382	0.17241379310344823	1.0	1.0	0.0	0.625
0.0	0.3049522154648132	0.0	0.0	0.0	0.2857142857142857	0.0	0.0	0.21478584765461267	0.28219369035896147	0.23180175529168817	0.16602809706257982	1.0	1.0	0.0	0.625
0.0	0.15260869565217391	0.0	0.0	0.0	0.0	0.0	0.0	0.16706680004445926	0.2565444068252508	0.15457292583100637	0.18895855102751652	1.0	1.0	0.0	0.625
0.0	0.1524761077324066	0.0	0.0	0.0	0.0	0.0	0.0	0.14319056510307512	0.28219369035896147	0.1545345035277921	0.09339080459770116	1.0	1.0	0.0	0.625
0.0	0.10209424083769633	0.0	0.0	0.0	0.0	0.0	0.0	0.11936526995562417	0.15393806454697462	0.11604510472106291	0.15873015873015872	1.0	1.0	0.0	0.625
0.0	0.1010362694300518	0.0	0.0	0.0	0.0	0.0	0.0	0.21468563430171106	0.35910839441941006	0.07713304065661386	0.03377697116354104	1.0	1.0	0.0	0.625
0.0	0.1017391304347826	0.0	0.0	0.0	0.0	0.0	0.0	0.14320011432382224	0.2565444068252508	0.15457292583100637	0.1637060257749913	1.0	1.0	0.0	0.625
0.0	0.0508695652173913	0.0	0.0	0.0	0.0	0.0	0.0	0.09546674288254815	0.2565444068252508	0.038643231457751594	0.02176941832114246	1.0	1.0	0.0	0.625
0.0	0.05113636363636363	0.0	0.0	0.0	0.0	0.0	0.0	0.0955049576038301	0.10262936782754584	0.15480386147716826	0.1743295019157088	1.0	1.0	0.0	0.625
0.0	0.0	0.0	0.0	0.0	0.0	0.0	0.0	0.023877832424669895	0.05131560506701962	0.03871060446402912	0.10296934865900383	1.0	1.0	0.0	0.625
0.0	0.05122591943957968	0.0	0.0	0.0	0.0	0.0	0.0	0.047758851321939334	0.05131698685890014	0.038720248361503964	0.20753512132822477	1.0	1.0	0.0	0.625
0.0	0.05109170305676856	0.0	0.0	0.0	0.0	0.0	0.0	0.09549858635916007	0.12828417669361217	0.11607399322111796	0.07183908045977012	1.0	1.0	0.0	0.625
0.0	0.0508695652173913	0.0	0.0	0.0	0.0	0.0	0.0	0.1909334857650963	0.2565444068252508	0.11592969437325479	0.19679554162312782	1.0	1.0	0.0	0.625
0.0	0.051181102362204724	0.0	0.0	0.0	0.0	0.0	0.0	0.04775566484933979	0.07697363789917619	0.03871060446402912	0.35440613026819917	1.0	1.0	0.0	0.625
0.0	0.1534090909090909	0.0	0.0	0.0	0.5714285714285714	0.0	0.0	0.0955049576038301	0.10262936782754584	0.11610289610787619	0.09770114942528738	1.0	1.0	0.0	0.625
0.0	0.10245183887915936	0.0	0.0	0.0	0.8	0.0	0.0	0.047758851321939334	0.05131698685890014	0.07744049672300793	0.5268199233716474	1.0	1.0	0.0	0.625
0.0	0.1025416301489921	0.0	0.0	0.0	1.0	0.0	0.0	0.0477620382197988	0.025659414657111124	0.07745979413061398	0.5172413793103448	1.0	1.0	0.0	0.625
0.0	0.304159445407279	0.0	0.0	0.0	0.23529411764705882	0.0	0.0	0.2386032084678661	0.33348304951418106	0.23162902671099395	0.2931034482758621	1.0	1.0	0.0	0.625
0.0	0.1017391304347826	0.0	0.0	0.0	0.0	0.0	0.0	0.16706680004445926	0.23088959771118706	0.23185938874650958	0.181992337164751	1.0	1.0	0.0	0.625
0.0	0.05113636363636363	0.0	0.0	0.0	0.0	0.0	0.0	0.04775247880191505	0.10262936782754584	0.038700965369292066	0.2911877394636015	1.0	1.0	0.0	0.625
0.0	0.1520797227036395	0.0	0.0	0.0	0.0	0.0	0.0	0.16702224592750628	0.3078300821610646	0.11581451335549697	0.10791826309067687	1.0	1.0	0.0	0.625
0.0	0.35485268630849215	0.0	0.0	0.0	0.0	0.0	0.0	0.19088256677429288	0.3591360168672976	0.2702338644961596	0.17113665389527458	1.0	1.0	0.0	0.625
0.0	0.10182767624020886	0.0	0.0	0.0	0.0	0.0	0.0	0.1432096648183083	0.2052389329311572	0.1546113672450405	0.13984674329501917	1.0	1.0	0.0	0.625
0.0	0.1528745644599303	0.0	0.0	0.0	0.0	0.0	0.0	0.14321921658678813	0.20524307741396808	0.15464982778415615	0.3724989357173265	1.0	1.0	0.0	0.625
0.0	0.15300784655623365	0.0	0.0	0.0	0.0	0.0	0.0	0.1432287696295167	0.17959103143722915	0.15468830746262943	0.3508141762452107	1.0	1.0	0.0	0.625
0.0	0.20365535248041772	0.0	0.0	0.0	0.0	0.0	0.0	0.1432096648183083	0.23089420252678022	0.19326420905630057	0.3055555555555556	1.0	1.0	0.0	0.625
0.0	0.2038327526132404	0.0	0.0	0.0	0.0	0.0	0.0	0.14321921658678813	0.20524307741396808	0.19331228473019518	0.2788420604512558	1.0	1.0	0.0	0.625
0.0	0.3049522154648132	0.0	0.0	0.0	0.0	0.25	0.0	0.21478584765461267	0.28219369035896147	0.3090690070555842	0.4350255427841634	0.25	0.332089552238806	1.0	1.0
0.0	0.1534090909090909	0.0	0.0	0.0	0.0	1.0	0.6428571428571429	0.0955049576038301	0.10262936782754584	0.15480386147716826	0.6302681992337165	0.0	0.0	0.0	0.0625
0.0	0.4076655052264808	0.0	0.0	0.0	0.36363636363636365	0.31818181818181823	0.0	0.1909589554490508	0.20524307741396808	0.34796211251435133	0.5374627501064281	0.25	0.332089552238806	1.0	1.0
0.0	0.35516045099739807	0.0	0.28125	0.0	0.0	0.21875	0.0	0.21475720572266777	0.3334894953304121	0.3089154323936933	0.603448275862069	0.25	0.332089552238806	1.0	1.0
0.0	0.10182767624020886	0.0	0.0	0.0	0.0	0.2916666666666667	0.0	0.09547310987887217	0.23089420252678022	0.1546113672450405	0.435823754789272	0.25	0.332089552238806	1.0	1.0
0.0	0.0	0.0	0.0	0.0	0.0	0.5	0.0	0.07162871820287259	0.07697179557614665	0.11610289610787619	0.863984674329502	0.25	0.332089552238806	1.0	1.0
0.0	0.10218340611353711	0.0	0.0	0.0	0.0	0.0	0.0	0.11937323294895008	0.10262706500643513	0.07738266214741196	0.4182630906768837	1.0	1.0	0.0	0.625
0.0	0.1528745644599303	0.0	0.0	0.0	0.0	0.31818181818181823	0.0	0.16708908601791947	0.20524307741396808	0.23197474167623422	0.4182630906768837	0.25	0.332089552238806	1.0	1.0
0.0	0.0	0.0	0.0	0.0	0.0	0.0	0.0	0.11937323294895008	0.12828417669361217	0.03869133107370598	0.1628352490421456	1.0	1.0	0.0	0.625
0.0	0.4558441558441558	0.0	0.0	0.0	0.2222222222222222	0.0	0.0	0.31016349206349203	0.3847816178377143	0.27016675899218734	0.2610153256704981	1.0	1.0	0.0	0.625
0.0	0.2034782608695652	0.0	0.0	0.0	0.0	0.0	0.0	0.1909334857650963	0.2565444068252508	0.23185938874650958	0.3152211772901428	1.0	1.0	0.0	0.625
0.0	0.20436681222707423	0.0	0.0	0.0	0.5	0.875	0.5625	0.09549858635916007	0.12828417669361217	0.1934566553685299	0.7630906768837802	0.0	0.0	0.0	0.0625
0.0	0.20454545454545453	0.0	0.0	0.0	0.5714285714285714	1.0	0.6428571428571429	0.0955049576038301	0.10262936782754584	0.1935048268464603	0.8065134099616857	0.0	0.0	0.0	0.0625
0.0	0.2033014769765421	0.0	0.0	0.0	0.2857142857142857	0.5	0.32142857142857145	0.19092075347076679	0.28219369035896147	0.23180175529168817	0.3504150702426564	0.0	0.0	0.0	0.0625
0.0	0.3545454545454545	0.0	0.0	0.0	0.0	0.19444444444444445	0.25	0.3340222222222222	0.35912911088351657	0.42454776413058015	0.3370450191570881	0.25	0.332089552238806	1.0	1.0
0.0	0.2033014769765421	0.0	0.0	0.0	0.0	0.0	0.0	0.23865094183845853	0.28219369035896147	0.2704353811736362	0.36558109833971897	1.0	1.0	0.0	0.625
0.0	0.25412684622067766	0.0	0.0	0.0	0.0	0.0	0.0	0.23865094183845853	0.28219369035896147	0.1545345035277921	0.22030651340996166	1.0	1.0	0.0	0.625
0.0	0.2038327526132404	0.0	0.0	0.0	0.0	0.0	0.0	0.16708908601791947	0.17958734732025497	0.19331228473019518	0.2788420604512559	1.0	1.0	0.0	0.625
0.0	0.2543478260869565	0.0	0.0	0.0	0.0	0.0	0.0	0.23866685720637038	0.2565444068252508	0.23185938874650958	0.5154998258446535	1.0	1.0	0.0	0.625
0.0	0.25456919060052213	0.0	0.0	0.8333333333333333	0.0	0.2916666666666667	0.0	0.19094621975774434	0.23089420252678022	0.2319170508675607	0.5977011494252874	0.10714285714285714	0.022388059701492536	0.0	0.0
0.0	0.25346620450606583	0.0	0.0	0.0	0.0	0.0	0.0	0.19088256677429288	0.3078300821610646	0.23162902671099395	0.0561941251596424	1.0	1.0	0.0	0.625
0.0	0.15234374999999997	0.0	0.0	0.0	0.0	0.0	0.0	0.2386350285930202	0.28218816497695653	0.19312012540143755	0.45461243737105805	1.0	1.0	0.0	0.625
0.0	0.0	0.0	0.0	0.0	0.0	0.0	0.0	0.21477152573371816	0.28218816497695653	0.19312012540143755	0.24830533451223105	1.0	1.0	0.0	0.625
0.0	0.10112359550561797	0.0	0.0	0.0	0.0	0.0	0.0	0.26241104360688416	0.3334637134536504	0.1543043702388453	0.1601745423584504	1.0	1.0	0.0	0.625
0.0	0.15221162185602774	0.0	0.0	0.0	0.0	0.21875	0.28125	0.21475720572266777	0.28218263979328895	0.23168657429526995	0.30856595511767926	0.25	0.332089552238806	1.0	1.0
0.0	0.20259740259740258	0.0	0.0	0.0	0.0	0.0	0.0	0.23858730158730157	0.33347660392931877	0.192976256422991	0.32567049808429116	1.0	1.0	0.0	0.625
0.0	0.20312499999999997	0.0	0.0	0.0	0.0	0.0	0.0	0.19090802287441616	0.25653427677642265	0.23174415048172503	0.16872973769525493	1.0	1.0	0.0	0.625
0.0	0.10209424083769633	0.0	0.0	0.0	0.0	0.0	0.0	0.14323832394674899	0.15393806454697462	0.11604510472106291	0.32293377120963335	1.0	1.0	0.0	0.625
0.0	0.3044232437120555	0.0	0.0	0.0	0.0	0.0	0.0	0.21475720572266777	0.3078360675618505	0.27030100334448165	0.19362342638204708	1.0	1.0	0.0	0.625
0.0	0.1019163763066202	0.0	0.0	0.0	0.0	0.31818181818181823	0.4090909090909091	0.1909589554490508	0.17958734732025497	0.19331228473019518	0.4938271604938271	0.25	0.332089552238806	1.0	1.0
0.0	0.3536269430051813	0.0	0.0	0.0	0.0	0.16666666666666666	0.0	0.333955431135995	0.41041064613259143	0.46279824393968316	0.4824561403508774	0.25	0.332089552238806	1.0	1.0
0.0	0.20365535248041772	0.0	0.375	0.0	0.0	0.2916666666666667	0.0	0.19094621975774434	0.23089420252678022	0.19326420905630057	0.5086206896551724	0.25	0.332089552238806	1.0	1.0
0.0	0.35516045099739807	0.0	0.0	0.0	0.0	0.21875	0.28125	0.23861911746963085	0.3078360675618505	0.34752986144290493	0.3687739463601532	0.25	0.332089552238806	1.0	1.0
0.0	0.2038327526132404	0.0	0.0	0.0	0.0	0.0	0.0	0.1909589554490508	0.20524307741396808	0.15464982778415615	0.2713920817369093	1.0	1.0	0.0	0.625
0.0	0.15300784655623365	0.0	0.0	0.0	0.0	0.0	0.0	0.16710023123443613	0.17959103143722915	0.15468830746262943	0.3939176245210728	1.0	1.0	0.0	0.625
0.0	0.05100261551874455	0.0	0.0	0.0	0.0	0.0	0.0	0.0954858464196778	0.17959103143722915	0.07734415373131472	0.009578544061302688	1.0	1.0	0.0	0.625
0.0	0.3044232437120555	0.0	0.0	0.3125	0.0	0.0	0.0	0.28634294096355706	0.3334894953304121	0.34752986144290493	0.27367268746579093	0.10714285714285714	0.022388059701492536	0.0	0.0
0.0	0.10156249999999999	0.0	0.0	0.0	0.0	0.23333333333333334	0.0	0.2386350285930202	0.3078420531774904	0.34761622572258755	0.5938697318007662	0.25	0.332089552238806	1.0	1.0
0.0	0.25280898876404495	0.0	0.0	0.0	0.0	0.0	0.0	0.3578332412821148	0.43607005827739337	0.3857609255971133	0.4017667092379737	1.0	1.0	0.0	0.625
0.0	0.0	0.0	0.0	0.0	0.0	0.0	0.0	0.047758851321939334	0.05131698685890014	0.038720248361503964	0.21072796934865898	1.0	1.0	0.0	0.625
0.0	0.5069324090121317	0.5625	0.0	0.0	0.0	0.0	0.0	0.28632385016143935	0.3591360168672976	0.2702338644961596	0.3710089399744572	1.0	1.0	0.0	0.625
0.0	0.1019163763066202	0.9000000000000001	0.0	0.0	0.0	0.0	0.0	0.07160960829339406	0.17958734732025497	0.07732491389207807	0.01170710940825883	1.0	1.0	0.0	0.625
0.0	0.20120378331900257	0.0	0.0	0.0	0.0	0.0	0.0	0.214614110569601	0.5386156424397123	0.23111238204175008	0.10336845466155811	1.0	1.0	0.0	0.625
0.0	0.15051457975986277	0.0	0.0	0.0	0.0	0.0	0.0	0.1907299726232509	0.5385852670152081	0.07698022631157847	0.05214985100042569	1.0	1.0	0.0	0.625
0.0	0.1527415143603133	0.8181818181818182	0.0	0.8333333333333333	0.0	0.0	0.0	0.1432096648183083	0.2052389329311572	0.03865284181126012	0.06513409961685823	0.10714285714285714	0.022388059701492536	0.0	0.0
0.0	0.050649350649350645	0.0	0.0	0.0	0.0	0.0	0.0	0.14315238095238095	0.23086657611252767	0.038595251284598196	0.004190613026819926	1.0	1.0	0.0	0.625
0.0	0.2543478260869565	0.0	0.0	0.0	0.0	0.5384615384615385	0.3461538461538462	0.11933342860318519	0.20523478859712335	0.15457292583100637	0.3535353535353535	0.0	0.0	0.0	0.0625
0.0	0.15221162185602774	0.0	0.0	0.0	0.0	0.0	0.0	0.23861911746963085	0.3334894953304121	0.1930721452460583	0.2846195949644225	1.0	1.0	0.0	0.625
0.0	0.10156249999999999	0.0	0.0	0.0	0.0	0.0	0.0	0.1431810171558121	0.3078420531774904	0.19312012540143755	0.2254641909814323	1.0	1.0	0.0	0.625
0.0	0.3023255813953488	0.0	0.1875	0.0	0.0	0.0	0.0	0.26234109530790856	0.48733640472432144	0.3853783211581377	0.20811563915012185	1.0	1.0	0.0	0.625
0.0	0.05113636363636363	0.0	0.0	0.0	0.0	0.0	0.0	0.07162871820287259	0.07697179557614665	0.11610289610787619	0.29310344827586204	1.0	1.0	0.0	0.625
0.0	0.05113636363636363	0.0	0.0	0.0	0.0	0.0	0.0	0.0	0.07697179557614665	0.0	0.0	1.0	1.0	0.0	0.625
0.0	0.10227272727272727	0.0	0.0	0.0	0.0	0.0	0.0	0.04775247880191505	0.10262936782754584	0.07740193073858413	0.23371647509578541	1.0	1.0	0.0	0.625
0.0	0.2033014769765421	0.0	0.0	0.0	0.0	0.0	0.0	0.16705565928692095	0.2052306444118586	0.11590087764584409	0.15006385696040866	1.0	1.0	0.0	0.625
0.0	0.05078124999999999	0.0	0.0	0.0	0.0	0.0	0.0	0.1193175142965101	0.28218816497695653	0.07724805016057501	0.012525788387857343	1.0	1.0	0.0	0.625
0.0	0.10147441457068515	0.0	0.0	0.0	0.0	0.21875	0.0	0.11930955873481543	0.3334894953304121	0.15445771619684664	0.34619594964422556	0.25	0.332089552238806	1.0	1.0
0.0	0.0509581881533101	0.0	0.0	0.0	0.0	0.0	0.0	0.16708908601791947	0.20524307741396808	0.07732491389207807	0.2873563218390805	1.0	1.0	0.0	0.625
0.0	0.15221162185602774	0.0	0.0	0.0	0.0	0.0	0.0	0.11930955873481543	0.3334894953304121	0.1930721452460583	0.29351395730706076	1.0	1.0	0.0	0.625
0.0	0.05100261551874455	0.0	0.45000000000000007	0.0	0.0	0.0	0.0	0.0954858464196778	0.15393484082889425	0.03867207686565736	0.305316091954023	1.0	1.0	0.0	0.625
0.0	0.05100261551874455	0.0	0.45000000000000007	0.0	0.0	0.0	0.0	0.0954858464196778	0.15393484082889425	0.03867207686565736	0.24305555555555558	1.0	1.0	0.0	0.625
0.0	0.10209424083769633	0.0	0.0	0.0	0.0	0.0	0.0	0.09549221596449933	0.15393806454697462	0.03868170157368764	0.31198686371100165	1.0	1.0	0.0	0.625
0.0	0.15234374999999997	0.0	0.0	0.0	0.0	0.23333333333333334	0.0	0.19090802287441616	0.3078420531774904	0.30899220064230004	0.4752431476569408	0.25	0.332089552238806	1.0	1.0
0.0	0.05100261551874455	0.0	0.0	0.0	0.0	0.0	0.0	0.11935730802459725	0.17959103143722915	0.15468830746262943	0.20833333333333337	1.0	1.0	0.0	0.625
0.0	0.05109170305676856	0.0	0.0	0.0	0.0	0.4375	0.0	0.02387464658979002	0.12828417669361217	0.07738266214741196	0.6449553001277138	0.25	0.332089552238806	1.0	1.0
0.0	0.05069324090121317	0.0	0.0	0.0	0.0	0.2058823529411765	0.0	0.14316192508071968	0.3591360168672976	0.1930241889258283	0.32120051085568335	0.25	0.332089552238806	1.0	1.0
0.0	0.0508695652173913	0.0	0.0	0.0	0.0	0.2692307692307693	0.0	0.11933342860318519	0.2565444068252508	0.15457292583100637	0.3735632183908046	0.25	0.332089552238806	1.0	1.0
0.0	0.05109170305676856	0.0	0.0	0.0	0.0	0.0	0.0	0.02387464658979002	0.12828417669361217	0.03869133107370598	0.1293103448275862	1.0	1.0	0.0	0.625
0.0	0.20137693631669534	0.0	0.0	0.0	0.0	0.0	0.0	0.23847601278133695	0.5386257683079939	0.15411311544182144	0.07621189405297353	1.0	1.0	0.0	0.625
0.0	0.0	0.0	0.0	0.0	0.0	0.0	0.0	0.0477429232098389	0.15393484082889425	0.07734415373131472	0.1317049808429119	1.0	1.0	0.0	0.625
0.0	0.1528745644599303	0.0	0.0	0.0	0.0	0.0	0.0	0.16708908601791947	0.20524307741396808	0.15464982778415615	0.3767560664112388	1.0	1.0	0.0	0.625
0.0	0.2034782608695652	0.0	0.3461538461538462	0.0	0.0	0.0	0.0	0.21480017148573335	0.2565444068252508	0.193216157288758	0.41187739463601536	1.0	1.0	0.0	0.625
0.0	0.05122591943957968	0.0	0.0	0.0	0.0	0.0	0.0	0.047758851321939334	0.05131698685890014	0.07744049672300793	0.140485312899106	1.0	1.0	0.0	0.625
0.0	0.0	0.0	0.0	0.3333333333333333	0.0	0.0	0.0	0.21477152573371816	0.3078420531774904	0.23174415048172503	0.15988800471559092	0.10714285714285714	0.022388059701492536	0.0	0.0
0.0	0.7436440677966102	0.0	0.0	0.11627906976744186	0.0	0.0	0.0	0.6907519214008399	0.9486995958586516	0.7287854051180803	0.21353144565928403	1.0	1.0	0.0	0.625
0.0	0.3025862068965517	0.0	0.0	0.21739130434782608	0.0	0.0	0.0	0.35776169848145856	0.48734561071990956	0.3083791208791209	0.2964787447546068	1.0	1.0	0.0	0.625
0.0	0.4546632124352331	0.0	0.0	0.0	0.0	0.3333333333333333	0.21428571428571427	0.3816633498697086	0.4617128978457728	0.539931284596297	0.645795523290986	0.25	0.332089552238806	1.0	1.0
0.0	0.05122591943957968	0.0	0.0	0.0	0.0	0.0	0.0	0.07163827698290899	0.05131698685890014	0.11616074508451191	0.5172413793103448	1.0	1.0	0.0	0.625
0.0	0.25390625	0.0	0.0	0.0	0.0	0.0	0.0	0.2624985314523222	0.3078420531774904	0.34761622572258755	0.4767167698202181	1.0	1.0	0.0	0.625
0.0	0.1524761077324066	0.0	0.0	0.0	0.0	0.25	0.0	0.23865094183845853	0.28219369035896147	0.2704353811736362	0.5419859514687101	0.25	0.332089552238806	1.0	1.0
0.0	0.20365535248041772	0.0	0.0	0.0	0.0	0.0	0.0	0.2148144972274624	0.23089420252678022	0.11595852543378035	0.22509578544061304	1.0	1.0	0.0	0.625
0.0	0.10165073848827105	0.0	0.0	0.0	0.0	0.0	0.0	0.16705565928692095	0.28219369035896147	0.1545345035277921	0.0726372924648787	1.0	1.0	0.0	0.625
0.0	0.05069324090121317	0.0	0.0	0.0	0.0	0.0	0.0	0.2624635293146527	0.3591360168672976	0.15441935114066263	0.15836526181353763	1.0	1.0	0.0	0.625
0.0	0.15260869565217391	0.0	0.0	0.0	0.0	0.0	0.0	0.1909334857650963	0.2565444068252508	0.11592969437325479	0.22466039707419017	1.0	1.0	0.0	0.625
0.0	0.05100261551874455	0.0	0.0	0.0	0.0	0.0	0.0	0.07161438481475835	0.17959103143722915	0.0	0.0850095785440613	1.0	1.0	0.0	0.625
0.0	0.0	0.0	0.0	0.0	0.0	0.0	0.0	0.0238810191098994	0.025659414657111124	0.0	0.03352490421455938	1.0	1.0	0.0	0.625
0.0	0.19847328244274806	0.0	0.0	0.0	0.0	0.0	0.0	0.4287711090826107	1.0	0.3836659514269981	0.09770114942528738	1.0	1.0	0.0	0.625
0.0	0.1020052310374891	0.0	0.0	0.0	0.0	0.0	0.0	0.1432287696295167	0.17959103143722915	0.15468830746262943	0.16044061302681994	1.0	1.0	0.0	0.625
0.0	0.05100261551874455	0.0	0.0	0.0	0.0	0.0	0.0	0.11935730802459725	0.17959103143722915	0.03867207686565736	0.2203065134099617	1.0	1.0	0.0	0.625
0.0	0.20224719101123595	0.0	0.0	0.0	0.0	0.17500000000000002	0.0	0.28626659302569185	0.43607005827739337	0.3857609255971133	0.4810557684120903	0.25	0.332089552238806	1.0	1.0
0.0	0.05127081507449605	0.0	0.0	0.0	0.0	0.0	0.0	0.0477620382197988	0.025659414657111124	0.03872989706530699	0.028735632183908056	1.0	1.0	0.0	0.625
0.0	0.15168539325842695	0.0	0.0	0.0	0.0	0.17500000000000002	0.0	0.2385554941880765	0.43607005827739337	0.27003264791797926	0.18039591315453385	0.25	0.332089552238806	1.0	1.0
0.0	0.20312499999999997	0.0	0.0	0.0	0.0	0.0	0.0	0.21477152573371816	0.25653427677642265	0.15449610032115002	0.11788977306218684	1.0	1.0	0.0	0.625
0.0	0.1017391304347826	0.0	0.0	0.0	0.0	0.2692307692307693	0.0	0.14320011432382224	0.2565444068252508	0.23185938874650958	0.48502264019505387	0.25	0.332089552238806	1.0	1.0
0.0	0.15260869565217391	0.0	0.0	0.0	0.0	0.2692307692307693	0.0	0.16706680004445926	0.2565444068252508	0.2705026202042612	0.53639846743295	0.25	0.332089552238806	1.0	1.0
0.0	0.05100261551874455	0.0	0.0	0.0	0.0	0.0	0.0	0.16710023123443613	0.17959103143722915	0.03867207686565736	0.3113026819923371	1.0	1.0	0.0	0.625
0.0	0.0	0.0	0.0	0.0	0.0	0.0	0.0	0.023879425660969667	0.05131698685890014	0.0	0.3001277139208174	1.0	1.0	0.0	0.625
0.0	0.3542387543252595	0.0	0.0	0.0	0.0	0.0	0.0	0.31014281587576703	0.4104262982912261	0.19292834771980752	0.2580572458868606	1.0	1.0	0.0	0.625
0.0	0.25412684622067766	0.0	0.0	0.0	0.0	0.0	0.0	0.19092075347076679	0.25653934170992715	0.1545345035277921	0.14766922094508303	1.0	1.0	0.0	0.625
0.0	0.15260869565217391	0.0	0.0	0.7692307692307693	0.0	0.2692307692307693	0.0	0.1909334857650963	0.2565444068252508	0.11592969437325479	0.4362591431556948	0.10714285714285714	0.022388059701492536	0.0	0.0
0.0	0.25280898876404495	0.0	0.0	0.0	0.0	0.17500000000000002	0.0	0.2385554941880765	0.43607005827739337	0.19288046279855664	0.3054491272882077	0.25	0.332089552238806	1.0	1.0
0.0	0.15129310344827585	0.0	0.0	0.0	0.0	0.15217391304347827	0.0	0.33391091858269467	0.48734561071990956	0.346926510989011	0.4219120598430945	0.25	0.332089552238806	1.0	1.0
0.0	0.4546632124352331	0.0	0.0	0.0	0.0	0.16666666666666666	0.0	0.333955431135995	0.4617128978457728	0.42423172361137623	0.544464609800363	0.25	0.332089552238806	1.0	1.0
0.0	0.15234374999999997	0.0	0.0	0.0	0.0	0.23333333333333334	0.0	0.21477152573371816	0.28218816497695653	0.15449610032115002	0.2932508104921898	0.25	0.332089552238806	1.0	1.0
0.0	0.0	0.0	0.0	0.0	0.0	0.3888888888888889	0.0	0.09549221596449933	0.15393806454697462	0.1934085078684382	0.4173508483853312	0.25	0.332089552238806	1.0	1.0
0.0	0.05113636363636363	0.0	0.0	0.0	0.0	0.0	0.0	0.07162871820287259	0.10262936782754584	0.11610289610787619	0.10919540229885058	1.0	1.0	0.0	0.625
0.0	0.25193798449612403	0.0	0.0	0.41666666666666663	0.0	0.0	0.0	0.33388866675552004	0.5386358945396985	0.23122699269488262	0.22901428073841862	0.10714285714285714	0.022388059701492536	0.0	0.0
0.0	0.05122591943957968	0.0	0.0	0.0	0.0	0.0	0.0	0.023879425660969667	0.05131698685890014	0.07744049672300793	0.2490421455938697	1.0	1.0	0.0	0.625
0.0	0.05127081507449605	0.0	0.0	0.0	0.0	0.0	0.0	0.0238810191098994	0.025659414657111124	0.07745979413061398	0.10057471264367816	1.0	1.0	0.0	0.625
0.0	0.15181660899653976	0.0	0.0	0.2631578947368421	0.0	0.0	0.0	0.19085711746201045	0.4104262982912261	0.11575700863188451	0.24284426414243857	1.0	1.0	0.0	0.625
0.0	0.19897959183673466	0.0	0.0	0.0	0.0	0.0	0.0	0.5241582419533288	0.9231266751083145	0.15358011553663728	0.2078802940871906	1.0	1.0	0.0	0.625
0.0	0.10165073848827105	0.0	0.0	0.0	0.0	0.0	0.0	0.14319056510307512	0.28219369035896147	0.038633625881948026	0.0814176245210728	1.0	1.0	0.0	0.625
0.0	0.051047120418848166	0.0	0.0	0.0	0.0	0.0	0.0	0.11936526995562417	0.15393806454697462	0.07736340314737528	0.10536398467432949	1.0	1.0	0.0	0.625
0.0	0.5566608996539791	0.0	0.0	0.5263157894736842	0.0	0.18421052631578946	0.0	0.2624285365102644	0.4104262982912261	0.23151401726376902	0.4248366013071894	0.10714285714285714	0.022388059701492536	0.0	0.0
0.0	0.05100261551874455	0.0	0.0	0.0	0.0	0.0	0.0	0.11935730802459725	0.17959103143722915	0.03867207686565736	0.15804597701149425	1.0	1.0	0.0	0.625
0.0	0.0	0.0	0.0	0.0	0.0	0.35000000000000003	0.0	0.11935730802459725	0.17959103143722915	0.07734415373131472	0.45617816091954017	0.25	0.332089552238806	1.0	1.0
0.0	0.0	0.0	0.0	0.0	0.0	0.0	0.0	0.04775566484933979	0.07697363789917619	0.0	0.2681992337164751	1.0	1.0	0.0	0.625
0.0	0.2033014769765421	0.0	0.0	0.0	0.0	0.25	0.0	0.19092075347076679	0.28219369035896147	0.3090690070555842	0.5036717752234994	0.25	0.332089552238806	1.0	1.0
0.0	0.2536860364267129	0.0	0.0	0.0	0.0	0.21875	0.0	0.23861911746963085	0.3334894953304121	0.34752986144290493	0.5240831964969895	0.25	0.332089552238806	1.0	1.0
0.0	0.0	0.0	0.0	0.0	0.0	0.0	0.0	0.023879425660969667	0.05131698685890014	0.038720248361503964	0.23307790549169854	1.0	1.0	0.0	0.625
0.0	0.0	0.0	0.0	0.0	0.0	0.0	0.0	0.0238810191098994	0.025659414657111124	0.03872989706530699	0.07662835249042145	1.0	1.0	0.0	0.625
0.0	0.2536860364267129	0.0	0.0	0.0	0.0	0.0	0.0	0.26248102921659394	0.3334894953304121	0.27030100334448165	0.4159824849480022	1.0	1.0	0.0	0.625
0.0	0.0	0.0	0.0	0.0	0.0	0.0	0.0	0.047758851321939334	0.05131698685890014	0.0	0.210727969348659	1.0	1.0	0.0	0.625
0.0	0.0	0.0	0.0	0.0	0.0	0.0	0.0	0.0477620382197988	0.025659414657111124	0.0	0.04310344827586207	1.0	1.0	0.0	0.625
0.0	0.05091383812010443	0.0	0.0	0.0	0.0	0.0	0.0	0.16707794228802633	0.23089420252678022	0.03865284181126012	0.264367816091954	1.0	1.0	0.0	0.625
0.0	1.0	0.0	0.0	0.0	0.12121212121212122	0.21212121212121213	0.13636363636363638	0.6197072768501339	0.7693551981126844	0.8074924827769955	0.39457421826721056	0.25	0.332089552238806	1.0	1.0
0.0	0.3542387543252595	0.0	0.0	0.0	0.21052631578947367	0.18421052631578946	0.0	0.3339999555585183	0.4104262982912261	0.38585669543961504	0.4400495830516115	0.25	0.332089552238806	1.0	1.0
0.0	0.25412684622067766	0.0	0.0	0.0	0.0	0.25	0.0	0.21478584765461267	0.28219369035896147	0.23180175529168817	0.4549808429118775	0.25	0.332089552238806	1.0	1.0
0.0	0.1010362694300518	0.0	0.0	0.0	0.0	0.0	0.0	0.2862475124022814	0.43606177198918217	0.23139912196984158	0.22383545069570482	1.0	1.0	0.0	0.625
0.0	0.10165073848827105	0.0	0.0	0.0	0.0	0.25	0.0	0.19092075347076679	0.25653934170992715	0.19316812940974015	0.21950830140485314	0.25	0.332089552238806	1.0	1.0
0.0	0.1020052310374891	0.0	0.0	0.0	0.0	0.35000000000000003	0.0	0.1432287696295167	0.17959103143722915	0.15468830746262943	0.538793103448276	0.25	0.332089552238806	1.0	1.0
0.0	0.10209424083769633	0.0	0.0	0.0	0.0	0.3888888888888889	0.0	0.14323832394674899	0.15393806454697462	0.15472680629475055	0.5377668308702791	0.25	0.332089552238806	1.0	1.0
0.0	0.2033014769765421	0.0	0.0	0.0	0.0	0.0	0.0	0.16705565928692095	0.28219369035896147	0.1545345035277921	0.30970625798212	1.0	1.0	0.0	0.625
0.0	0.20242214532871972	0.0	0.0	0.0	0.0	0.18421052631578946	0.0	0.2862856761930157	0.4104262982912261	0.38585669543961504	0.3775073247689881	0.25	0.332089552238806	1.0	1.0
0.0	0.0	0.0	0.0	0.0	0.0	0.0	0.0	0.0	0.025659414657111124	0.0	0.2681992337164751	1.0	1.0	0.0	0.625
0.0	0.05109170305676856	0.0	0.0	0.0	0.0	0.0	0.0	0.07162393976937005	0.10262706500643513	0.03869133107370598	0.2027458492975734	1.0	1.0	0.0	0.625
0.0	0.15234374999999997	0.0	0.0	0.0	0.0	0.23333333333333334	0.0	0.1431810171558121	0.3078420531774904	0.2703681755620126	0.47524314765694065	0.25	0.332089552238806	1.0	1.0
0.0	0.40484429065743943	0.0	0.0	0.5263157894736842	0.0	0.18421052631578946	0.0	0.2385713968275131	0.4104262982912261	0.34727102589565356	0.4687852152355194	0.10714285714285714	0.022388059701492536	0.0	0.0
0.0	0.1019163763066202	0.0	0.0	0.0	0.0	0.31818181818181823	0.0	0.0954794777245254	0.20524307741396808	0.15464982778415615	0.46402724563644093	0.25	0.332089552238806	1.0	1.0
0.0	0.15234374999999997	0.0	0.0	0.0	0.0	0.23333333333333334	0.0	0.19090802287441616	0.3078420531774904	0.19312012540143755	0.423666371942234	0.25	0.332089552238806	1.0	1.0
0.0	0.15221162185602774	0.0	0.0	0.0	0.0	0.0	0.0	0.1670333822287416	0.3334894953304121	0.11584328714763498	0.16557197591680353	1.0	1.0	0.0	0.625
0.0	0.2038327526132404	0.0	0.0	0.0	0.0	0.31818181818181823	0.0	0.14321921658678813	0.20524307741396808	0.19331228473019518	0.7226479352916135	0.25	0.332089552238806	1.0	1.0
0.0	0.10209424083769633	0.0	0.0	0.0	0.4444444444444444	0.3888888888888889	0.0	0.047746107982249666	0.15393806454697462	0.15472680629475055	0.37356321839080464	0.25	0.332089552238806	1.0	1.0
0.0	0.10182767624020886	0.0	0.0	0.41666666666666663	0.0	0.2916666666666667	0.0	0.09547310987887217	0.23089420252678022	0.1546113672450405	0.39750957854406127	0.10714285714285714	0.022388059701492536	0.0	0.0
0.0	0.1020052310374891	0.0	0.0	0.0	0.0	0.35000000000000003	0.0	0.11935730802459725	0.17959103143722915	0.1933603843282868	0.4501915708812261	0.25	0.332089552238806	1.0	1.0
0.0	0.1527415143603133	0.0	0.0	0.0	0.3333333333333333	0.5833333333333334	0.375	0.09547310987887217	0.23089420252678022	0.1546113672450405	0.37835249042145597	0.0	0.0	0.0	0.0625
0.0	0.0	0.0	0.0	0.0	0.0	0.0	0.0	0.0238810191098994	4.6061383052529645e-07	0.0	0.2825670498084291	1.0	1.0	0.0	0.625
0.0	0.0	0.0	0.0	0.0	0.0	0.0	0.0	0.0	0.05131698685890014	0.0	0.20434227330779053	1.0	1.0	0.0	0.625
0.0	0.0	0.0	0.0	0.0	0.0	0.0	0.0	0.023876239400957525	0.07697179557614665	0.0	0.017241379310344817	1.0	1.0	0.0	0.625
0.0	0.2547909407665505	0.0	0.0	0.0	0.0	0.31818181818181823	0.0	0.16708908601791947	0.20524307741396808	0.3092996555683123	0.40336313324819073	0.25	0.332089552238806	1.0	1.0
0.0	0.1020052310374891	0.0	0.0	0.0	0.0	0.0	0.0	0.11935730802459725	0.17959103143722915	0.07734415373131472	0.3304597701149425	1.0	1.0	0.0	0.625
0.0	0.10218340611353711	0.0	0.0	0.0	0.0	0.0	0.0	0.11937323294895008	0.12828417669361217	0.07738266214741196	0.3544061302681992	1.0	1.0	0.0	0.625
0.0	0.0509581881533101	0.0	0.0	0.0	0.0	0.31818181818181823	0.0	0.0477397388622627	0.20524307741396808	0.11598737083811711	0.35440613026819917	0.25	0.332089552238806	1.0	1.0
0.0	0.1520797227036395	0.0	0.0	0.0	0.0	0.2058823529411765	0.0	0.19088256677429288	0.3591360168672976	0.1930241889258283	0.3805874840357599	0.25	0.332089552238806	1.0	1.0
0.0	0.15221162185602774	0.0	0.0	0.0	0.0	0.0	0.0	0.14317147048177853	0.3334894953304121	0.11584328714763498	0.1772030651340996	1.0	1.0	0.0	0.625
0.0	0.10209424083769633	0.0	0.0	0.0	0.0	0.3888888888888889	0.0	0.11936526995562417	0.15393806454697462	0.1934085078684382	0.7389162561576355	0.25	0.332089552238806	1.0	1.0
0.0	0.10227272727272727	0.0	0.0	0.0	0.0	0.0	0.0	0.07162871820287259	0.10262936782754584	0.07740193073858413	0.0478927203065134	1.0	1.0	0.0	0.625
0.0	0.2029488291413703	0.0	0.0	0.625	0.25	0.4375	0.28125	0.14317147048177853	0.3334894953304121	0.23168657429526995	0.44403393541324576	0.10714285714285714	0.022388059701492536	0.0	0.0
0.0	0.051181102362204724	0.0	0.0	0.0	0.0	0.0	0.0	0.07163349727400968	0.07697363789917619	0.0	0.19636015325670494	1.0	1.0	0.0	0.625
0.0	0.05122591943957968	0.0	0.0	0.0	0.0	0.0	0.0	0.07163827698290899	0.05131698685890014	0.0	0.07982120051085566	1.0	1.0	0.0	0.625
0.0	0.20312499999999997	0.0	0.0	0.0	0.0	0.0	0.0	0.19090802287441616	0.3078420531774904	0.23174415048172503	0.24093722369584436	1.0	1.0	0.0	0.625
0.0	0.1019163763066202	0.0	0.0	0.0	0.0	0.31818181818181823	0.0	0.07160960829339406	0.20524307741396808	0.11598737083811711	0.35972754363558956	0.25	0.332089552238806	1.0	1.0
0.0	0.20277296360485267	0.0	0.0	0.0	0.0	0.2058823529411765	0.0	0.19088256677429288	0.33348304951418106	0.1930241889258283	0.3492975734355045	0.25	0.332089552238806	1.0	1.0
0.0	0.3023255813953488	0.0	0.0	0.0	0.0	0.0	0.0	0.3577378572380572	0.48733640472432144	0.30830265692651015	0.18678160919540232	1.0	1.0	0.0	0.625
0.0	0.15300784655623365	0.0	0.0	0.0	0.0	0.0	0.0	0.11935730802459725	0.12827865022055934	0.11601623059697208	0.0443007662835249	1.0	1.0	0.0	0.625
0.0	0.10182767624020886	0.0	0.0	0.0	0.0	0.0	0.0	0.1432096648183083	0.15392839373991113	0.07730568362252024	0.0689655172413793	1.0	1.0	0.0	0.625
0.0	0.0	0.0	0.0	0.0	0.0	0.0	0.0	0.09544764698785235	0.2052223564876042	0.07722885809842332	0.06294471811713191	1.0	1.0	0.0	0.625
0.0	0.05127081507449605	0.0	0.0	0.0	0.0	0.0	0.0	0.0238810191098994	4.6061383052529645e-07	0.03872989706530699	0.038314176245210725	1.0	1.0	0.0	0.625
0.0	0.3015463917525773	0.0	0.0	0.0	0.0	0.0	0.0	0.33382192906478336	0.5386055169348337	0.38509186551803004	0.1869731800766283	1.0	1.0	0.0	0.625
0.0	0.10182767624020886	0.0	0.0	0.0	0.0	0.0	0.0	0.09547310987887217	0.17958366333553416	0.07730568362252024	0.05363984674329502	1.0	1.0	0.0	0.625
0.0	0.10227272727272727	0.0	0.0	0.0	0.0	0.0	0.0	0.0955049576038301	0.10262936782754584	0.07740193073858413	0.1532567049808429	1.0	1.0	0.0	0.625
0.0	0.2005141388174807	0.0	0.0	0.0	0.0	0.0	0.0	0.3099155596157994	0.5385751426004222	0.307844668329937	0.09407498631636564	1.0	1.0	0.0	0.625
0.0	0.0	0.0	0.0	0.0	0.0	0.0	0.0	0.0955049576038301	0.07697179557614665	0.038700965369292066	0.1111111111111111	1.0	1.0	0.0	0.625
0.0	0.2521551724137931	0.0	0.1956521739130435	0.0	0.0	0.0	0.0	0.33391091858269467	0.48734561071990956	0.42402129120879123	0.20707900018244849	1.0	1.0	0.0	0.625
0.0	0.0	0.0	0.4090909090909091	0.0	0.0	0.0	0.0	0.0954794777245254	0.17958734732025497	0.03866245694603904	0.11174968071519793	1.0	1.0	0.0	0.625
0.0	0.15300784655623365	0.0	0.0	0.0	0.0	0.0	0.0	0.11935730802459725	0.17959103143722915	0.11601623059697208	0.13529693486590036	1.0	1.0	0.0	0.625
0.0	0.05122591943957968	0.0	0.0	0.0	0.0	0.0	0.0	0.047758851321939334	0.025658493429450074	0.07744049672300793	0.17560664112388252	1.0	1.0	0.0	0.625
0.0	0.0	0.0	0.0	0.0	0.0	0.0	0.0	0.047758851321939334	0.05131698685890014	0.0	0.04150702426564496	1.0	1.0	0.0	0.625
0.0	0.10156249999999999	0.0	0.0	0.0	0.0	0.0	0.0	0.1193175142965101	0.25653427677642265	0.15449610032115002	0.188623636899499	1.0	1.0	0.0	0.625
0.0	0.051181102362204724	0.0	0.0	0.0	0.0	0.0	0.0	0.07163349727400968	0.05131560506701962	0.07742120892805825	0.028735632183908056	1.0	1.0	0.0	0.625
0.0	0.05069324090121317	0.0	0.2647058823529412	0.0	0.0	0.0	0.0	0.11930160423393305	0.33348304951418106	0.03860483778516566	0.0957854406130268	1.0	1.0	0.0	0.625
0.0	0.051181102362204724	0.0	0.0	0.0	0.0	0.0	0.0	0.07163349727400968	0.07697363789917619	0.03871060446402912	0.18917624521072798	1.0	1.0	0.0	0.625
0.0	0.0	0.0	0.0	0.0	0.0	0.0	0.0	0.023879425660969667	0.0	0.038720248361503964	0.08620689655172414	1.0	1.0	0.0	0.625
0.0	0.0	0.0	0.0	0.0	0.0	0.0	0.0	0.1431810171558121	0.3078420531774904	0.038624025080287505	0.10020630710285883	1.0	1.0	0.0	0.625
0.0	0.5069324090121317	0.0	0.0	0.0	0.23529411764705882	0.411764705882353	0.2647058823529412	0.28632385016143935	0.3591360168672976	0.5018628912071535	0.462324393358876	0.25	0.332089552238806	1.0	1.0
0.0	0.1019163763066202	0.9000000000000001	0.0	0.0	0.0	0.0	0.0	0.14321921658678813	0.1282758871328287	0.3092996555683123	0.026607066836951885	1.0	1.0	0.0	0.625
0.0	0.7545141874462596	0.0	0.0	0.0	0.15384615384615385	0.13461538461538464	0.0	0.4769202457102244	0.5386156424397123	0.8859307978267087	0.4238505747126436	0.25	0.332089552238806	1.0	1.0
0.0	0.3054830287206266	0.0	0.0	0.0	0.0	0.2916666666666667	0.0	0.16707794228802633	0.15392839373991113	0.347875576301341	0.5105363984674329	0.25	0.332089552238806	1.0	1.0
0.0	0.45348837209302323	0.0	0.0	0.0	0.16666666666666666	0.14583333333333334	0.0	0.3815870477205943	0.51298614963201	0.8092944744320892	0.44540229885057464	0.25	0.332089552238806	1.0	1.0
0.0	0.2040104620749782	0.0	0.0	0.0	0.0	0.7000000000000001	0.9000000000000001	0.11935730802459725	0.12827865022055934	0.27070453805960154	0.45258620689655177	0.0	0.0	0.0	0.0625
0.0	0.20312499999999997	0.0	0.0	0.0	0.26666666666666666	0.23333333333333334	0.3	0.16704452001511413	0.23088038857588875	0.3862402508028751	0.22767462422634835	0.25	0.332089552238806	1.0	1.0
0.0	0.20312499999999997	0.0	0.0	0.0	0.0	0.23333333333333334	0.0	0.19090802287441616	0.2052265003753549	0.4248642758831626	0.41629826112584734	0.25	0.332089552238806	1.0	1.0
0.0	0.10209424083769633	0.0	0.0	0.0	0.0	0.0	0.0	0.16711137793787384	0.1282814134074854	0.2707719110158135	0.07662835249042145	1.0	1.0	0.0	0.625
0.0	0.5004277159965782	0.0	0.0	0.0	0.0	0.109375	0.140625	0.5005661382709471	0.5385548948608053	1.0	0.1992337164750959	1.0	1.0	0.0	0.625
0.0	0.25280898876404495	0.0	0.0	0.0	0.0	0.17500000000000002	0.22500000000000003	0.28626659302569185	0.3078121272477146	0.5014892032762472	0.21338867603235423	0.25	0.332089552238806	1.0	1.0
0.0	0.3031088082901554	0.0	0.0	0.0	0.0	0.3333333333333333	0.21428571428571427	0.2862475124022814	0.33345726856281943	0.578497804924604	0.20114942528735633	0.25	0.332089552238806	1.0	1.0
0.0	0.25412684622067766	0.0	0.0	0.0	0.0	0.0	0.0	0.26251603602230433	0.28219369035896147	0.3863362588194803	0.2498403575989783	1.0	1.0	0.0	0.625
0.0	0.304159445407279	0.0	0.0	0.0	0.23529411764705882	0.0	0.0	0.31018417100822593	0.3591360168672976	0.5404677289923192	0.3243933588761174	1.0	1.0	0.0	0.625
0.0	0.10182767624020886	0.0	0.0	0.0	0.0	0.2916666666666667	0.0	0.19094621975774434	0.2052389329311572	0.38652841811260114	0.27777777777777785	0.25	0.332089552238806	1.0	1.0
0.0	0.20242214532871972	0.0	0.0	0.0	0.0	0.18421052631578946	0.0	0.2385713968275131	0.3078181120040082	0.6559563822473455	0.43892269551498747	0.25	0.332089552238806	1.0	1.0
0.0	0.20277296360485267	0.0	0.0	0.0	0.0	0.2058823529411765	0.0	0.2386032084678661	0.28217711480794805	0.5790725667774849	0.22030651340996166	0.25	0.332089552238806	1.0	1.0
0.0	0.15234374999999997	0.0	0.0	0.0	0.0	0.23333333333333334	0.0	0.1193175142965101	0.2052265003753549	0.3862402508028751	0.26230474506336576	0.25	0.332089552238806	1.0	1.0
0.0	0.0	0.0	0.0	0.0	0.0	0.0	0.0	0.07162393976937005	0.10262706500643513	0.23214798644223592	0.038314176245210725	1.0	1.0	0.0	0.625
0.0	0.10165073848827105	0.0	0.0	0.0	0.0	0.0	0.0	0.16705565928692095	0.23088499306089288	0.3477026329375323	0.06226053639846744	1.0	1.0	0.0	0.625
0.0	0.15142364106988782	0.0	0.0	0.0	0.0	0.15909090909090912	0.0	0.23852369526856332	0.3591014894270757	0.6554681983855887	0.1288314176245211	0.25	0.332089552238806	1.0	1.0
0.0	0.0	0.0	0.0	0.0	0.0	0.0	0.0	0.1432478795387401	0.025655729944904008	0.1934566553685299	5.985959120887402e-18	1.0	1.0	0.0	0.625
0.0	0.25280898876404495	0.0	0.0	0.0	0.0	0.17500000000000002	0.0	0.21469994476926885	0.35911529965958616	0.6557935735150925	0.48052362707535107	0.25	0.332089552238806	1.0	1.0
0.0	0.10209424083769633	0.0	0.0	0.0	0.0	0.0	0.0	0.07161916197337449	0.0769681111285069	0.23209020944212583	0.02463054187192118	1.0	1.0	0.0	0.625
0.0	0.051047120418848166	0.0	0.0	0.0	0.0	0.3888888888888889	0.0	0.09549221596449933	0.1282814134074854	0.2707719110158135	0.4419813902572523	0.25	0.332089552238806	1.0	1.0
0.0	0.0	0.0	0.0	0.0	0.0	0.0	0.0	0.04775247880191505	0.05131422332474748	0.15480386147716826	0.2260536398467433	1.0	1.0	0.0	0.625
0.0	0.20277296360485267	0.0	0.0	0.0	0.0	0.2058823529411765	0.0	0.11930160423393305	0.23087118010171506	0.5018628912071535	0.3173690932311622	0.25	0.332089552238806	1.0	1.0
1.0	0.20418848167539266	0.0	0.0	0.0	0.0	0.0	0.0	0.16711137793787384	0.15393806454697462	0.1934085078684382	0.22988505747126436	1.0	1.0	0.0	0.625
1.0	0.2550130775937227	0.0	0.9000000000000001	0.0	0.4	0.7000000000000001	0.9000000000000001	0.1432287696295167	0.17959103143722915	0.23203246119394416	0.49568965517241376	0.0	0.0	0.0	0.0625
1.0	0.20436681222707423	0.0	0.0	0.0	0.0	0.4375	0.0	0.11937323294895008	0.12828417669361217	0.1934566553685299	0.8253512132822477	0.25	0.332089552238806	1.0	1.0
1.0	0.1020052310374891	0.0	0.0	1.0	0.0	0.35000000000000003	0.0	0.16710023123443613	0.17959103143722915	0.15468830746262943	0.34482758620689663	0.10714285714285714	0.022388059701492536	0.0	0.0
